fight_id,event_id,event_date,fighter_1_id,fighter_2_id,label,raw_prob_f1,fold,settings_rounds_sha256,training_ids_sha256,prior_sha256
08416851-ba82-53b4-8c22-83b14a31462e,44a1db9f-a6fb-556c-8b3b-3cc466e8b47d,2025-04-05,fbb548d0-b3cf-5a4c-baa4-8518279d55fc,286c3351-743c-57a4-9cd7-45e6d509cf56,1,0.49766302108764648,oof_1,06e33ada191190f33b7792939f91743a619960fb2068687ce270a5138f7a7359,0e6c64a1be161db739331026acead085a59091ec2e126a798ce00f66429ce0b4,51cdb46dc180d9de210f86313415016b078ef69225abce037d830f054c885eeb
08e9143e-fe26-5285-baf4-da77d58a168c,44a1db9f-a6fb-556c-8b3b-3cc466e8b47d,2025-04-05,36bd46ca-beaa-55bb-8283-bcff3ace566d,a71e966d-5a72-5fd6-93fb-8a6f9c1679d0,1,0.51289087533950806,oof_1,06e33ada191190f33b7792939f91743a619960fb2068687ce270a5138f7a7359,0e6c64a1be161db739331026acead085a59091ec2e126a798ce00f66429ce0b4,51cdb46dc180d9de210f86313415016b078ef69225abce037d830f054c885eeb
3662ca8b-621a-502f-9508-aa2c3aa8d6cd,44a1db9f-a6fb-556c-8b3b-3cc466e8b47d,2025-04-05,99a9dd47-5a4c-5523-9242-8fa06d879128,05630e35-6b44-54c7-bf15-47f5c660a792,0,0.64292603731155396,oof_1,06e33ada191190f33b7792939f91743a619960fb2068687ce270a5138f7a7359,0e6c64a1be161db739331026acead085a59091ec2e126a798ce00f66429ce0b4,51cdb46dc180d9de210f86313415016b078ef69225abce037d830f054c885eeb
57bd19ee-21d8-5f32-8f9d-a74e0d5e9945,44a1db9f-a6fb-556c-8b3b-3cc466e8b47d,2025-04-05,1e29c3ed-34a3-5085-a5ac-857663042855,9241fbb1-b4fc-5596-b8ad-7f374311f788,1,0.74910855293273926,oof_1,06e33ada191190f33b7792939f91743a619960fb2068687ce270a5138f7a7359,0e6c64a1be161db739331026acead085a59091ec2e126a798ce00f66429ce0b4,51cdb46dc180d9de210f86313415016b078ef69225abce037d830f054c885eeb
6754823c-8c95-5e0f-85c3-45de0f911b14,44a1db9f-a6fb-556c-8b3b-3cc466e8b47d,2025-04-05,01ccba4f-b129-5df9-83e2-9b9351a9c26f,52a3a260-5c92-5875-9e5d-92478589ad6c,0,0.3063579797744751,oof_1,06e33ada191190f33b7792939f91743a619960fb2068687ce270a5138f7a7359,0e6c64a1be161db739331026acead085a59091ec2e126a798ce00f66429ce0b4,51cdb46dc180d9de210f86313415016b078ef69225abce037d830f054c885eeb
6bd0f8db-4920-586d-938a-31554c2c3359,44a1db9f-a6fb-556c-8b3b-3cc466e8b47d,2025-04-05,e82e3406-8474-5ad1-b3bd-3700728bbc62,65570629-af24-54cd-a569-fefa66ad135a,1,0.60944509506225586,oof_1,06e33ada191190f33b7792939f91743a619960fb2068687ce270a5138f7a7359,0e6c64a1be161db739331026acead085a59091ec2e126a798ce00f66429ce0b4,51cdb46dc180d9de210f86313415016b078ef69225abce037d830f054c885eeb
8ac0bdda-b860-5153-99a3-f9a9dd9defd7,44a1db9f-a6fb-556c-8b3b-3cc466e8b47d,2025-04-05,f218094c-4e94-59e8-93cf-64974e407715,d7d9fda2-d8b1-586c-8df5-ec569abf0009,1,0.73555189371109009,oof_1,06e33ada191190f33b7792939f91743a619960fb2068687ce270a5138f7a7359,0e6c64a1be161db739331026acead085a59091ec2e126a798ce00f66429ce0b4,51cdb46dc180d9de210f86313415016b078ef69225abce037d830f054c885eeb
bc3c26e5-63aa-553d-a280-4f39ea760dfb,44a1db9f-a6fb-556c-8b3b-3cc466e8b47d,2025-04-05,d7602871-136d-5010-b00f-dbe6993f1ee5,604a9af2-2ffe-5e0e-8aab-78f705b9ace9,1,0.71913212537765503,oof_1,06e33ada191190f33b7792939f91743a619960fb2068687ce270a5138f7a7359,0e6c64a1be161db739331026acead085a59091ec2e126a798ce00f66429ce0b4,51cdb46dc180d9de210f86313415016b078ef69225abce037d830f054c885eeb
bdc95733-d0a6-56c4-b77f-af223b0f52b2,44a1db9f-a6fb-556c-8b3b-3cc466e8b47d,2025-04-05,96f63432-a8e3-5ca6-948b-e97b1d77cef1,b0714561-c024-5d55-a2ff-28c3e6a9de8f,0,0.45238584280014038,oof_1,06e33ada191190f33b7792939f91743a619960fb2068687ce270a5138f7a7359,0e6c64a1be161db739331026acead085a59091ec2e126a798ce00f66429ce0b4,51cdb46dc180d9de210f86313415016b078ef69225abce037d830f054c885eeb
c1f9bbc4-3925-5b08-8152-a65bb290349a,44a1db9f-a6fb-556c-8b3b-3cc466e8b47d,2025-04-05,bf5230ec-a010-55cc-b4ec-6328d324c47e,5526f2c2-b2a1-5626-8f9d-b7221830cddb,0,0.42488747835159302,oof_1,06e33ada191190f33b7792939f91743a619960fb2068687ce270a5138f7a7359,0e6c64a1be161db739331026acead085a59091ec2e126a798ce00f66429ce0b4,51cdb46dc180d9de210f86313415016b078ef69225abce037d830f054c885eeb
f3508f2b-a498-5372-8b5e-6102a85bdfb1,44a1db9f-a6fb-556c-8b3b-3cc466e8b47d,2025-04-05,87e8a7ad-42a5-543a-8c30-f10db4315e8b,fdadcb07-4a62-5417-8875-18c9ad42952c,1,0.70881575345993042,oof_1,06e33ada191190f33b7792939f91743a619960fb2068687ce270a5138f7a7359,0e6c64a1be161db739331026acead085a59091ec2e126a798ce00f66429ce0b4,51cdb46dc180d9de210f86313415016b078ef69225abce037d830f054c885eeb
0557b07d-fcbb-56d4-9f34-1fa7d6ad59bc,04f3163e-2c1b-51da-b77b-ec412b5fd87a,2025-04-12,25f1d395-e071-5636-abc9-56ba8e08f9fc,8e029f95-dc44-50ce-918a-94c9c5924374,0,0.51770412921905518,oof_1,06e33ada191190f33b7792939f91743a619960fb2068687ce270a5138f7a7359,0e6c64a1be161db739331026acead085a59091ec2e126a798ce00f66429ce0b4,51cdb46dc180d9de210f86313415016b078ef69225abce037d830f054c885eeb
1b9ce891-2092-5774-8d16-3235f8a017be,04f3163e-2c1b-51da-b77b-ec412b5fd87a,2025-04-12,506925c2-7f2d-5fc3-a019-27b916c9fafc,eddcfe9a-edde-5659-a83f-5f0241e3ab95,1,0.53038966655731201,oof_1,06e33ada191190f33b7792939f91743a619960fb2068687ce270a5138f7a7359,0e6c64a1be161db739331026acead085a59091ec2e126a798ce00f66429ce0b4,51cdb46dc180d9de210f86313415016b078ef69225abce037d830f054c885eeb
308dddbf-b136-54f2-8e3f-834907e15f10,04f3163e-2c1b-51da-b77b-ec412b5fd87a,2025-04-12,8f376dcf-34a9-5d3a-97fd-6fcf5cbbb442,2cdec672-3348-5df3-9bfc-f97089294919,1,0.54843103885650635,oof_1,06e33ada191190f33b7792939f91743a619960fb2068687ce270a5138f7a7359,0e6c64a1be161db739331026acead085a59091ec2e126a798ce00f66429ce0b4,51cdb46dc180d9de210f86313415016b078ef69225abce037d830f054c885eeb
3794830a-081c-5f6b-b8ad-db92b1f72caa,04f3163e-2c1b-51da-b77b-ec412b5fd87a,2025-04-12,a1be629f-fcb0-5fe3-8d34-a45af64ba5e5,e2805d4e-34b4-519e-9cc2-025a836fb1ce,0,0.56529843807220459,oof_1,06e33ada191190f33b7792939f91743a619960fb2068687ce270a5138f7a7359,0e6c64a1be161db739331026acead085a59091ec2e126a798ce00f66429ce0b4,51cdb46dc180d9de210f86313415016b078ef69225abce037d830f054c885eeb
4ade2b67-f405-541b-ad42-3a6607a92481,04f3163e-2c1b-51da-b77b-ec412b5fd87a,2025-04-12,7ca4d718-6303-5b26-adf5-02e64fad36a4,dca41af0-be15-5ce7-9967-d38a499e5adf,1,0.75060415267944336,oof_1,06e33ada191190f33b7792939f91743a619960fb2068687ce270a5138f7a7359,0e6c64a1be161db739331026acead085a59091ec2e126a798ce00f66429ce0b4,51cdb46dc180d9de210f86313415016b078ef69225abce037d830f054c885eeb
701ca0b4-f3e4-5f72-b6df-a5d6cad914ca,04f3163e-2c1b-51da-b77b-ec412b5fd87a,2025-04-12,30b6d54a-da31-5d2c-b6e4-318ece40f46c,ee197917-80a9-5169-bcc2-3d2f35ae01f1,0,0.57562196254730225,oof_1,06e33ada191190f33b7792939f91743a619960fb2068687ce270a5138f7a7359,0e6c64a1be161db739331026acead085a59091ec2e126a798ce00f66429ce0b4,51cdb46dc180d9de210f86313415016b078ef69225abce037d830f054c885eeb
77c28afd-f246-5d7f-aa87-756e17af7c6e,04f3163e-2c1b-51da-b77b-ec412b5fd87a,2025-04-12,cd320a8b-729d-5932-a8c4-ceefb3beb0fb,0d8702a4-3358-5995-bf49-41cfb5c811d4,1,0.52532392740249634,oof_1,06e33ada191190f33b7792939f91743a619960fb2068687ce270a5138f7a7359,0e6c64a1be161db739331026acead085a59091ec2e126a798ce00f66429ce0b4,51cdb46dc180d9de210f86313415016b078ef69225abce037d830f054c885eeb
7a9da8d1-401a-5cb7-9c71-0dc00aa57c84,04f3163e-2c1b-51da-b77b-ec412b5fd87a,2025-04-12,59345a2e-8801-5fb5-bbae-dc54f2a2e512,29820283-ce69-5b83-9d9d-0021d752d6a9,0,0.48979675769805908,oof_1,06e33ada191190f33b7792939f91743a619960fb2068687ce270a5138f7a7359,0e6c64a1be161db739331026acead085a59091ec2e126a798ce00f66429ce0b4,51cdb46dc180d9de210f86313415016b078ef69225abce037d830f054c885eeb
8dec66cb-66e5-5f62-bf18-c9d27e6c3a50,04f3163e-2c1b-51da-b77b-ec412b5fd87a,2025-04-12,512eb102-1338-54b0-b79d-ee3fffc29997,771f9425-0f8a-5c40-ac4a-355cad170088,0,0.64070886373519897,oof_1,06e33ada191190f33b7792939f91743a619960fb2068687ce270a5138f7a7359,0e6c64a1be161db739331026acead085a59091ec2e126a798ce00f66429ce0b4,51cdb46dc180d9de210f86313415016b078ef69225abce037d830f054c885eeb
990e4980-208b-5183-aba1-07478ac38175,04f3163e-2c1b-51da-b77b-ec412b5fd87a,2025-04-12,b1e4c3c4-c91e-5725-b8b4-ccfd88e6d756,a923967f-bf08-5afb-92b8-f5be780e5a27,0,0.36911183595657349,oof_1,06e33ada191190f33b7792939f91743a619960fb2068687ce270a5138f7a7359,0e6c64a1be161db739331026acead085a59091ec2e126a798ce00f66429ce0b4,51cdb46dc180d9de210f86313415016b078ef69225abce037d830f054c885eeb
f41cb79b-5505-5f92-9b58-0ccf96a2ba71,04f3163e-2c1b-51da-b77b-ec412b5fd87a,2025-04-12,b76e3de2-a091-579d-9a00-25c2e56783c3,1a823658-f12c-5dca-abef-fb154d6af34e,0,0.62107980251312256,oof_1,06e33ada191190f33b7792939f91743a619960fb2068687ce270a5138f7a7359,0e6c64a1be161db739331026acead085a59091ec2e126a798ce00f66429ce0b4,51cdb46dc180d9de210f86313415016b078ef69225abce037d830f054c885eeb
f8da74a9-44a6-5882-92fc-a2d1d53219bc,04f3163e-2c1b-51da-b77b-ec412b5fd87a,2025-04-12,48eed8e6-2fc1-5dea-9868-e55137f4b804,7096b83b-e332-5c07-8cdf-14507f96bb6c,1,0.53626179695129395,oof_1,06e33ada191190f33b7792939f91743a619960fb2068687ce270a5138f7a7359,0e6c64a1be161db739331026acead085a59091ec2e126a798ce00f66429ce0b4,51cdb46dc180d9de210f86313415016b078ef69225abce037d830f054c885eeb
fce60ae7-eeb6-5270-8cd8-a10d52e9b8dd,04f3163e-2c1b-51da-b77b-ec412b5fd87a,2025-04-12,9f2a976c-4464-5ecd-8ddc-1f21e3670ecb,b93414ee-85f2-5bdc-91e0-2d9e87c2fa48,0,0.41288575530052185,oof_1,06e33ada191190f33b7792939f91743a619960fb2068687ce270a5138f7a7359,0e6c64a1be161db739331026acead085a59091ec2e126a798ce00f66429ce0b4,51cdb46dc180d9de210f86313415016b078ef69225abce037d830f054c885eeb
24fd937d-b274-5cbd-96ee-4dd8db15e757,07f4d6a6-d36d-52e3-9f05-e069b0bfd53b,2025-04-26,0f7d68b9-70e2-5b54-8358-e88b8c1d0ace,945fa86c-afcf-5ba4-b763-ec8f758f29ee,0,0.69882023334503174,oof_1,06e33ada191190f33b7792939f91743a619960fb2068687ce270a5138f7a7359,0e6c64a1be161db739331026acead085a59091ec2e126a798ce00f66429ce0b4,51cdb46dc180d9de210f86313415016b078ef69225abce037d830f054c885eeb
2a0f58fe-2dbc-573a-ad38-9a177a40531a,07f4d6a6-d36d-52e3-9f05-e069b0bfd53b,2025-04-26,051cf07c-02be-5d99-9569-f008c48ec86f,18ab3ad7-476e-5e7d-8e44-d7f7ed63d495,1,0.81214821338653564,oof_1,06e33ada191190f33b7792939f91743a619960fb2068687ce270a5138f7a7359,0e6c64a1be161db739331026acead085a59091ec2e126a798ce00f66429ce0b4,51cdb46dc180d9de210f86313415016b078ef69225abce037d830f054c885eeb
38baa137-4fe5-5ebd-b720-0556f7b6a31b,07f4d6a6-d36d-52e3-9f05-e069b0bfd53b,2025-04-26,6c157abd-68fd-51fc-b606-47ad2d34d8ec,65d5477c-7b53-562d-bc16-8311f50bcc8b,1,0.62742197513580322,oof_1,06e33ada191190f33b7792939f91743a619960fb2068687ce270a5138f7a7359,0e6c64a1be161db739331026acead085a59091ec2e126a798ce00f66429ce0b4,51cdb46dc180d9de210f86313415016b078ef69225abce037d830f054c885eeb
470e6c97-51c9-58e3-8d5e-cc550ebcb3d6,07f4d6a6-d36d-52e3-9f05-e069b0bfd53b,2025-04-26,17e38fdc-958a-5c82-a59f-ccccc2523440,c160c632-b49e-58f8-9671-94839631abb0,1,0.65349811315536499,oof_1,06e33ada191190f33b7792939f91743a619960fb2068687ce270a5138f7a7359,0e6c64a1be161db739331026acead085a59091ec2e126a798ce00f66429ce0b4,51cdb46dc180d9de210f86313415016b078ef69225abce037d830f054c885eeb
4ae858fe-e28b-5e0a-b5dd-8e8c1de9ac75,07f4d6a6-d36d-52e3-9f05-e069b0bfd53b,2025-04-26,f7b24236-4a3d-5dd8-879c-35648719dc93,e3638c92-a8f0-5f54-8411-e55eca63723b,1,0.52272135019302368,oof_1,06e33ada191190f33b7792939f91743a619960fb2068687ce270a5138f7a7359,0e6c64a1be161db739331026acead085a59091ec2e126a798ce00f66429ce0b4,51cdb46dc180d9de210f86313415016b078ef69225abce037d830f054c885eeb
693d16d0-fb9a-5981-a8f7-0a5e0e67f37c,07f4d6a6-d36d-52e3-9f05-e069b0bfd53b,2025-04-26,cb26064a-f192-5fdf-a261-1756de62a566,72d9aece-0475-5fb5-a558-c0ac519028d3,0,0.48065221309661865,oof_1,06e33ada191190f33b7792939f91743a619960fb2068687ce270a5138f7a7359,0e6c64a1be161db739331026acead085a59091ec2e126a798ce00f66429ce0b4,51cdb46dc180d9de210f86313415016b078ef69225abce037d830f054c885eeb
73924bc1-48a8-55a4-875b-56ac08724ca2,07f4d6a6-d36d-52e3-9f05-e069b0bfd53b,2025-04-26,c919578a-94fc-5c5f-b3c5-181a33da7e2d,5c18467f-edf8-59c5-b71d-396f3bc8894f,0,0.41297721862792969,oof_1,06e33ada191190f33b7792939f91743a619960fb2068687ce270a5138f7a7359,0e6c64a1be161db739331026acead085a59091ec2e126a798ce00f66429ce0b4,51cdb46dc180d9de210f86313415016b078ef69225abce037d830f054c885eeb
739f0aed-6965-5384-bba5-229a73770cc2,07f4d6a6-d36d-52e3-9f05-e069b0bfd53b,2025-04-26,c7154f15-1607-5e08-b307-9c089b7219a9,c537a0db-b24e-549e-b3c8-7026eb0cf95b,1,0.65936356782913208,oof_1,06e33ada191190f33b7792939f91743a619960fb2068687ce270a5138f7a7359,0e6c64a1be161db739331026acead085a59091ec2e126a798ce00f66429ce0b4,51cdb46dc180d9de210f86313415016b078ef69225abce037d830f054c885eeb
8b5e5545-fdc5-5c58-bb75-ed92e5d1411a,07f4d6a6-d36d-52e3-9f05-e069b0bfd53b,2025-04-26,61eef600-2211-557a-aaed-f64e93ad2543,5669be42-4cb6-52e8-ae09-3f429d87e970,1,0.69828510284423828,oof_1,06e33ada191190f33b7792939f91743a619960fb2068687ce270a5138f7a7359,0e6c64a1be161db739331026acead085a59091ec2e126a798ce00f66429ce0b4,51cdb46dc180d9de210f86313415016b078ef69225abce037d830f054c885eeb
a3c3965c-126d-5299-bf90-dc9260d1c4d9,07f4d6a6-d36d-52e3-9f05-e069b0bfd53b,2025-04-26,f5c94892-cea5-5439-8514-a8ff14efe55f,6d0eb73f-ebaa-58c0-afd5-39c22957a36f,1,0.76478856801986694,oof_1,06e33ada191190f33b7792939f91743a619960fb2068687ce270a5138f7a7359,0e6c64a1be161db739331026acead085a59091ec2e126a798ce00f66429ce0b4,51cdb46dc180d9de210f86313415016b078ef69225abce037d830f054c885eeb
c43b8398-d0aa-5a14-a150-cbf20bbad887,07f4d6a6-d36d-52e3-9f05-e069b0bfd53b,2025-04-26,156ab68a-e884-5b71-b7ad-f0648a4b46d9,a61e1815-3be4-5e51-ba3b-615b06821482,1,0.60960161685943604,oof_1,06e33ada191190f33b7792939f91743a619960fb2068687ce270a5138f7a7359,0e6c64a1be161db739331026acead085a59091ec2e126a798ce00f66429ce0b4,51cdb46dc180d9de210f86313415016b078ef69225abce037d830f054c885eeb
dad24019-a22d-558b-9fae-8e29b83b0ebd,07f4d6a6-d36d-52e3-9f05-e069b0bfd53b,2025-04-26,886804a2-086c-50e3-8e41-08f8fb6a1b7c,55260b30-afc3-5791-a6a4-6f15ddc6c2f2,1,0.79688233137130737,oof_1,06e33ada191190f33b7792939f91743a619960fb2068687ce270a5138f7a7359,0e6c64a1be161db739331026acead085a59091ec2e126a798ce00f66429ce0b4,51cdb46dc180d9de210f86313415016b078ef69225abce037d830f054c885eeb
ee9e1122-6e10-532f-8599-152ceb1db7f7,07f4d6a6-d36d-52e3-9f05-e069b0bfd53b,2025-04-26,a0169bef-3b85-5e3d-8ddd-698addcfc690,a2857ebc-ab7d-52fe-ac89-1c320c52e7bf,0,0.49606102705001831,oof_1,06e33ada191190f33b7792939f91743a619960fb2068687ce270a5138f7a7359,0e6c64a1be161db739331026acead085a59091ec2e126a798ce00f66429ce0b4,51cdb46dc180d9de210f86313415016b078ef69225abce037d830f054c885eeb
fb33b490-9f6d-56d9-ac0b-0cbcf9857ea3,07f4d6a6-d36d-52e3-9f05-e069b0bfd53b,2025-04-26,65918409-f6ab-5c39-a8e7-fb89cbe7ce4a,a1548ff7-9fb0-5a72-8bfa-c28d032eca14,1,0.49786132574081421,oof_1,06e33ada191190f33b7792939f91743a619960fb2068687ce270a5138f7a7359,0e6c64a1be161db739331026acead085a59091ec2e126a798ce00f66429ce0b4,51cdb46dc180d9de210f86313415016b078ef69225abce037d830f054c885eeb
2bd7820f-b878-56ef-8c26-82acc363a8b4,5775119c-48c3-594c-afc4-d49e3b3cb4eb,2025-05-03,a5f597d7-2e2e-5cc8-94fc-e691e770cd68,e4be2bca-c212-58bd-99ef-045f311967de,0,0.46831792593002319,oof_1,06e33ada191190f33b7792939f91743a619960fb2068687ce270a5138f7a7359,0e6c64a1be161db739331026acead085a59091ec2e126a798ce00f66429ce0b4,51cdb46dc180d9de210f86313415016b078ef69225abce037d830f054c885eeb
2ec8932e-0b95-5381-8314-0938f2d7265a,5775119c-48c3-594c-afc4-d49e3b3cb4eb,2025-05-03,c36899df-df13-5107-94d2-17c3493451de,62b39fa7-dfa3-5701-b6d7-ac0bd0678dd1,0,0.65668797492980957,oof_1,06e33ada191190f33b7792939f91743a619960fb2068687ce270a5138f7a7359,0e6c64a1be161db739331026acead085a59091ec2e126a798ce00f66429ce0b4,51cdb46dc180d9de210f86313415016b078ef69225abce037d830f054c885eeb
4bc789cc-b1a9-5c9e-b715-909cefa70d43,5775119c-48c3-594c-afc4-d49e3b3cb4eb,2025-05-03,053561bb-c3e9-5bfe-9395-ba3afaac7e43,295728e1-a666-5e94-89c7-279982d29536,1,0.74572384357452393,oof_1,06e33ada191190f33b7792939f91743a619960fb2068687ce270a5138f7a7359,0e6c64a1be161db739331026acead085a59091ec2e126a798ce00f66429ce0b4,51cdb46dc180d9de210f86313415016b078ef69225abce037d830f054c885eeb
80c3cb1a-2ead-5a35-bdc4-a94cb4e3916e,5775119c-48c3-594c-afc4-d49e3b3cb4eb,2025-05-03,a8a1ae2f-3de4-52d6-9291-051bafb4617a,d0bdf219-3509-57d4-a0cd-ec0a7764c07b,1,0.74387085437774658,oof_1,06e33ada191190f33b7792939f91743a619960fb2068687ce270a5138f7a7359,0e6c64a1be161db739331026acead085a59091ec2e126a798ce00f66429ce0b4,51cdb46dc180d9de210f86313415016b078ef69225abce037d830f054c885eeb
8364bcb5-3cb4-57ea-8ea6-63d36a372f5f,5775119c-48c3-594c-afc4-d49e3b3cb4eb,2025-05-03,1e7398a9-772f-5756-b968-b9bf8e6419a8,7e91329d-48cc-5970-918a-2c664d9c1ef6,1,0.40034788846969604,oof_1,06e33ada191190f33b7792939f91743a619960fb2068687ce270a5138f7a7359,0e6c64a1be161db739331026acead085a59091ec2e126a798ce00f66429ce0b4,51cdb46dc180d9de210f86313415016b078ef69225abce037d830f054c885eeb
a133f521-f9ce-5148-88c6-139e895293c7,5775119c-48c3-594c-afc4-d49e3b3cb4eb,2025-05-03,37224f86-460c-59ee-a137-6ceb6abf0529,d3dfebbd-cc6c-5c34-affa-ab66dd6732a0,0,0.58323746919631958,oof_1,06e33ada191190f33b7792939f91743a619960fb2068687ce270a5138f7a7359,0e6c64a1be161db739331026acead085a59091ec2e126a798ce00f66429ce0b4,51cdb46dc180d9de210f86313415016b078ef69225abce037d830f054c885eeb
a3e17e8c-c15e-5b1c-9fc7-47ff555ab091,5775119c-48c3-594c-afc4-d49e3b3cb4eb,2025-05-03,fc8ea4b1-2c11-5342-b76c-d76de11ff961,5587cf9d-f4d8-5937-9788-8055a4d48e37,0,0.35506457090377808,oof_1,06e33ada191190f33b7792939f91743a619960fb2068687ce270a5138f7a7359,0e6c64a1be161db739331026acead085a59091ec2e126a798ce00f66429ce0b4,51cdb46dc180d9de210f86313415016b078ef69225abce037d830f054c885eeb
a96d8ae1-ee48-54d8-ae8e-9505c3c50704,5775119c-48c3-594c-afc4-d49e3b3cb4eb,2025-05-03,7e59d6ac-bbd2-5616-9827-3cfd66d478e9,6685bc36-6e6e-5ec0-a5b3-4548a9995364,1,0.58276885747909546,oof_1,06e33ada191190f33b7792939f91743a619960fb2068687ce270a5138f7a7359,0e6c64a1be161db739331026acead085a59091ec2e126a798ce00f66429ce0b4,51cdb46dc180d9de210f86313415016b078ef69225abce037d830f054c885eeb
b4570db1-5719-5808-97b8-d9ff5a8cce50,5775119c-48c3-594c-afc4-d49e3b3cb4eb,2025-05-03,faa3a6a8-a54f-5f3e-a7e4-95c571490027,4a80cd8d-8d59-5ddc-b947-0ac033395b5c,0,0.46044394373893738,oof_1,06e33ada191190f33b7792939f91743a619960fb2068687ce270a5138f7a7359,0e6c64a1be161db739331026acead085a59091ec2e126a798ce00f66429ce0b4,51cdb46dc180d9de210f86313415016b078ef69225abce037d830f054c885eeb
e2e4d60a-7521-5ca8-8b85-4f2926cc8ff6,5775119c-48c3-594c-afc4-d49e3b3cb4eb,2025-05-03,c1a85f84-022d-55f0-9965-a4f9b9a5e310,7d46a861-bbf7-5cc5-becc-ee33b93574c7,1,0.56641948223114014,oof_1,06e33ada191190f33b7792939f91743a619960fb2068687ce270a5138f7a7359,0e6c64a1be161db739331026acead085a59091ec2e126a798ce00f66429ce0b4,51cdb46dc180d9de210f86313415016b078ef69225abce037d830f054c885eeb
eade4bd0-2e05-5c81-a05e-98b93dbd2e3d,5775119c-48c3-594c-afc4-d49e3b3cb4eb,2025-05-03,036c7062-f424-591a-bcb2-b91779d8f8ff,f303950a-f7e6-56fe-80a7-35694f04be76,0,0.68711942434310913,oof_1,06e33ada191190f33b7792939f91743a619960fb2068687ce270a5138f7a7359,0e6c64a1be161db739331026acead085a59091ec2e126a798ce00f66429ce0b4,51cdb46dc180d9de210f86313415016b078ef69225abce037d830f054c885eeb
edcd7c07-c4a1-551d-8a89-d54ed46cf2e3,5775119c-48c3-594c-afc4-d49e3b3cb4eb,2025-05-03,ef928ca1-1687-5572-8e81-9d9eae66e85f,407e3b81-e0a5-551c-98cf-2bf98ad57969,1,0.63887697458267212,oof_1,06e33ada191190f33b7792939f91743a619960fb2068687ce270a5138f7a7359,0e6c64a1be161db739331026acead085a59091ec2e126a798ce00f66429ce0b4,51cdb46dc180d9de210f86313415016b078ef69225abce037d830f054c885eeb
07e87e49-adf2-5a39-8edc-104bed14fc39,022c935f-32d9-5ace-966a-577253023333,2025-05-10,1af6c273-4a38-5756-81d9-787f8daf9657,c668535b-98fb-5125-846f-28e4946ed837,0,0.55548346042633057,oof_1,06e33ada191190f33b7792939f91743a619960fb2068687ce270a5138f7a7359,0e6c64a1be161db739331026acead085a59091ec2e126a798ce00f66429ce0b4,51cdb46dc180d9de210f86313415016b078ef69225abce037d830f054c885eeb
093f3aa3-4ac0-53ef-a3d8-92c457bd3c2a,022c935f-32d9-5ace-966a-577253023333,2025-05-10,d50c0aba-9d55-5906-a710-6bf6decd5839,23610fd3-4616-5dfd-bb39-8315c3301349,0,0.53081828355789185,oof_1,06e33ada191190f33b7792939f91743a619960fb2068687ce270a5138f7a7359,0e6c64a1be161db739331026acead085a59091ec2e126a798ce00f66429ce0b4,51cdb46dc180d9de210f86313415016b078ef69225abce037d830f054c885eeb
094d88cd-2460-5e7a-b91f-138083cf5630,022c935f-32d9-5ace-966a-577253023333,2025-05-10,64c91aed-c202-5c16-8ec0-4fb3c4de543f,f7272638-d01e-504a-9302-3c161cb217df,1,0.54129123687744141,oof_1,06e33ada191190f33b7792939f91743a619960fb2068687ce270a5138f7a7359,0e6c64a1be161db739331026acead085a59091ec2e126a798ce00f66429ce0b4,51cdb46dc180d9de210f86313415016b078ef69225abce037d830f054c885eeb
09ed30e9-9183-5cce-bbdd-28de6f321318,022c935f-32d9-5ace-966a-577253023333,2025-05-10,4a23ffc2-f990-5f4d-a638-82d0f58397c1,4ac6d2c8-56c8-52b1-88f9-ebe5451f8184,1,0.60794717073440552,oof_1,06e33ada191190f33b7792939f91743a619960fb2068687ce270a5138f7a7359,0e6c64a1be161db739331026acead085a59091ec2e126a798ce00f66429ce0b4,51cdb46dc180d9de210f86313415016b078ef69225abce037d830f054c885eeb
6bcda1bb-ad87-59b2-ad9f-bcff5d27059d,022c935f-32d9-5ace-966a-577253023333,2025-05-10,f1e8474a-8f13-514e-aa23-e816b449124e,a98761e4-b493-57e5-ac1b-c2786312df25,0,0.44067046046257019,oof_1,06e33ada191190f33b7792939f91743a619960fb2068687ce270a5138f7a7359,0e6c64a1be161db739331026acead085a59091ec2e126a798ce00f66429ce0b4,51cdb46dc180d9de210f86313415016b078ef69225abce037d830f054c885eeb
7ff16b65-edd2-521d-b85b-4b0dd0415132,022c935f-32d9-5ace-966a-577253023333,2025-05-10,e6b6a3dc-de59-515c-bc15-8c3cac101eca,3aa46e8d-01e9-5328-b829-55ba65145d50,1,0.64858078956604004,oof_1,06e33ada191190f33b7792939f91743a619960fb2068687ce270a5138f7a7359,0e6c64a1be161db739331026acead085a59091ec2e126a798ce00f66429ce0b4,51cdb46dc180d9de210f86313415016b078ef69225abce037d830f054c885eeb
8d4ce8e6-c5a3-5c33-8092-5bcbf2574bb9,022c935f-32d9-5ace-966a-577253023333,2025-05-10,b685c21e-edd9-58ec-8273-6a22146f7ad5,0a712492-b3d4-537d-8822-f9df4a87cc35,0,0.49286141991615295,oof_1,06e33ada191190f33b7792939f91743a619960fb2068687ce270a5138f7a7359,0e6c64a1be161db739331026acead085a59091ec2e126a798ce00f66429ce0b4,51cdb46dc180d9de210f86313415016b078ef69225abce037d830f054c885eeb
bfa9b9ed-ad38-5603-b9b5-a5f2e5ae4042,022c935f-32d9-5ace-966a-577253023333,2025-05-10,d1141647-9966-5410-8ec7-bf9f041091ce,90a2461c-32d0-5ca5-98d2-856e45a9dc57,1,0.48904946446418762,oof_1,06e33ada191190f33b7792939f91743a619960fb2068687ce270a5138f7a7359,0e6c64a1be161db739331026acead085a59091ec2e126a798ce00f66429ce0b4,51cdb46dc180d9de210f86313415016b078ef69225abce037d830f054c885eeb
dedeeeb9-d687-5d13-aece-e13f3865ea17,022c935f-32d9-5ace-966a-577253023333,2025-05-10,67dc21f8-5dbe-5977-a273-697ae70161f1,54e010a4-6193-5d3d-a6f4-94ba4fc2f2f3,0,0.3595656156539917,oof_1,06e33ada191190f33b7792939f91743a619960fb2068687ce270a5138f7a7359,0e6c64a1be161db739331026acead085a59091ec2e126a798ce00f66429ce0b4,51cdb46dc180d9de210f86313415016b078ef69225abce037d830f054c885eeb
eb5fcd2b-3ebd-5da3-a383-f8eb161a51e2,022c935f-32d9-5ace-966a-577253023333,2025-05-10,99376c9c-5a7a-5ce6-a66f-e64630100040,29e2be84-e6f9-564a-91ac-67038549c6ab,1,0.86101126670837402,oof_1,06e33ada191190f33b7792939f91743a619960fb2068687ce270a5138f7a7359,0e6c64a1be161db739331026acead085a59091ec2e126a798ce00f66429ce0b4,51cdb46dc180d9de210f86313415016b078ef69225abce037d830f054c885eeb
ee6e9422-ba96-5860-b2f0-4aea2d2f8c69,022c935f-32d9-5ace-966a-577253023333,2025-05-10,0e6bdbf7-b388-5612-a7b3-f1da80a47c28,f10cbcbd-1d53-5363-9bfc-b1606599ccc9,1,0.8002854585647583,oof_1,06e33ada191190f33b7792939f91743a619960fb2068687ce270a5138f7a7359,0e6c64a1be161db739331026acead085a59091ec2e126a798ce00f66429ce0b4,51cdb46dc180d9de210f86313415016b078ef69225abce037d830f054c885eeb
fad51e02-6d75-55b0-9cb3-097ab5f82953,022c935f-32d9-5ace-966a-577253023333,2025-05-10,b7524837-10c7-5128-a6b2-4738cc3b5a93,d29d9ae3-3a51-549b-afa4-4baa9f0c83d5,1,0.56476634740829468,oof_1,06e33ada191190f33b7792939f91743a619960fb2068687ce270a5138f7a7359,0e6c64a1be161db739331026acead085a59091ec2e126a798ce00f66429ce0b4,51cdb46dc180d9de210f86313415016b078ef69225abce037d830f054c885eeb
24c8e0d0-3c26-58d0-9391-b7c4fb3d6103,d33071b9-0f03-5e5a-b92d-9764de44b87d,2025-05-17,d9a90c79-4d36-5bc3-962b-c7ea1fe273fb,82192e00-b948-5285-81f9-ec2bf478f8dc,0,0.42650642991065979,oof_1,06e33ada191190f33b7792939f91743a619960fb2068687ce270a5138f7a7359,0e6c64a1be161db739331026acead085a59091ec2e126a798ce00f66429ce0b4,51cdb46dc180d9de210f86313415016b078ef69225abce037d830f054c885eeb
36280972-6cfb-51b9-a3bd-52eb49adbf61,d33071b9-0f03-5e5a-b92d-9764de44b87d,2025-05-17,8531c9b8-a99d-59de-a486-64da43cec162,9dcf4e6c-ddf7-5d4f-aef2-658ffe6cc4ae,1,0.50928831100463867,oof_1,06e33ada191190f33b7792939f91743a619960fb2068687ce270a5138f7a7359,0e6c64a1be161db739331026acead085a59091ec2e126a798ce00f66429ce0b4,51cdb46dc180d9de210f86313415016b078ef69225abce037d830f054c885eeb
459fcef1-a429-5d25-9a9d-5b9df65d0a58,d33071b9-0f03-5e5a-b92d-9764de44b87d,2025-05-17,44729fb0-6059-556f-a461-d5ee652dbc60,921d60a1-2982-5290-a061-e07c3b877102,1,0.75151288509368896,oof_1,06e33ada191190f33b7792939f91743a619960fb2068687ce270a5138f7a7359,0e6c64a1be161db739331026acead085a59091ec2e126a798ce00f66429ce0b4,51cdb46dc180d9de210f86313415016b078ef69225abce037d830f054c885eeb
53947856-eb59-52d4-9bd0-082f19e5185e,d33071b9-0f03-5e5a-b92d-9764de44b87d,2025-05-17,babf94ac-8ad3-5ced-9e9b-13095334986a,e1cc47a8-2367-53a1-9d75-70e29c25bb75,1,0.50928384065628052,oof_1,06e33ada191190f33b7792939f91743a619960fb2068687ce270a5138f7a7359,0e6c64a1be161db739331026acead085a59091ec2e126a798ce00f66429ce0b4,51cdb46dc180d9de210f86313415016b078ef69225abce037d830f054c885eeb
67300494-9092-53ef-8006-24d1b6d2b851,d33071b9-0f03-5e5a-b92d-9764de44b87d,2025-05-17,5668c209-69b2-519b-a48d-dd665796239d,4917415c-1190-5ad5-94c9-18c004ff30e4,0,0.62332987785339355,oof_1,06e33ada191190f33b7792939f91743a619960fb2068687ce270a5138f7a7359,0e6c64a1be161db739331026acead085a59091ec2e126a798ce00f66429ce0b4,51cdb46dc180d9de210f86313415016b078ef69225abce037d830f054c885eeb
88fcb18a-4494-5cf7-aad9-1e610bdf8e17,d33071b9-0f03-5e5a-b92d-9764de44b87d,2025-05-17,99a99c5c-841b-5675-b318-d7df41de77f1,03a42351-bbfc-59ad-9df2-bdef589765e8,0,0.3959650993347168,oof_1,06e33ada191190f33b7792939f91743a619960fb2068687ce270a5138f7a7359,0e6c64a1be161db739331026acead085a59091ec2e126a798ce00f66429ce0b4,51cdb46dc180d9de210f86313415016b078ef69225abce037d830f054c885eeb
a3f47ccd-8317-56a1-b570-9f72a7a81de4,d33071b9-0f03-5e5a-b92d-9764de44b87d,2025-05-17,ca9b330b-bb8d-5512-ba99-06b741e93441,09f8f601-ded2-5677-8e1e-0976aefd100d,1,0.56060075759887695,oof_1,06e33ada191190f33b7792939f91743a619960fb2068687ce270a5138f7a7359,0e6c64a1be161db739331026acead085a59091ec2e126a798ce00f66429ce0b4,51cdb46dc180d9de210f86313415016b078ef69225abce037d830f054c885eeb
acb6b96b-2a28-5606-9cb5-a1d191c51cfe,d33071b9-0f03-5e5a-b92d-9764de44b87d,2025-05-17,f37a608d-9406-5d12-bf62-ae0bfb327d22,cb72d261-8fdf-5ceb-8061-38d3734c6c11,1,0.68918567895889282,oof_1,06e33ada191190f33b7792939f91743a619960fb2068687ce270a5138f7a7359,0e6c64a1be161db739331026acead085a59091ec2e126a798ce00f66429ce0b4,51cdb46dc180d9de210f86313415016b078ef69225abce037d830f054c885eeb
b46b4d9f-fd48-5839-aa6a-430622d5e3d1,d33071b9-0f03-5e5a-b92d-9764de44b87d,2025-05-17,311c13af-ece2-561a-addd-3ba962c7f2ba,8a315de9-b6c0-57dc-aace-c2cbfcea76fc,0,0.34837985038757324,oof_1,06e33ada191190f33b7792939f91743a619960fb2068687ce270a5138f7a7359,0e6c64a1be161db739331026acead085a59091ec2e126a798ce00f66429ce0b4,51cdb46dc180d9de210f86313415016b078ef69225abce037d830f054c885eeb
fb3dbe6a-86c0-58f2-9833-927f2c0d2efc,d33071b9-0f03-5e5a-b92d-9764de44b87d,2025-05-17,34bba3eb-58ba-59b7-a014-2c4ed7b60bc3,27051c6b-1728-5d19-8f88-9050cd62f6ae,1,0.73436117172241211,oof_1,06e33ada191190f33b7792939f91743a619960fb2068687ce270a5138f7a7359,0e6c64a1be161db739331026acead085a59091ec2e126a798ce00f66429ce0b4,51cdb46dc180d9de210f86313415016b078ef69225abce037d830f054c885eeb
fdfefee7-7009-5547-a5f0-54158859fd4c,d33071b9-0f03-5e5a-b92d-9764de44b87d,2025-05-17,29820283-ce69-5b83-9d9d-0021d752d6a9,2944c746-7ab7-50b6-a656-abad39141c33,0,0.36858463287353516,oof_1,06e33ada191190f33b7792939f91743a619960fb2068687ce270a5138f7a7359,0e6c64a1be161db739331026acead085a59091ec2e126a798ce00f66429ce0b4,51cdb46dc180d9de210f86313415016b078ef69225abce037d830f054c885eeb
1cd5ab0f-264c-5dda-8acb-15ab1461e369,00fe45d8-7df8-55e5-90b7-426b0f09d7ad,2025-05-31,57b7939f-c270-54c2-84a1-319cad025ddc,b2735b09-979b-5d62-8e38-c47ee63f9865,1,0.47663947939872742,oof_1,06e33ada191190f33b7792939f91743a619960fb2068687ce270a5138f7a7359,0e6c64a1be161db739331026acead085a59091ec2e126a798ce00f66429ce0b4,51cdb46dc180d9de210f86313415016b078ef69225abce037d830f054c885eeb
3e5f67ea-8377-54d2-a2c2-a81a5c9c776f,00fe45d8-7df8-55e5-90b7-426b0f09d7ad,2025-05-31,e2afade8-c976-5168-872b-c43e98b80c7e,04520b1a-923a-54cb-bb8e-dc25172f1709,1,0.6854291558265686,oof_1,06e33ada191190f33b7792939f91743a619960fb2068687ce270a5138f7a7359,0e6c64a1be161db739331026acead085a59091ec2e126a798ce00f66429ce0b4,51cdb46dc180d9de210f86313415016b078ef69225abce037d830f054c885eeb
497c165a-e08f-5a3e-a846-ce88ee29b30b,00fe45d8-7df8-55e5-90b7-426b0f09d7ad,2025-05-31,65d6b02d-024e-5049-b2c2-04dece66d18b,74a68e93-6e51-569a-a3b8-a4c058935760,0,0.73797202110290527,oof_1,06e33ada191190f33b7792939f91743a619960fb2068687ce270a5138f7a7359,0e6c64a1be161db739331026acead085a59091ec2e126a798ce00f66429ce0b4,51cdb46dc180d9de210f86313415016b078ef69225abce037d830f054c885eeb
513b9976-8e43-5fcc-b548-ec0288fa6a30,00fe45d8-7df8-55e5-90b7-426b0f09d7ad,2025-05-31,5f40b21e-3efb-56f1-8b36-d65373f9b0d8,f6b19eae-21e3-59f0-9f1e-0df448448170,1,0.61586719751358032,oof_1,06e33ada191190f33b7792939f91743a619960fb2068687ce270a5138f7a7359,0e6c64a1be161db739331026acead085a59091ec2e126a798ce00f66429ce0b4,51cdb46dc180d9de210f86313415016b078ef69225abce037d830f054c885eeb
9b917880-df18-5d6f-8827-fda39a440c2a,00fe45d8-7df8-55e5-90b7-426b0f09d7ad,2025-05-31,c56c4001-29e7-55c7-b69f-d5501944e4b9,6a34b301-865f-5994-a7e5-cb03230ba6c2,0,0.36122268438339233,oof_1,06e33ada191190f33b7792939f91743a619960fb2068687ce270a5138f7a7359,0e6c64a1be161db739331026acead085a59091ec2e126a798ce00f66429ce0b4,51cdb46dc180d9de210f86313415016b078ef69225abce037d830f054c885eeb
cbac58f8-f626-5565-8afd-6473a9375950,00fe45d8-7df8-55e5-90b7-426b0f09d7ad,2025-05-31,4b7beade-def7-50ff-9acd-e08a42863a71,3d9328ba-d1c6-5aea-93f8-fedb15bd22e9,1,0.52702087163925171,oof_1,06e33ada191190f33b7792939f91743a619960fb2068687ce270a5138f7a7359,0e6c64a1be161db739331026acead085a59091ec2e126a798ce00f66429ce0b4,51cdb46dc180d9de210f86313415016b078ef69225abce037d830f054c885eeb
df19d712-dd3f-5d25-8fba-26d95675750f,00fe45d8-7df8-55e5-90b7-426b0f09d7ad,2025-05-31,c79b5dc6-b48c-5112-af56-5296ab988a2c,8fefaeec-28cf-5a1f-835f-8fa2e25f4770,0,0.67074871063232422,oof_1,06e33ada191190f33b7792939f91743a619960fb2068687ce270a5138f7a7359,0e6c64a1be161db739331026acead085a59091ec2e126a798ce00f66429ce0b4,51cdb46dc180d9de210f86313415016b078ef69225abce037d830f054c885eeb
e0dfd56b-64d1-579c-ba73-382330bcec54,00fe45d8-7df8-55e5-90b7-426b0f09d7ad,2025-05-31,4d435a5d-abe5-53d9-9916-bd357398ebe3,5a08d8f8-f00c-595d-af94-d1ead5ad175a,1,0.43478792905807495,oof_1,06e33ada191190f33b7792939f91743a619960fb2068687ce270a5138f7a7359,0e6c64a1be161db739331026acead085a59091ec2e126a798ce00f66429ce0b4,51cdb46dc180d9de210f86313415016b078ef69225abce037d830f054c885eeb
f7daa333-5df4-564f-9c3b-0029a76795a5,00fe45d8-7df8-55e5-90b7-426b0f09d7ad,2025-05-31,470eb7aa-bd14-5599-9c7c-231141b7bf57,678aa9db-95dc-5ddb-a823-778c32e0172a,0,0.63347923755645752,oof_1,06e33ada191190f33b7792939f91743a619960fb2068687ce270a5138f7a7359,0e6c64a1be161db739331026acead085a59091ec2e126a798ce00f66429ce0b4,51cdb46dc180d9de210f86313415016b078ef69225abce037d830f054c885eeb
017faaf7-64f9-530c-96f6-fd8552976595,55ff15a7-a221-5ce9-9ac2-e9f3ebea4963,2025-06-07,1f6c2124-fdc6-572e-a1e8-35c56edcb66f,1ce4900d-5c80-5c2d-a281-272f4e8c1ee0,0,0.76728981733322144,oof_1,06e33ada191190f33b7792939f91743a619960fb2068687ce270a5138f7a7359,0e6c64a1be161db739331026acead085a59091ec2e126a798ce00f66429ce0b4,51cdb46dc180d9de210f86313415016b078ef69225abce037d830f054c885eeb
0545d050-a0f2-52ba-b2b1-8fff20cb3d58,55ff15a7-a221-5ce9-9ac2-e9f3ebea4963,2025-06-07,243c64b6-7efe-50da-9bf8-0bb6f6fb34d7,26ad9944-0194-5ba9-8744-2471ff01e799,0,0.35432374477386475,oof_1,06e33ada191190f33b7792939f91743a619960fb2068687ce270a5138f7a7359,0e6c64a1be161db739331026acead085a59091ec2e126a798ce00f66429ce0b4,51cdb46dc180d9de210f86313415016b078ef69225abce037d830f054c885eeb
2d10f58e-9c13-502a-bfda-eb5e6b911636,55ff15a7-a221-5ce9-9ac2-e9f3ebea4963,2025-06-07,ec0365a0-98e8-5a80-a3cf-646ed740a866,32d721e3-3976-55bc-a54c-beebd19eaac2,1,0.79598122835159302,oof_1,06e33ada191190f33b7792939f91743a619960fb2068687ce270a5138f7a7359,0e6c64a1be161db739331026acead085a59091ec2e126a798ce00f66429ce0b4,51cdb46dc180d9de210f86313415016b078ef69225abce037d830f054c885eeb
2e3ded2f-5657-5e46-8f87-ca87e03e2c24,55ff15a7-a221-5ce9-9ac2-e9f3ebea4963,2025-06-07,9c3a90ef-5d56-5cf8-878a-e3469b9d2763,d00f4099-816d-5bf6-8077-4137d9a5f19c,1,0.63567513227462769,oof_1,06e33ada191190f33b7792939f91743a619960fb2068687ce270a5138f7a7359,0e6c64a1be161db739331026acead085a59091ec2e126a798ce00f66429ce0b4,51cdb46dc180d9de210f86313415016b078ef69225abce037d830f054c885eeb
3ba5aa99-5872-5575-b0fb-1ef6c7372be3,55ff15a7-a221-5ce9-9ac2-e9f3ebea4963,2025-06-07,ceffeffd-40ed-5ba8-9ba2-28c1f982e5f0,0b5c07a8-ab60-5218-aacf-fbb37163f327,0,0.61014676094055176,oof_1,06e33ada191190f33b7792939f91743a619960fb2068687ce270a5138f7a7359,0e6c64a1be161db739331026acead085a59091ec2e126a798ce00f66429ce0b4,51cdb46dc180d9de210f86313415016b078ef69225abce037d830f054c885eeb
4f40a321-9d8d-5471-828c-df2b73a67a58,55ff15a7-a221-5ce9-9ac2-e9f3ebea4963,2025-06-07,14e8abe2-6789-565f-b317-e6dfddcef904,dd86d918-a235-58e0-9a07-1237e6be16a8,0,0.33749079704284668,oof_1,06e33ada191190f33b7792939f91743a619960fb2068687ce270a5138f7a7359,0e6c64a1be161db739331026acead085a59091ec2e126a798ce00f66429ce0b4,51cdb46dc180d9de210f86313415016b078ef69225abce037d830f054c885eeb
5e581532-2bae-577e-b74e-5418c950ea7f,55ff15a7-a221-5ce9-9ac2-e9f3ebea4963,2025-06-07,bab393ec-7db3-5ba0-9305-f27ae8bcc685,2343c12d-46e1-5bc5-a978-0e7688cb230b,1,0.73292011022567749,oof_1,06e33ada191190f33b7792939f91743a619960fb2068687ce270a5138f7a7359,0e6c64a1be161db739331026acead085a59091ec2e126a798ce00f66429ce0b4,51cdb46dc180d9de210f86313415016b078ef69225abce037d830f054c885eeb
5ffc1d8a-2f64-545a-9e34-5e607a11e628,55ff15a7-a221-5ce9-9ac2-e9f3ebea4963,2025-06-07,a5b4d788-0e80-579f-b675-f34b767fd8e5,ab7fcf35-6b00-5ea0-8afe-810d3ae1702a,1,0.65427422523498535,oof_1,06e33ada191190f33b7792939f91743a619960fb2068687ce270a5138f7a7359,0e6c64a1be161db739331026acead085a59091ec2e126a798ce00f66429ce0b4,51cdb46dc180d9de210f86313415016b078ef69225abce037d830f054c885eeb
70c2146e-40c1-560f-9457-d84fd3d6a913,55ff15a7-a221-5ce9-9ac2-e9f3ebea4963,2025-06-07,b8c2968b-518f-512b-a699-f763b593034e,da32ea28-6fa6-5cc6-b60e-17e46fa47b82,0,0.59131985902786255,oof_1,06e33ada191190f33b7792939f91743a619960fb2068687ce270a5138f7a7359,0e6c64a1be161db739331026acead085a59091ec2e126a798ce00f66429ce0b4,51cdb46dc180d9de210f86313415016b078ef69225abce037d830f054c885eeb
a6aa4124-48de-5f1f-b7c0-229255b3f46d,55ff15a7-a221-5ce9-9ac2-e9f3ebea4963,2025-06-07,d5c3a97b-0f86-583e-bb64-1c9e43049c36,8cad8d9a-c500-5fe1-afc7-e116941e2f0c,0,0.52383369207382202,oof_1,06e33ada191190f33b7792939f91743a619960fb2068687ce270a5138f7a7359,0e6c64a1be161db739331026acead085a59091ec2e126a798ce00f66429ce0b4,51cdb46dc180d9de210f86313415016b078ef69225abce037d830f054c885eeb
a89dd52a-2846-5241-bcec-e1b3d4697176,55ff15a7-a221-5ce9-9ac2-e9f3ebea4963,2025-06-07,805ba04f-9f9c-513c-be74-0f7572a78c68,b4c849f7-4884-5fb4-a1d1-2de72e5a6a22,1,0.64791542291641235,oof_1,06e33ada191190f33b7792939f91743a619960fb2068687ce270a5138f7a7359,0e6c64a1be161db739331026acead085a59091ec2e126a798ce00f66429ce0b4,51cdb46dc180d9de210f86313415016b078ef69225abce037d830f054c885eeb
c8963f2d-2567-50bc-ae64-f7b1651f9b41,55ff15a7-a221-5ce9-9ac2-e9f3ebea4963,2025-06-07,183bf3b3-9c60-57a1-af72-4056b79ac02b,3019935f-7428-5698-b88f-f062db349e0c,0,0.41250267624855042,oof_1,06e33ada191190f33b7792939f91743a619960fb2068687ce270a5138f7a7359,0e6c64a1be161db739331026acead085a59091ec2e126a798ce00f66429ce0b4,51cdb46dc180d9de210f86313415016b078ef69225abce037d830f054c885eeb
ee14d53e-3ab2-5179-802a-060343082e08,55ff15a7-a221-5ce9-9ac2-e9f3ebea4963,2025-06-07,41f87485-7dc2-50e2-a48a-0a36866064e3,7d6a9615-2ecc-519a-ab44-251b8dc6d847,0,0.59930324554443359,oof_1,06e33ada191190f33b7792939f91743a619960fb2068687ce270a5138f7a7359,0e6c64a1be161db739331026acead085a59091ec2e126a798ce00f66429ce0b4,51cdb46dc180d9de210f86313415016b078ef69225abce037d830f054c885eeb
353fae36-a552-5a44-bc09-779676bd46fe,d8188e31-45ad-52d7-80e3-41902a16195c,2025-06-14,609379a0-8163-5233-9d87-9c3eec196ec3,3e3cf138-2065-50f0-b985-89acc29610a6,1,0.53571546077728271,oof_1,06e33ada191190f33b7792939f91743a619960fb2068687ce270a5138f7a7359,0e6c64a1be161db739331026acead085a59091ec2e126a798ce00f66429ce0b4,51cdb46dc180d9de210f86313415016b078ef69225abce037d830f054c885eeb
373107d2-384f-5f4b-851a-8ae16ba9cef4,d8188e31-45ad-52d7-80e3-41902a16195c,2025-06-14,1b8d08d2-5e00-5263-b4bd-37b41ad773a7,bf5230ec-a010-55cc-b4ec-6328d324c47e,1,0.70364475250244141,oof_1,06e33ada191190f33b7792939f91743a619960fb2068687ce270a5138f7a7359,0e6c64a1be161db739331026acead085a59091ec2e126a798ce00f66429ce0b4,51cdb46dc180d9de210f86313415016b078ef69225abce037d830f054c885eeb
3d3248f2-27e9-55fb-bba7-bfa4d77a05f8,d8188e31-45ad-52d7-80e3-41902a16195c,2025-06-14,f7b24236-4a3d-5dd8-879c-35648719dc93,d067cee2-a1fb-5cf2-b61e-5ad138e0f0cc,1,0.69255024194717407,oof_1,06e33ada191190f33b7792939f91743a619960fb2068687ce270a5138f7a7359,0e6c64a1be161db739331026acead085a59091ec2e126a798ce00f66429ce0b4,51cdb46dc180d9de210f86313415016b078ef69225abce037d830f054c885eeb
48bbb6f9-c02d-573b-81ec-7d432bfe6265,d8188e31-45ad-52d7-80e3-41902a16195c,2025-06-14,c7233834-ca4e-5805-9647-fa619f747bc4,ba2204da-b4bd-5b06-8373-192892858d2c,1,0.77012443542480469,oof_1,06e33ada191190f33b7792939f91743a619960fb2068687ce270a5138f7a7359,0e6c64a1be161db739331026acead085a59091ec2e126a798ce00f66429ce0b4,51cdb46dc180d9de210f86313415016b078ef69225abce037d830f054c885eeb
4dbcb3df-b013-5e3a-befc-d8d0957c173d,d8188e31-45ad-52d7-80e3-41902a16195c,2025-06-14,935ef993-3fce-585f-a3ec-0a8f1426a004,554f6fa3-2f6c-561e-a4bb-f7238ddad37d,1,0.68906360864639282,oof_1,06e33ada191190f33b7792939f91743a619960fb2068687ce270a5138f7a7359,0e6c64a1be161db739331026acead085a59091ec2e126a798ce00f66429ce0b4,51cdb46dc180d9de210f86313415016b078ef69225abce037d830f054c885eeb
57e7cc0f-8f3c-5600-be2e-0499d748082a,d8188e31-45ad-52d7-80e3-41902a16195c,2025-06-14,217e3f5d-dc9c-529e-981a-dbba88404d09,340eb8d3-8d23-5183-afb2-4370550803f3,1,0.28404882550239563,oof_1,06e33ada191190f33b7792939f91743a619960fb2068687ce270a5138f7a7359,0e6c64a1be161db739331026acead085a59091ec2e126a798ce00f66429ce0b4,51cdb46dc180d9de210f86313415016b078ef69225abce037d830f054c885eeb
78b6aa10-738f-544e-aa4f-c4a7afdb3fc9,d8188e31-45ad-52d7-80e3-41902a16195c,2025-06-14,20f62d5d-9c30-5d81-8948-d7a50b875cc5,741b1f5e-2ce3-50f5-9fcc-8e24eb374ec1,0,0.41374626755714417,oof_1,06e33ada191190f33b7792939f91743a619960fb2068687ce270a5138f7a7359,0e6c64a1be161db739331026acead085a59091ec2e126a798ce00f66429ce0b4,51cdb46dc180d9de210f86313415016b078ef69225abce037d830f054c885eeb
a02edd7e-0caa-5e62-85d1-1ec28ca829c1,d8188e31-45ad-52d7-80e3-41902a16195c,2025-06-14,d688d65d-4c13-5528-bbb4-99abc7f42d04,73e07249-b1bd-5add-b856-4c34cf47feec,1,0.61812126636505127,oof_1,06e33ada191190f33b7792939f91743a619960fb2068687ce270a5138f7a7359,0e6c64a1be161db739331026acead085a59091ec2e126a798ce00f66429ce0b4,51cdb46dc180d9de210f86313415016b078ef69225abce037d830f054c885eeb
b30ffe37-8e6c-5ab7-8ec6-6ef1b49d912b,d8188e31-45ad-52d7-80e3-41902a16195c,2025-06-14,04b0f39e-febc-5235-bba4-778a6a0c9a7a,e0cd5d4f-e2bb-5098-bd10-2bbfa7489865,0,0.55697053670883179,oof_1,06e33ada191190f33b7792939f91743a619960fb2068687ce270a5138f7a7359,0e6c64a1be161db739331026acead085a59091ec2e126a798ce00f66429ce0b4,51cdb46dc180d9de210f86313415016b078ef69225abce037d830f054c885eeb
c0584ec0-0a0d-56c4-bc9d-1ff7efdab78d,d8188e31-45ad-52d7-80e3-41902a16195c,2025-06-14,404bd1c9-c183-5701-87e2-a55e1d18cec8,c36899df-df13-5107-94d2-17c3493451de,1,0.59795486927032471,oof_1,06e33ada191190f33b7792939f91743a619960fb2068687ce270a5138f7a7359,0e6c64a1be161db739331026acead085a59091ec2e126a798ce00f66429ce0b4,51cdb46dc180d9de210f86313415016b078ef69225abce037d830f054c885eeb
e939515c-1204-5b8b-822a-e577d3f02628,d8188e31-45ad-52d7-80e3-41902a16195c,2025-06-14,76f2a31c-6632-5201-a77a-f3a609e286da,130cd642-2dae-5e9b-8140-29b7dce3cdda,1,0.49852603673934937,oof_1,06e33ada191190f33b7792939f91743a619960fb2068687ce270a5138f7a7359,0e6c64a1be161db739331026acead085a59091ec2e126a798ce00f66429ce0b4,51cdb46dc180d9de210f86313415016b078ef69225abce037d830f054c885eeb
24a4ae04-8758-5bc9-bd25-fe5af0063a4b,672b5ad9-0c6f-57f0-afcc-2189969b4e9a,2025-06-21,dba13edc-53aa-52b0-8b24-fc84c62b57f0,f022c9a9-7e75-5e17-bb36-ab9ad0695dfb,0,0.74074852466583252,oof_1,06e33ada191190f33b7792939f91743a619960fb2068687ce270a5138f7a7359,0e6c64a1be161db739331026acead085a59091ec2e126a798ce00f66429ce0b4,51cdb46dc180d9de210f86313415016b078ef69225abce037d830f054c885eeb
3683f7cb-c8fe-57df-99d9-e6ebe38a3224,672b5ad9-0c6f-57f0-afcc-2189969b4e9a,2025-06-21,b56e389a-c8b5-5641-a270-bac97c533285,59e2f808-b73e-5c33-b845-8a3acc52c897,0,0.47211179137229919,oof_1,06e33ada191190f33b7792939f91743a619960fb2068687ce270a5138f7a7359,0e6c64a1be161db739331026acead085a59091ec2e126a798ce00f66429ce0b4,51cdb46dc180d9de210f86313415016b078ef69225abce037d830f054c885eeb
3a1af1a2-0e7f-5691-a001-bb16f2c53bcc,672b5ad9-0c6f-57f0-afcc-2189969b4e9a,2025-06-21,2910510b-f977-5dbe-a3c2-7a06f842ed72,1f2ca711-b218-5d42-8abd-cd23623abf5f,1,0.55442363023757935,oof_1,06e33ada191190f33b7792939f91743a619960fb2068687ce270a5138f7a7359,0e6c64a1be161db739331026acead085a59091ec2e126a798ce00f66429ce0b4,51cdb46dc180d9de210f86313415016b078ef69225abce037d830f054c885eeb
4765dd0d-fa30-583a-8a0b-9531e8e29f07,672b5ad9-0c6f-57f0-afcc-2189969b4e9a,2025-06-21,9881a37e-266e-5c60-bdf7-ad95e49f5985,12e87268-73fc-5bff-814d-2e14f2beef22,0,0.7291521430015564,oof_1,06e33ada191190f33b7792939f91743a619960fb2068687ce270a5138f7a7359,0e6c64a1be161db739331026acead085a59091ec2e126a798ce00f66429ce0b4,51cdb46dc180d9de210f86313415016b078ef69225abce037d830f054c885eeb
84f861a2-b14c-50f1-9b3b-52fc970495a1,672b5ad9-0c6f-57f0-afcc-2189969b4e9a,2025-06-21,baf4cbdf-a8ab-5faa-82ab-f01bb93e0384,7656d82f-69ae-5658-988b-3c3b4a4a097a,0,0.60935521125793457,oof_1,06e33ada191190f33b7792939f91743a619960fb2068687ce270a5138f7a7359,0e6c64a1be161db739331026acead085a59091ec2e126a798ce00f66429ce0b4,51cdb46dc180d9de210f86313415016b078ef69225abce037d830f054c885eeb
8e328f8c-699b-5d6a-acf7-7b106ef19b26,672b5ad9-0c6f-57f0-afcc-2189969b4e9a,2025-06-21,e855585c-e963-58cc-b005-4658513f38d3,bb1528ff-105a-5528-af03-53018624ae46,1,0.6750374436378479,oof_1,06e33ada191190f33b7792939f91743a619960fb2068687ce270a5138f7a7359,0e6c64a1be161db739331026acead085a59091ec2e126a798ce00f66429ce0b4,51cdb46dc180d9de210f86313415016b078ef69225abce037d830f054c885eeb
9642aa67-9a2b-5d19-96bf-a0f77f616372,672b5ad9-0c6f-57f0-afcc-2189969b4e9a,2025-06-21,11a2dabc-9051-5dff-9e1c-322b746333ef,5c007fc4-aa3a-5d71-bf09-e9e09ca989ad,1,0.75205862522125244,oof_1,06e33ada191190f33b7792939f91743a619960fb2068687ce270a5138f7a7359,0e6c64a1be161db739331026acead085a59091ec2e126a798ce00f66429ce0b4,51cdb46dc180d9de210f86313415016b078ef69225abce037d830f054c885eeb
987d3901-aa41-54d6-adb2-57c06de763c7,672b5ad9-0c6f-57f0-afcc-2189969b4e9a,2025-06-21,d9aa6b4e-2956-52f6-9009-10c40369ddb7,ece6d877-6432-5453-9c50-4e8859355223,0,0.70844078063964844,oof_1,06e33ada191190f33b7792939f91743a619960fb2068687ce270a5138f7a7359,0e6c64a1be161db739331026acead085a59091ec2e126a798ce00f66429ce0b4,51cdb46dc180d9de210f86313415016b078ef69225abce037d830f054c885eeb
afd0d73b-c4b8-575e-afad-4e6e2dc33083,672b5ad9-0c6f-57f0-afcc-2189969b4e9a,2025-06-21,fb8050f0-02b5-50ec-b444-dc358add4edd,15d2cba6-9874-580a-bbda-f4225ef86948,1,0.35938411951065063,oof_1,06e33ada191190f33b7792939f91743a619960fb2068687ce270a5138f7a7359,0e6c64a1be161db739331026acead085a59091ec2e126a798ce00f66429ce0b4,51cdb46dc180d9de210f86313415016b078ef69225abce037d830f054c885eeb
de048e49-5422-514d-8685-dd492ed71801,672b5ad9-0c6f-57f0-afcc-2189969b4e9a,2025-06-21,fd464441-5b9a-593c-a8e8-c2ee93da14e2,f0c0e79b-8fcd-5d0e-8530-b393b2d7c5ea,1,0.57287532091140747,oof_1,06e33ada191190f33b7792939f91743a619960fb2068687ce270a5138f7a7359,0e6c64a1be161db739331026acead085a59091ec2e126a798ce00f66429ce0b4,51cdb46dc180d9de210f86313415016b078ef69225abce037d830f054c885eeb
e3d1bbc4-8b61-58a7-a727-0eb6adf3d265,672b5ad9-0c6f-57f0-afcc-2189969b4e9a,2025-06-21,b7bdb792-01fa-5bf9-a6bb-0a9a8545b86f,441fcf69-d19a-5cd9-9037-40086859091a,1,0.73657232522964478,oof_1,06e33ada191190f33b7792939f91743a619960fb2068687ce270a5138f7a7359,0e6c64a1be161db739331026acead085a59091ec2e126a798ce00f66429ce0b4,51cdb46dc180d9de210f86313415016b078ef69225abce037d830f054c885eeb
f10d5251-181c-5e8b-88cb-07a1a76a0900,672b5ad9-0c6f-57f0-afcc-2189969b4e9a,2025-06-21,66fbaec8-c89d-58d2-b25d-80c260a19b6d,bbdef6b6-d6fa-59b2-9c62-19c6a7ccd2da,1,0.76612484455108643,oof_1,06e33ada191190f33b7792939f91743a619960fb2068687ce270a5138f7a7359,0e6c64a1be161db739331026acead085a59091ec2e126a798ce00f66429ce0b4,51cdb46dc180d9de210f86313415016b078ef69225abce037d830f054c885eeb
383d802b-09b3-5d70-9b2b-874aa61430ce,81d196d9-bf22-552a-9aa6-5ee0680d3572,2025-06-28,1600b449-69c6-524a-a47c-a8692b067628,a300f27c-0aa7-5059-b3c6-e5a921a8fbc3,1,0.67972373962402344,oof_1,06e33ada191190f33b7792939f91743a619960fb2068687ce270a5138f7a7359,0e6c64a1be161db739331026acead085a59091ec2e126a798ce00f66429ce0b4,51cdb46dc180d9de210f86313415016b078ef69225abce037d830f054c885eeb
4ab5799d-9223-573a-aa35-568767a2eacf,81d196d9-bf22-552a-9aa6-5ee0680d3572,2025-06-28,aac3558e-0d93-575f-91de-fb62fc92615a,6b9eab40-37ab-5d89-9a51-dcce3fa41358,0,0.4696899950504303,oof_1,06e33ada191190f33b7792939f91743a619960fb2068687ce270a5138f7a7359,0e6c64a1be161db739331026acead085a59091ec2e126a798ce00f66429ce0b4,51cdb46dc180d9de210f86313415016b078ef69225abce037d830f054c885eeb
4ccec50d-be24-5146-a16d-d1d7550becba,81d196d9-bf22-552a-9aa6-5ee0680d3572,2025-06-28,8f5f5229-f5fc-5e42-98d6-2240406ced61,bb216159-7c98-51c2-95c3-40c80b07b741,0,0.45482426881790161,oof_1,06e33ada191190f33b7792939f91743a619960fb2068687ce270a5138f7a7359,0e6c64a1be161db739331026acead085a59091ec2e126a798ce00f66429ce0b4,51cdb46dc180d9de210f86313415016b078ef69225abce037d830f054c885eeb
562b665a-beb6-5464-ad7b-c022133d2bed,81d196d9-bf22-552a-9aa6-5ee0680d3572,2025-06-28,09cd8b8a-61ba-5644-a413-8631dae4b3e5,26ad9944-0194-5ba9-8744-2471ff01e799,0,0.36288142204284668,oof_1,06e33ada191190f33b7792939f91743a619960fb2068687ce270a5138f7a7359,0e6c64a1be161db739331026acead085a59091ec2e126a798ce00f66429ce0b4,51cdb46dc180d9de210f86313415016b078ef69225abce037d830f054c885eeb
75a6eaaa-cb03-590a-8b4e-0b0fd15ff18f,81d196d9-bf22-552a-9aa6-5ee0680d3572,2025-06-28,5d82280c-c367-5931-8c0a-174f7419fa40,2fa5b427-3356-54cc-afcb-c6e7adf36dd1,1,0.80045878887176514,oof_1,06e33ada191190f33b7792939f91743a619960fb2068687ce270a5138f7a7359,0e6c64a1be161db739331026acead085a59091ec2e126a798ce00f66429ce0b4,51cdb46dc180d9de210f86313415016b078ef69225abce037d830f054c885eeb
b11ee1cc-125f-5870-a84a-3c728becd7f7,81d196d9-bf22-552a-9aa6-5ee0680d3572,2025-06-28,07d3e0c2-ca0d-5ac2-8cdd-58fd2a1e7623,8670e015-4c7c-5d92-94b1-b56cd5eef78f,1,0.53928232192993164,oof_1,06e33ada191190f33b7792939f91743a619960fb2068687ce270a5138f7a7359,0e6c64a1be161db739331026acead085a59091ec2e126a798ce00f66429ce0b4,51cdb46dc180d9de210f86313415016b078ef69225abce037d830f054c885eeb
c0cc1efe-53a4-5fbb-a59c-f27c65b965fb,81d196d9-bf22-552a-9aa6-5ee0680d3572,2025-06-28,ae548665-dc72-5f63-b9cd-a228426ebc47,82cb2606-330f-554d-b0c7-ee2f024bc5d8,0,0.45493718981742859,oof_1,06e33ada191190f33b7792939f91743a619960fb2068687ce270a5138f7a7359,0e6c64a1be161db739331026acead085a59091ec2e126a798ce00f66429ce0b4,51cdb46dc180d9de210f86313415016b078ef69225abce037d830f054c885eeb
cd9c9f3d-6500-5cbd-8c72-e77bf43b3b0c,81d196d9-bf22-552a-9aa6-5ee0680d3572,2025-06-28,fe803c88-b604-587c-9811-a07552a4f45a,c548011c-5453-5d20-9a0e-f709c1223191,1,0.62907260656356812,oof_1,06e33ada191190f33b7792939f91743a619960fb2068687ce270a5138f7a7359,0e6c64a1be161db739331026acead085a59091ec2e126a798ce00f66429ce0b4,51cdb46dc180d9de210f86313415016b078ef69225abce037d830f054c885eeb
e4502afe-b047-5f40-aed8-26ddb38ae979,81d196d9-bf22-552a-9aa6-5ee0680d3572,2025-06-28,660a25e8-4298-57e4-a9a9-02da929f4391,5a2b65de-1091-5fc4-b1fd-f10ab99e7805,1,0.7350807785987854,oof_1,06e33ada191190f33b7792939f91743a619960fb2068687ce270a5138f7a7359,0e6c64a1be161db739331026acead085a59091ec2e126a798ce00f66429ce0b4,51cdb46dc180d9de210f86313415016b078ef69225abce037d830f054c885eeb
eb567399-07a5-5640-aeb6-81f6d7d983e0,81d196d9-bf22-552a-9aa6-5ee0680d3572,2025-06-28,e6c65725-19ca-5b78-9014-34a188ffed76,2de69ae1-e29b-515b-a837-0b7bcd09294c,1,0.80712401866912842,oof_1,06e33ada191190f33b7792939f91743a619960fb2068687ce270a5138f7a7359,0e6c64a1be161db739331026acead085a59091ec2e126a798ce00f66429ce0b4,51cdb46dc180d9de210f86313415016b078ef69225abce037d830f054c885eeb
f687fec9-1132-52ff-a1eb-67fa1267e613,81d196d9-bf22-552a-9aa6-5ee0680d3572,2025-06-28,4fbba21a-64cb-5408-a225-03c6482e7418,60b37a9f-41e1-5078-a8d8-ae8f11d9b644,0,0.42224645614624023,oof_1,06e33ada191190f33b7792939f91743a619960fb2068687ce270a5138f7a7359,0e6c64a1be161db739331026acead085a59091ec2e126a798ce00f66429ce0b4,51cdb46dc180d9de210f86313415016b078ef69225abce037d830f054c885eeb
069a088c-5972-5eb4-9bc8-efbf6f434f71,49500410-b521-5cb2-8037-9f1af5b3f4af,2025-07-12,501e8467-7ef7-5adb-b4dc-1d677862b975,2d633fbd-197f-5f55-aa55-b46f67dd047a,0,0.55435740947723389,oof_2,06e33ada191190f33b7792939f91743a619960fb2068687ce270a5138f7a7359,d3ea21e89105997043c81fafa56ab71a2e4959702d3f0479a96f26ed5f75b839,723a6ed014d5e10b7efc97f3e3f14f01878c749784f69570ca202dbac5bcd751
2abdd69d-c523-5742-8bb7-c92324b00893,49500410-b521-5cb2-8037-9f1af5b3f4af,2025-07-12,8dbd3137-274e-5bd5-82f5-5a0176286259,7136a5bf-ea97-5886-b85f-74589032229f,0,0.78674608469009399,oof_2,06e33ada191190f33b7792939f91743a619960fb2068687ce270a5138f7a7359,d3ea21e89105997043c81fafa56ab71a2e4959702d3f0479a96f26ed5f75b839,723a6ed014d5e10b7efc97f3e3f14f01878c749784f69570ca202dbac5bcd751
3640260c-e34b-52ad-a1a1-0cc89ec72fa3,49500410-b521-5cb2-8037-9f1af5b3f4af,2025-07-12,ff4dd3b0-ce2a-5d77-a5c0-0f8a92ba7646,f4369173-d4d0-5a1a-b58f-64690f9837ec,0,0.56551802158355713,oof_2,06e33ada191190f33b7792939f91743a619960fb2068687ce270a5138f7a7359,d3ea21e89105997043c81fafa56ab71a2e4959702d3f0479a96f26ed5f75b839,723a6ed014d5e10b7efc97f3e3f14f01878c749784f69570ca202dbac5bcd751
3a649b54-5525-56b1-8315-3cab57744773,49500410-b521-5cb2-8037-9f1af5b3f4af,2025-07-12,f5523395-8228-5424-b190-e0e8c44977b5,5677e09c-ed77-5104-8f51-960acfa189cb,0,0.34732428193092346,oof_2,06e33ada191190f33b7792939f91743a619960fb2068687ce270a5138f7a7359,d3ea21e89105997043c81fafa56ab71a2e4959702d3f0479a96f26ed5f75b839,723a6ed014d5e10b7efc97f3e3f14f01878c749784f69570ca202dbac5bcd751
55a0741f-db0a-5203-8bac-ec143979d2ae,49500410-b521-5cb2-8037-9f1af5b3f4af,2025-07-12,92fa95cc-048b-5d21-89c6-044c92562649,773e707f-78a4-57ef-a838-55048376f54b,1,0.80717605352401733,oof_2,06e33ada191190f33b7792939f91743a619960fb2068687ce270a5138f7a7359,d3ea21e89105997043c81fafa56ab71a2e4959702d3f0479a96f26ed5f75b839,723a6ed014d5e10b7efc97f3e3f14f01878c749784f69570ca202dbac5bcd751
5c30e4a4-3d04-574a-ad94-02259eba1a56,49500410-b521-5cb2-8037-9f1af5b3f4af,2025-07-12,9711d461-d15f-5e44-8ea9-d4a95a1303b5,24120041-ba65-5283-a577-b1132c5be3bf,0,0.25903290510177612,oof_2,06e33ada191190f33b7792939f91743a619960fb2068687ce270a5138f7a7359,d3ea21e89105997043c81fafa56ab71a2e4959702d3f0479a96f26ed5f75b839,723a6ed014d5e10b7efc97f3e3f14f01878c749784f69570ca202dbac5bcd751
64867d95-179d-5926-b0cf-e65ec37194bb,49500410-b521-5cb2-8037-9f1af5b3f4af,2025-07-12,99109d47-fab0-510c-90fd-93f0d3433d5f,7a10b026-525a-5309-ad1c-f2f60a68f5aa,0,0.41852110624313354,oof_2,06e33ada191190f33b7792939f91743a619960fb2068687ce270a5138f7a7359,d3ea21e89105997043c81fafa56ab71a2e4959702d3f0479a96f26ed5f75b839,723a6ed014d5e10b7efc97f3e3f14f01878c749784f69570ca202dbac5bcd751
6a5a6f84-e481-5217-93c3-ec216fd62d3c,49500410-b521-5cb2-8037-9f1af5b3f4af,2025-07-12,25277ec0-c285-5c5c-88ff-9006496d1a15,be2f8a64-650b-5556-a8e7-18896b54821e,1,0.78703266382217407,oof_2,06e33ada191190f33b7792939f91743a619960fb2068687ce270a5138f7a7359,d3ea21e89105997043c81fafa56ab71a2e4959702d3f0479a96f26ed5f75b839,723a6ed014d5e10b7efc97f3e3f14f01878c749784f69570ca202dbac5bcd751
834a9d33-aacb-5496-81f5-97219180ddf0,49500410-b521-5cb2-8037-9f1af5b3f4af,2025-07-12,bf1be4d0-70da-51f4-b682-315031f98d73,1763c8f8-e72b-534d-9165-8f2ce8b81ebc,0,0.3491051197052002,oof_2,06e33ada191190f33b7792939f91743a619960fb2068687ce270a5138f7a7359,d3ea21e89105997043c81fafa56ab71a2e4959702d3f0479a96f26ed5f75b839,723a6ed014d5e10b7efc97f3e3f14f01878c749784f69570ca202dbac5bcd751
b3e8845d-1680-5bea-90f4-27bea37b2101,49500410-b521-5cb2-8037-9f1af5b3f4af,2025-07-12,e87833d6-2e0e-5556-99bf-25e422a49727,cc08d7e7-3dda-5a30-bb64-9f59e9136e5e,1,0.62883496284484863,oof_2,06e33ada191190f33b7792939f91743a619960fb2068687ce270a5138f7a7359,d3ea21e89105997043c81fafa56ab71a2e4959702d3f0479a96f26ed5f75b839,723a6ed014d5e10b7efc97f3e3f14f01878c749784f69570ca202dbac5bcd751
b7f153b0-745c-5a16-8d49-cf90343141b7,49500410-b521-5cb2-8037-9f1af5b3f4af,2025-07-12,87dfb573-1ad2-54cf-aa6e-eea5415d1223,6b7d6f17-9760-5d35-862e-0bf685596147,1,0.39159205555915833,oof_2,06e33ada191190f33b7792939f91743a619960fb2068687ce270a5138f7a7359,d3ea21e89105997043c81fafa56ab71a2e4959702d3f0479a96f26ed5f75b839,723a6ed014d5e10b7efc97f3e3f14f01878c749784f69570ca202dbac5bcd751
e600ed4e-54ee-56c4-a40c-3dd91d78e073,49500410-b521-5cb2-8037-9f1af5b3f4af,2025-07-12,bb9a6530-9dbd-5b32-b5c3-70abbaf3f8d1,d6749d39-4863-5d70-9593-d8749915fce5,0,0.34439527988433838,oof_2,06e33ada191190f33b7792939f91743a619960fb2068687ce270a5138f7a7359,d3ea21e89105997043c81fafa56ab71a2e4959702d3f0479a96f26ed5f75b839,723a6ed014d5e10b7efc97f3e3f14f01878c749784f69570ca202dbac5bcd751
010eb92b-903a-5827-ad18-a7f2454a61e0,bac9c6c4-9d10-5ac8-86ad-eae0878db6a2,2025-07-19,824807a4-162c-577e-a2ca-42ce0b60c6f0,5d26bddf-51d3-5417-aeab-7329263c2e27,0,0.55952781438827515,oof_2,06e33ada191190f33b7792939f91743a619960fb2068687ce270a5138f7a7359,d3ea21e89105997043c81fafa56ab71a2e4959702d3f0479a96f26ed5f75b839,723a6ed014d5e10b7efc97f3e3f14f01878c749784f69570ca202dbac5bcd751
072ace1b-2949-5ac7-bc7e-44435baf558e,bac9c6c4-9d10-5ac8-86ad-eae0878db6a2,2025-07-19,31c4500d-57d6-59cd-8dce-165c2eadd098,604a9af2-2ffe-5e0e-8aab-78f705b9ace9,1,0.72620630264282227,oof_2,06e33ada191190f33b7792939f91743a619960fb2068687ce270a5138f7a7359,d3ea21e89105997043c81fafa56ab71a2e4959702d3f0479a96f26ed5f75b839,723a6ed014d5e10b7efc97f3e3f14f01878c749784f69570ca202dbac5bcd751
1e11a828-dc88-5b6c-863e-cc417c534607,bac9c6c4-9d10-5ac8-86ad-eae0878db6a2,2025-07-19,989e4c6e-7a1e-5851-a110-336984535957,69da3266-70a9-5c59-b1e2-eb0c65fe3621,0,0.73702836036682129,oof_2,06e33ada191190f33b7792939f91743a619960fb2068687ce270a5138f7a7359,d3ea21e89105997043c81fafa56ab71a2e4959702d3f0479a96f26ed5f75b839,723a6ed014d5e10b7efc97f3e3f14f01878c749784f69570ca202dbac5bcd751
2ab90300-f823-5e77-8975-23b49ea937cf,bac9c6c4-9d10-5ac8-86ad-eae0878db6a2,2025-07-19,b67acbfd-3623-5bda-9c68-4209b335cb73,e1d59737-f8c2-55d0-8243-b8607e3c5d46,1,0.68505871295928955,oof_2,06e33ada191190f33b7792939f91743a619960fb2068687ce270a5138f7a7359,d3ea21e89105997043c81fafa56ab71a2e4959702d3f0479a96f26ed5f75b839,723a6ed014d5e10b7efc97f3e3f14f01878c749784f69570ca202dbac5bcd751
36dc7780-0c33-54fc-ae47-3a4ebf3f9a23,bac9c6c4-9d10-5ac8-86ad-eae0878db6a2,2025-07-19,0309c464-315c-5ec7-b55f-6c60b36e8202,e2942548-1874-5c9c-a8c1-adfb929b8297,1,0.34121096134185791,oof_2,06e33ada191190f33b7792939f91743a619960fb2068687ce270a5138f7a7359,d3ea21e89105997043c81fafa56ab71a2e4959702d3f0479a96f26ed5f75b839,723a6ed014d5e10b7efc97f3e3f14f01878c749784f69570ca202dbac5bcd751
61347042-2d6d-5f4d-b862-98869d4bc0e9,bac9c6c4-9d10-5ac8-86ad-eae0878db6a2,2025-07-19,cd320a8b-729d-5932-a8c4-ceefb3beb0fb,dca41af0-be15-5ce7-9967-d38a499e5adf,0,0.77398836612701416,oof_2,06e33ada191190f33b7792939f91743a619960fb2068687ce270a5138f7a7359,d3ea21e89105997043c81fafa56ab71a2e4959702d3f0479a96f26ed5f75b839,723a6ed014d5e10b7efc97f3e3f14f01878c749784f69570ca202dbac5bcd751
6d1b42fb-793c-5c4b-934a-980a27616388,bac9c6c4-9d10-5ac8-86ad-eae0878db6a2,2025-07-19,472a8a56-68fa-5e9d-8924-bf7780d9e407,db789b37-6242-5382-aa50-e03deed8450a,1,0.618538498878479,oof_2,06e33ada191190f33b7792939f91743a619960fb2068687ce270a5138f7a7359,d3ea21e89105997043c81fafa56ab71a2e4959702d3f0479a96f26ed5f75b839,723a6ed014d5e10b7efc97f3e3f14f01878c749784f69570ca202dbac5bcd751
713adac9-f8cb-5cf4-be7a-e22a657251f5,bac9c6c4-9d10-5ac8-86ad-eae0878db6a2,2025-07-19,c7953f2b-c495-5e74-af82-0f8183bd95e2,20f3f2ca-7f12-58ef-8574-9261368c7cd6,1,0.79454267024993896,oof_2,06e33ada191190f33b7792939f91743a619960fb2068687ce270a5138f7a7359,d3ea21e89105997043c81fafa56ab71a2e4959702d3f0479a96f26ed5f75b839,723a6ed014d5e10b7efc97f3e3f14f01878c749784f69570ca202dbac5bcd751
8d863829-206e-5a2b-911c-fd04b451170f,bac9c6c4-9d10-5ac8-86ad-eae0878db6a2,2025-07-19,293ef081-7350-537d-ac22-07f1bad92019,26a67c97-1df4-51b8-bc7f-073f4279fc25,0,0.60204178094863892,oof_2,06e33ada191190f33b7792939f91743a619960fb2068687ce270a5138f7a7359,d3ea21e89105997043c81fafa56ab71a2e4959702d3f0479a96f26ed5f75b839,723a6ed014d5e10b7efc97f3e3f14f01878c749784f69570ca202dbac5bcd751
9edaecf5-30a4-5f7e-b770-6d498ba74c04,bac9c6c4-9d10-5ac8-86ad-eae0878db6a2,2025-07-19,febded63-7cc3-5c8c-a402-afa23cc20333,6e56de86-3b18-5042-9c0c-9d829ee95431,1,0.72928225994110107,oof_2,06e33ada191190f33b7792939f91743a619960fb2068687ce270a5138f7a7359,d3ea21e89105997043c81fafa56ab71a2e4959702d3f0479a96f26ed5f75b839,723a6ed014d5e10b7efc97f3e3f14f01878c749784f69570ca202dbac5bcd751
d9f1a61e-4c73-5615-a5a5-82457a106cd7,bac9c6c4-9d10-5ac8-86ad-eae0878db6a2,2025-07-19,8cad8d9a-c500-5fe1-afc7-e116941e2f0c,e4be2bca-c212-58bd-99ef-045f311967de,0,0.65803927183151245,oof_2,06e33ada191190f33b7792939f91743a619960fb2068687ce270a5138f7a7359,d3ea21e89105997043c81fafa56ab71a2e4959702d3f0479a96f26ed5f75b839,723a6ed014d5e10b7efc97f3e3f14f01878c749784f69570ca202dbac5bcd751
e36669ef-a5be-54a0-9397-1ff1eb1a212d,bac9c6c4-9d10-5ac8-86ad-eae0878db6a2,2025-07-19,aa1ccfcd-2847-58e0-b1b2-878ab573b57a,5908d8f5-55bf-5dcd-ac3c-30cb6609d6e8,1,0.55862611532211304,oof_2,06e33ada191190f33b7792939f91743a619960fb2068687ce270a5138f7a7359,d3ea21e89105997043c81fafa56ab71a2e4959702d3f0479a96f26ed5f75b839,723a6ed014d5e10b7efc97f3e3f14f01878c749784f69570ca202dbac5bcd751
ea5b0431-0439-54ce-b764-6f30e27d66f7,bac9c6c4-9d10-5ac8-86ad-eae0878db6a2,2025-07-19,d1de1522-cea8-549b-9059-5a688e230cad,a892ddb9-02d7-51ed-80cf-fbdea753bb20,1,0.31558635830879211,oof_2,06e33ada191190f33b7792939f91743a619960fb2068687ce270a5138f7a7359,d3ea21e89105997043c81fafa56ab71a2e4959702d3f0479a96f26ed5f75b839,723a6ed014d5e10b7efc97f3e3f14f01878c749784f69570ca202dbac5bcd751
fcc80ac7-a7c9-5d2a-ba99-2438863aa9bb,bac9c6c4-9d10-5ac8-86ad-eae0878db6a2,2025-07-19,30d41435-c403-53ea-a831-74733143cf48,0c5f7a6b-1dbf-577f-a485-37eb7efeb425,0,0.46792376041412354,oof_2,06e33ada191190f33b7792939f91743a619960fb2068687ce270a5138f7a7359,d3ea21e89105997043c81fafa56ab71a2e4959702d3f0479a96f26ed5f75b839,723a6ed014d5e10b7efc97f3e3f14f01878c749784f69570ca202dbac5bcd751
19f97a6a-a960-587d-8977-9a90825d1f38,b6459819-58b9-5d53-91f1-2ca1883495fd,2025-07-26,684e54eb-6391-552a-b3b2-c011fcd5c56b,658b15ad-1fd1-5484-8101-2abc08eef1b6,1,0.39703711867332458,oof_2,06e33ada191190f33b7792939f91743a619960fb2068687ce270a5138f7a7359,d3ea21e89105997043c81fafa56ab71a2e4959702d3f0479a96f26ed5f75b839,723a6ed014d5e10b7efc97f3e3f14f01878c749784f69570ca202dbac5bcd751
1bd8778f-1d23-56ba-aef7-db42b862d37e,b6459819-58b9-5d53-91f1-2ca1883495fd,2025-07-26,888419b4-35f1-5832-b9ce-f00f995d8aa7,4a23ffc2-f990-5f4d-a638-82d0f58397c1,1,0.71179014444351196,oof_2,06e33ada191190f33b7792939f91743a619960fb2068687ce270a5138f7a7359,d3ea21e89105997043c81fafa56ab71a2e4959702d3f0479a96f26ed5f75b839,723a6ed014d5e10b7efc97f3e3f14f01878c749784f69570ca202dbac5bcd751
266621a1-673c-5fe3-a62c-90e735403808,b6459819-58b9-5d53-91f1-2ca1883495fd,2025-07-26,c79f4b19-6d56-5373-a513-83f440161eea,741b1f5e-2ce3-50f5-9fcc-8e24eb374ec1,1,0.50642490386962891,oof_2,06e33ada191190f33b7792939f91743a619960fb2068687ce270a5138f7a7359,d3ea21e89105997043c81fafa56ab71a2e4959702d3f0479a96f26ed5f75b839,723a6ed014d5e10b7efc97f3e3f14f01878c749784f69570ca202dbac5bcd751
297f902d-7223-548c-8c4a-8d3ac573eeba,b6459819-58b9-5d53-91f1-2ca1883495fd,2025-07-26,65b7dcf0-f166-531c-bcf1-9ae464e7cc2a,2d954a60-721a-510f-892c-3d3df4e6a342,1,0.55408674478530884,oof_2,06e33ada191190f33b7792939f91743a619960fb2068687ce270a5138f7a7359,d3ea21e89105997043c81fafa56ab71a2e4959702d3f0479a96f26ed5f75b839,723a6ed014d5e10b7efc97f3e3f14f01878c749784f69570ca202dbac5bcd751
4fa6ece0-1bb3-5825-a704-7460e507f7af,b6459819-58b9-5d53-91f1-2ca1883495fd,2025-07-26,21ac9deb-4259-5204-b882-a73a831c84d1,ef928ca1-1687-5572-8e81-9d9eae66e85f,0,0.63055533170700073,oof_2,06e33ada191190f33b7792939f91743a619960fb2068687ce270a5138f7a7359,d3ea21e89105997043c81fafa56ab71a2e4959702d3f0479a96f26ed5f75b839,723a6ed014d5e10b7efc97f3e3f14f01878c749784f69570ca202dbac5bcd751
551e9703-ebbe-5acf-b44b-c1d9aa3304fe,b6459819-58b9-5d53-91f1-2ca1883495fd,2025-07-26,937b3052-d0f6-5774-a2ee-d4f2488cc9df,312b2727-3f2d-5dcf-aa48-48b6ff869071,0,0.72091615200042725,oof_2,06e33ada191190f33b7792939f91743a619960fb2068687ce270a5138f7a7359,d3ea21e89105997043c81fafa56ab71a2e4959702d3f0479a96f26ed5f75b839,723a6ed014d5e10b7efc97f3e3f14f01878c749784f69570ca202dbac5bcd751
5fdd1012-a4b1-5327-9fa8-dec4db57d56e,b6459819-58b9-5d53-91f1-2ca1883495fd,2025-07-26,30b6d54a-da31-5d2c-b6e4-318ece40f46c,69aa1ce3-fd28-5163-8fd0-35ea5a6e897c,1,0.72290301322937012,oof_2,06e33ada191190f33b7792939f91743a619960fb2068687ce270a5138f7a7359,d3ea21e89105997043c81fafa56ab71a2e4959702d3f0479a96f26ed5f75b839,723a6ed014d5e10b7efc97f3e3f14f01878c749784f69570ca202dbac5bcd751
66fbebc8-6ab3-5c35-ad9b-dd1a7b993a2c,b6459819-58b9-5d53-91f1-2ca1883495fd,2025-07-26,c2786919-49e0-5cf1-8fdb-b6042b877a67,c7154f15-1607-5e08-b307-9c089b7219a9,1,0.37406462430953979,oof_2,06e33ada191190f33b7792939f91743a619960fb2068687ce270a5138f7a7359,d3ea21e89105997043c81fafa56ab71a2e4959702d3f0479a96f26ed5f75b839,723a6ed014d5e10b7efc97f3e3f14f01878c749784f69570ca202dbac5bcd751
74f70529-14a5-5110-9f62-52b4f78db6e9,b6459819-58b9-5d53-91f1-2ca1883495fd,2025-07-26,87e8a7ad-42a5-543a-8c30-f10db4315e8b,e1cc053c-f5ed-54e4-9d36-a35883847eb8,1,0.79072016477584839,oof_2,06e33ada191190f33b7792939f91743a619960fb2068687ce270a5138f7a7359,d3ea21e89105997043c81fafa56ab71a2e4959702d3f0479a96f26ed5f75b839,723a6ed014d5e10b7efc97f3e3f14f01878c749784f69570ca202dbac5bcd751
8720b7c7-6b23-56f9-b29d-c53bee3c98a7,b6459819-58b9-5d53-91f1-2ca1883495fd,2025-07-26,6f9b358d-5c8f-5289-8674-88df0a42fd2a,c0f958df-1e9f-52d6-a99f-1d4d78583283,0,0.54159438610076904,oof_2,06e33ada191190f33b7792939f91743a619960fb2068687ce270a5138f7a7359,d3ea21e89105997043c81fafa56ab71a2e4959702d3f0479a96f26ed5f75b839,723a6ed014d5e10b7efc97f3e3f14f01878c749784f69570ca202dbac5bcd751
b9fa3344-a485-5b47-9a98-f26c73ed5291,b6459819-58b9-5d53-91f1-2ca1883495fd,2025-07-26,de62f5d8-ae5b-52dc-9f56-7213ae3324fe,70d9d452-a305-505d-85b5-75567f9068be,0,0.45856818556785583,oof_2,06e33ada191190f33b7792939f91743a619960fb2068687ce270a5138f7a7359,d3ea21e89105997043c81fafa56ab71a2e4959702d3f0479a96f26ed5f75b839,723a6ed014d5e10b7efc97f3e3f14f01878c749784f69570ca202dbac5bcd751
ca202e4a-66ec-565b-a562-7254c4197343,b6459819-58b9-5d53-91f1-2ca1883495fd,2025-07-26,a1be629f-fcb0-5fe3-8d34-a45af64ba5e5,235616f6-1064-53a5-b1cd-1f23fd0ad3b8,0,0.58769690990447998,oof_2,06e33ada191190f33b7792939f91743a619960fb2068687ce270a5138f7a7359,d3ea21e89105997043c81fafa56ab71a2e4959702d3f0479a96f26ed5f75b839,723a6ed014d5e10b7efc97f3e3f14f01878c749784f69570ca202dbac5bcd751
1e5b4769-d6c2-5c99-96b2-e58258068ecb,df0362cd-acb4-52f7-958f-3d3a42fd4620,2025-08-02,a917fc2e-6cc5-509c-96e0-efbe9d7c99eb,01e7c1f6-58e3-5e87-acd5-acfa2e8239cb,1,0.49085575342178345,oof_2,06e33ada191190f33b7792939f91743a619960fb2068687ce270a5138f7a7359,d3ea21e89105997043c81fafa56ab71a2e4959702d3f0479a96f26ed5f75b839,723a6ed014d5e10b7efc97f3e3f14f01878c749784f69570ca202dbac5bcd751
2103f61c-1a86-5d68-832e-bbe521a23e61,df0362cd-acb4-52f7-958f-3d3a42fd4620,2025-08-02,6be66965-650b-5a2d-b61d-facdb1c0099e,4ec9b59e-2578-5c18-9fd2-902ffa0de0af,1,0.55111438035964966,oof_2,06e33ada191190f33b7792939f91743a619960fb2068687ce270a5138f7a7359,d3ea21e89105997043c81fafa56ab71a2e4959702d3f0479a96f26ed5f75b839,723a6ed014d5e10b7efc97f3e3f14f01878c749784f69570ca202dbac5bcd751
284a842d-29f8-512f-a337-aa280b22f5de,df0362cd-acb4-52f7-958f-3d3a42fd4620,2025-08-02,1694fc01-6315-5843-a3ae-7df151537b29,73b6e57d-7b93-5111-9a7e-b5cf002d3aa4,0,0.66594201326370239,oof_2,06e33ada191190f33b7792939f91743a619960fb2068687ce270a5138f7a7359,d3ea21e89105997043c81fafa56ab71a2e4959702d3f0479a96f26ed5f75b839,723a6ed014d5e10b7efc97f3e3f14f01878c749784f69570ca202dbac5bcd751
557f6b96-8427-5733-8df6-5015b7c47357,df0362cd-acb4-52f7-958f-3d3a42fd4620,2025-08-02,8568b8f1-c860-58c9-8663-63fe682a6c99,7da0827a-d303-5d10-91a6-b6779525a981,1,0.8013617992401123,oof_2,06e33ada191190f33b7792939f91743a619960fb2068687ce270a5138f7a7359,d3ea21e89105997043c81fafa56ab71a2e4959702d3f0479a96f26ed5f75b839,723a6ed014d5e10b7efc97f3e3f14f01878c749784f69570ca202dbac5bcd751
7283239c-ddd3-5a3c-8168-741ef141abb0,df0362cd-acb4-52f7-958f-3d3a42fd4620,2025-08-02,f7aa7c5f-5cbf-5e88-a868-383272563b67,25f1d395-e071-5636-abc9-56ba8e08f9fc,1,0.78052759170532227,oof_2,06e33ada191190f33b7792939f91743a619960fb2068687ce270a5138f7a7359,d3ea21e89105997043c81fafa56ab71a2e4959702d3f0479a96f26ed5f75b839,723a6ed014d5e10b7efc97f3e3f14f01878c749784f69570ca202dbac5bcd751
790af21a-b3af-5586-a542-e5ed5c403d8e,df0362cd-acb4-52f7-958f-3d3a42fd4620,2025-08-02,49a80342-a0f3-5c5d-a6a8-f34ca631751a,4c46cd26-70b7-532a-913b-ecd40f321d36,1,0.66162770986557007,oof_2,06e33ada191190f33b7792939f91743a619960fb2068687ce270a5138f7a7359,d3ea21e89105997043c81fafa56ab71a2e4959702d3f0479a96f26ed5f75b839,723a6ed014d5e10b7efc97f3e3f14f01878c749784f69570ca202dbac5bcd751
8bd032cc-e2ca-5247-b56c-8e763a52a4f7,df0362cd-acb4-52f7-958f-3d3a42fd4620,2025-08-02,3d36da0f-83b2-55aa-a78b-a9478d153ef3,7bcb343a-1747-5ca8-b23a-560706290c4a,0,0.53306794166564941,oof_2,06e33ada191190f33b7792939f91743a619960fb2068687ce270a5138f7a7359,d3ea21e89105997043c81fafa56ab71a2e4959702d3f0479a96f26ed5f75b839,723a6ed014d5e10b7efc97f3e3f14f01878c749784f69570ca202dbac5bcd751
b7052450-1143-56aa-976e-ca8d3688592b,df0362cd-acb4-52f7-958f-3d3a42fd4620,2025-08-02,f432eb2c-78c6-5dd2-a470-b5247c052171,34bba3eb-58ba-59b7-a014-2c4ed7b60bc3,1,0.68355417251586914,oof_2,06e33ada191190f33b7792939f91743a619960fb2068687ce270a5138f7a7359,d3ea21e89105997043c81fafa56ab71a2e4959702d3f0479a96f26ed5f75b839,723a6ed014d5e10b7efc97f3e3f14f01878c749784f69570ca202dbac5bcd751
d4783205-6543-54bc-8d36-8ad775a40d04,df0362cd-acb4-52f7-958f-3d3a42fd4620,2025-08-02,cb5f231b-e47b-5c52-ab58-815bce15a90a,8f376dcf-34a9-5d3a-97fd-6fcf5cbbb442,1,0.52920150756835938,oof_2,06e33ada191190f33b7792939f91743a619960fb2068687ce270a5138f7a7359,d3ea21e89105997043c81fafa56ab71a2e4959702d3f0479a96f26ed5f75b839,723a6ed014d5e10b7efc97f3e3f14f01878c749784f69570ca202dbac5bcd751
d82f9f5c-b8e8-5a38-99a4-da9156b348d3,df0362cd-acb4-52f7-958f-3d3a42fd4620,2025-08-02,671f45f6-f8e0-5d7a-866e-f3053d4dfd4c,4aa7a6dd-1d3f-5141-b0ef-0823fa55f316,0,0.586966872215271,oof_2,06e33ada191190f33b7792939f91743a619960fb2068687ce270a5138f7a7359,d3ea21e89105997043c81fafa56ab71a2e4959702d3f0479a96f26ed5f75b839,723a6ed014d5e10b7efc97f3e3f14f01878c749784f69570ca202dbac5bcd751
e8a270f5-e25e-5bc5-a9f3-6d0281a4bea5,df0362cd-acb4-52f7-958f-3d3a42fd4620,2025-08-02,049cb528-be3f-5ec7-bc9c-968a95278cd7,81fbfaf8-324a-5ec8-bddd-1aca83dd09ef,1,0.56339985132217407,oof_2,06e33ada191190f33b7792939f91743a619960fb2068687ce270a5138f7a7359,d3ea21e89105997043c81fafa56ab71a2e4959702d3f0479a96f26ed5f75b839,723a6ed014d5e10b7efc97f3e3f14f01878c749784f69570ca202dbac5bcd751
f6c72512-2f45-5c4e-9d37-52411ed9182a,df0362cd-acb4-52f7-958f-3d3a42fd4620,2025-08-02,af151ba8-797a-5a37-8125-89e8705bc01f,7ddd2036-f89d-5d64-9526-81cebd7e5513,0,0.55888509750366211,oof_2,06e33ada191190f33b7792939f91743a619960fb2068687ce270a5138f7a7359,d3ea21e89105997043c81fafa56ab71a2e4959702d3f0479a96f26ed5f75b839,723a6ed014d5e10b7efc97f3e3f14f01878c749784f69570ca202dbac5bcd751
1fca4b63-0914-5696-ba3b-867756a57510,58c3f7f4-2198-5177-9eee-0e396c9632d1,2025-08-09,a2857ebc-ab7d-52fe-ac89-1c320c52e7bf,2fc5aa80-58ec-5c70-b680-12759e392545,1,0.83948934078216553,oof_2,06e33ada191190f33b7792939f91743a619960fb2068687ce270a5138f7a7359,d3ea21e89105997043c81fafa56ab71a2e4959702d3f0479a96f26ed5f75b839,723a6ed014d5e10b7efc97f3e3f14f01878c749784f69570ca202dbac5bcd751
22d5a700-457d-597f-af47-e8b46e2c38c3,58c3f7f4-2198-5177-9eee-0e396c9632d1,2025-08-09,46a3d6f3-12bb-5676-8ead-728fea9e9686,1e29c3ed-34a3-5085-a5ac-857663042855,1,0.77119958400726318,oof_2,06e33ada191190f33b7792939f91743a619960fb2068687ce270a5138f7a7359,d3ea21e89105997043c81fafa56ab71a2e4959702d3f0479a96f26ed5f75b839,723a6ed014d5e10b7efc97f3e3f14f01878c749784f69570ca202dbac5bcd751
36637deb-f09a-5cd7-b445-6059666e3b8a,58c3f7f4-2198-5177-9eee-0e396c9632d1,2025-08-09,6eb56ea7-9230-5cd3-9346-f105b7d93e0d,6d96fdea-f83b-5abd-8b3a-fed3465bb4a8,1,0.75011807680130005,oof_2,06e33ada191190f33b7792939f91743a619960fb2068687ce270a5138f7a7359,d3ea21e89105997043c81fafa56ab71a2e4959702d3f0479a96f26ed5f75b839,723a6ed014d5e10b7efc97f3e3f14f01878c749784f69570ca202dbac5bcd751
3e68957a-c276-5399-b8dd-72ebb136fd11,58c3f7f4-2198-5177-9eee-0e396c9632d1,2025-08-09,1d4d9003-865a-5fc2-a0cc-62b001896668,17d32617-8cb2-56e0-9bfd-7c8b01303b28,1,0.81737393140792847,oof_2,06e33ada191190f33b7792939f91743a619960fb2068687ce270a5138f7a7359,d3ea21e89105997043c81fafa56ab71a2e4959702d3f0479a96f26ed5f75b839,723a6ed014d5e10b7efc97f3e3f14f01878c749784f69570ca202dbac5bcd751
5ca6275e-4eea-57d1-8a25-514a63226a75,58c3f7f4-2198-5177-9eee-0e396c9632d1,2025-08-09,afe06ba3-215f-5801-aa77-0ffc2cfb7898,c390fb22-cb13-58c8-b52b-38e4f07abdc9,1,0.27905678749084473,oof_2,06e33ada191190f33b7792939f91743a619960fb2068687ce270a5138f7a7359,d3ea21e89105997043c81fafa56ab71a2e4959702d3f0479a96f26ed5f75b839,723a6ed014d5e10b7efc97f3e3f14f01878c749784f69570ca202dbac5bcd751
68877ffa-42c9-59b3-9034-53cf29575bde,58c3f7f4-2198-5177-9eee-0e396c9632d1,2025-08-09,aab4eca8-c119-5665-b169-30e9afae10bf,fde53ea8-271c-5adc-b7e0-011ae07069ff,0,0.61308759450912476,oof_2,06e33ada191190f33b7792939f91743a619960fb2068687ce270a5138f7a7359,d3ea21e89105997043c81fafa56ab71a2e4959702d3f0479a96f26ed5f75b839,723a6ed014d5e10b7efc97f3e3f14f01878c749784f69570ca202dbac5bcd751
732ca75c-ef33-5a17-a126-ebc545325bfb,58c3f7f4-2198-5177-9eee-0e396c9632d1,2025-08-09,c993afb4-3955-5edb-a748-2f30c637f7ce,407912df-949c-53f4-a8fd-1b46d7bc5a73,0,0.49603590369224548,oof_2,06e33ada191190f33b7792939f91743a619960fb2068687ce270a5138f7a7359,d3ea21e89105997043c81fafa56ab71a2e4959702d3f0479a96f26ed5f75b839,723a6ed014d5e10b7efc97f3e3f14f01878c749784f69570ca202dbac5bcd751
9ebedfc3-9016-5939-8613-bb61db861212,58c3f7f4-2198-5177-9eee-0e396c9632d1,2025-08-09,d3456953-ab12-5367-869f-b6d16668e81e,364ad7d6-2d46-5e3c-a5f9-5696d76b73a9,0,0.29626813530921936,oof_2,06e33ada191190f33b7792939f91743a619960fb2068687ce270a5138f7a7359,d3ea21e89105997043c81fafa56ab71a2e4959702d3f0479a96f26ed5f75b839,723a6ed014d5e10b7efc97f3e3f14f01878c749784f69570ca202dbac5bcd751
ad3fe2cb-f81c-57de-be46-c38f8ff46c66,58c3f7f4-2198-5177-9eee-0e396c9632d1,2025-08-09,5d79cfa7-6f44-52d3-aa0c-e66b5f6f6955,6a6780fb-cf85-5293-a2e9-919f6b3b8468,1,0.68464106321334839,oof_2,06e33ada191190f33b7792939f91743a619960fb2068687ce270a5138f7a7359,d3ea21e89105997043c81fafa56ab71a2e4959702d3f0479a96f26ed5f75b839,723a6ed014d5e10b7efc97f3e3f14f01878c749784f69570ca202dbac5bcd751
b21c8ec2-3c3e-5275-b387-80c79a3d645d,58c3f7f4-2198-5177-9eee-0e396c9632d1,2025-08-09,24e4f228-0a78-5485-b668-f27feb62eafc,d162ee04-e848-53e1-a183-6129a6060981,1,0.61373019218444824,oof_2,06e33ada191190f33b7792939f91743a619960fb2068687ce270a5138f7a7359,d3ea21e89105997043c81fafa56ab71a2e4959702d3f0479a96f26ed5f75b839,723a6ed014d5e10b7efc97f3e3f14f01878c749784f69570ca202dbac5bcd751
bac2de59-83ea-530a-abcd-5e93a54dde72,58c3f7f4-2198-5177-9eee-0e396c9632d1,2025-08-09,ddfa7470-1c7a-5bf6-b9fb-f92f736a2713,68f3b8d8-2f65-5f69-9acd-07340347d698,1,0.83148634433746338,oof_2,06e33ada191190f33b7792939f91743a619960fb2068687ce270a5138f7a7359,d3ea21e89105997043c81fafa56ab71a2e4959702d3f0479a96f26ed5f75b839,723a6ed014d5e10b7efc97f3e3f14f01878c749784f69570ca202dbac5bcd751
cccbd970-5289-5ce3-aed9-dc408fb4e03a,58c3f7f4-2198-5177-9eee-0e396c9632d1,2025-08-09,e4ec7470-40b4-5021-99d9-5eec9ada124c,882c40aa-6728-5341-ad03-3745ca98aef3,0,0.4995560348033905,oof_2,06e33ada191190f33b7792939f91743a619960fb2068687ce270a5138f7a7359,d3ea21e89105997043c81fafa56ab71a2e4959702d3f0479a96f26ed5f75b839,723a6ed014d5e10b7efc97f3e3f14f01878c749784f69570ca202dbac5bcd751
045f261e-b5e0-5821-bfc7-f32ac8aca0b7,937c8e75-8b83-57d3-801a-23af528cbbb5,2025-08-16,65570629-af24-54cd-a569-fefa66ad135a,1a823658-f12c-5dca-abef-fb154d6af34e,0,0.49391540884971619,oof_2,06e33ada191190f33b7792939f91743a619960fb2068687ce270a5138f7a7359,d3ea21e89105997043c81fafa56ab71a2e4959702d3f0479a96f26ed5f75b839,723a6ed014d5e10b7efc97f3e3f14f01878c749784f69570ca202dbac5bcd751
17e8dac5-b128-5efd-b7f7-2936e5d6e287,937c8e75-8b83-57d3-801a-23af528cbbb5,2025-08-16,c00bb616-ac26-58fe-af2e-8d953a63322d,e14b7b7b-593d-5f40-b5a1-66c2ae6a60b8,0,0.41447660326957703,oof_2,06e33ada191190f33b7792939f91743a619960fb2068687ce270a5138f7a7359,d3ea21e89105997043c81fafa56ab71a2e4959702d3f0479a96f26ed5f75b839,723a6ed014d5e10b7efc97f3e3f14f01878c749784f69570ca202dbac5bcd751
22ecea21-7a39-57ab-b820-51331a930b51,937c8e75-8b83-57d3-801a-23af528cbbb5,2025-08-16,20f3cfbb-e664-537c-a0bf-29341a395b7a,73c4ad29-2d07-5741-9f96-4679c0ec582c,0,0.44778916239738464,oof_2,06e33ada191190f33b7792939f91743a619960fb2068687ce270a5138f7a7359,d3ea21e89105997043c81fafa56ab71a2e4959702d3f0479a96f26ed5f75b839,723a6ed014d5e10b7efc97f3e3f14f01878c749784f69570ca202dbac5bcd751
2ac42087-83ef-52dd-a053-f3141369db8d,937c8e75-8b83-57d3-801a-23af528cbbb5,2025-08-16,90a9742b-68e2-5cd1-9f1d-28899ef4a1fa,284503b7-34bd-58b8-8e3c-ebf45b94802a,1,0.67484021186828613,oof_2,06e33ada191190f33b7792939f91743a619960fb2068687ce270a5138f7a7359,d3ea21e89105997043c81fafa56ab71a2e4959702d3f0479a96f26ed5f75b839,723a6ed014d5e10b7efc97f3e3f14f01878c749784f69570ca202dbac5bcd751
4a829a0e-6399-5832-a42d-f2e630494fb3,937c8e75-8b83-57d3-801a-23af528cbbb5,2025-08-16,1af6c273-4a38-5756-81d9-787f8daf9657,d14a8248-089e-5823-a92c-c31fb28cc654,0,0.38403397798538208,oof_2,06e33ada191190f33b7792939f91743a619960fb2068687ce270a5138f7a7359,d3ea21e89105997043c81fafa56ab71a2e4959702d3f0479a96f26ed5f75b839,723a6ed014d5e10b7efc97f3e3f14f01878c749784f69570ca202dbac5bcd751
61302a7f-4698-5700-b635-0cd165469fc8,937c8e75-8b83-57d3-801a-23af528cbbb5,2025-08-16,a923967f-bf08-5afb-92b8-f5be780e5a27,88dce9d6-792b-5378-ac09-45cab5d81751,0,0.84278702735900879,oof_2,06e33ada191190f33b7792939f91743a619960fb2068687ce270a5138f7a7359,d3ea21e89105997043c81fafa56ab71a2e4959702d3f0479a96f26ed5f75b839,723a6ed014d5e10b7efc97f3e3f14f01878c749784f69570ca202dbac5bcd751
80b1bc3e-0f25-5374-9575-5cb278173a15,937c8e75-8b83-57d3-801a-23af528cbbb5,2025-08-16,52a3a260-5c92-5875-9e5d-92478589ad6c,51f3a8f3-2c0a-5e0b-8f3e-dd99c5ff5c04,1,0.71104514598846436,oof_2,06e33ada191190f33b7792939f91743a619960fb2068687ce270a5138f7a7359,d3ea21e89105997043c81fafa56ab71a2e4959702d3f0479a96f26ed5f75b839,723a6ed014d5e10b7efc97f3e3f14f01878c749784f69570ca202dbac5bcd751
bf40013a-d6c5-5c57-84b7-16904ad8191a,937c8e75-8b83-57d3-801a-23af528cbbb5,2025-08-16,9c7f2e6e-c24b-5be1-9af2-6bb9c7ac2605,305c8448-6937-5d80-9738-9d8ee339e5ce,1,0.46525540947914124,oof_2,06e33ada191190f33b7792939f91743a619960fb2068687ce270a5138f7a7359,d3ea21e89105997043c81fafa56ab71a2e4959702d3f0479a96f26ed5f75b839,723a6ed014d5e10b7efc97f3e3f14f01878c749784f69570ca202dbac5bcd751
c4bd2728-dec7-5377-b8b0-4f3ca1f1fe4b,937c8e75-8b83-57d3-801a-23af528cbbb5,2025-08-16,956a7351-0852-5a23-960e-cd70eb969bc5,b0714561-c024-5d55-a2ff-28c3e6a9de8f,1,0.61979031562805176,oof_2,06e33ada191190f33b7792939f91743a619960fb2068687ce270a5138f7a7359,d3ea21e89105997043c81fafa56ab71a2e4959702d3f0479a96f26ed5f75b839,723a6ed014d5e10b7efc97f3e3f14f01878c749784f69570ca202dbac5bcd751
edb84211-3924-52f5-ab89-d479dc086b34,937c8e75-8b83-57d3-801a-23af528cbbb5,2025-08-16,57d676b2-43e9-5700-ba1d-1e0041ed72b0,c5e55a0a-4452-5e23-8d18-3059dd704c2b,0,0.66972613334655762,oof_2,06e33ada191190f33b7792939f91743a619960fb2068687ce270a5138f7a7359,d3ea21e89105997043c81fafa56ab71a2e4959702d3f0479a96f26ed5f75b839,723a6ed014d5e10b7efc97f3e3f14f01878c749784f69570ca202dbac5bcd751
ee827e56-fb6d-5f31-bfa8-8151326951bd,937c8e75-8b83-57d3-801a-23af528cbbb5,2025-08-16,7ff2b749-70a8-553c-a590-ce4daf8b47d7,82dd82c4-bd66-5f4a-b941-878e9a1f1ffe,0,0.5637812614440918,oof_2,06e33ada191190f33b7792939f91743a619960fb2068687ce270a5138f7a7359,d3ea21e89105997043c81fafa56ab71a2e4959702d3f0479a96f26ed5f75b839,723a6ed014d5e10b7efc97f3e3f14f01878c749784f69570ca202dbac5bcd751
f0dcb47c-a635-53e8-9422-95395167022d,937c8e75-8b83-57d3-801a-23af528cbbb5,2025-08-16,dc6dd2e2-c348-543b-8530-df481bf20cd8,5669be42-4cb6-52e8-ae09-3f429d87e970,0,0.57458633184432983,oof_2,06e33ada191190f33b7792939f91743a619960fb2068687ce270a5138f7a7359,d3ea21e89105997043c81fafa56ab71a2e4959702d3f0479a96f26ed5f75b839,723a6ed014d5e10b7efc97f3e3f14f01878c749784f69570ca202dbac5bcd751
294c88a0-35d7-5de7-8eb6-a01e5a8731dc,31862e98-4765-5146-9701-fd3d3a828e5e,2025-08-22,7164ce98-1188-5a1d-99ad-16865eac5bed,cf26a219-4e5a-5253-97c6-545c41ef323f,1,0.53139841556549072,oof_2,06e33ada191190f33b7792939f91743a619960fb2068687ce270a5138f7a7359,d3ea21e89105997043c81fafa56ab71a2e4959702d3f0479a96f26ed5f75b839,723a6ed014d5e10b7efc97f3e3f14f01878c749784f69570ca202dbac5bcd751
304bcabf-53b6-5f03-88a3-8fcb75e6bfba,31862e98-4765-5146-9701-fd3d3a828e5e,2025-08-22,4ef37334-9f31-5d4f-88fa-bc65206ddfd4,9efb5d2c-abd0-5e9b-836c-7cfd97392ff0,0,0.68452352285385132,oof_2,06e33ada191190f33b7792939f91743a619960fb2068687ce270a5138f7a7359,d3ea21e89105997043c81fafa56ab71a2e4959702d3f0479a96f26ed5f75b839,723a6ed014d5e10b7efc97f3e3f14f01878c749784f69570ca202dbac5bcd751
328ced2e-3c31-5c5d-8c21-459e3eb59944,6ba052bf-9acb-545a-8d0a-b3d6c2ec399f,2025-08-23,0f7d68b9-70e2-5b54-8358-e88b8c1d0ace,837c3440-99f8-51be-b164-d759796bf644,0,0.72093451023101807,oof_2,06e33ada191190f33b7792939f91743a619960fb2068687ce270a5138f7a7359,d3ea21e89105997043c81fafa56ab71a2e4959702d3f0479a96f26ed5f75b839,723a6ed014d5e10b7efc97f3e3f14f01878c749784f69570ca202dbac5bcd751
50f2ee40-a3e8-5f5b-afa1-10d0dab1b76d,6ba052bf-9acb-545a-8d0a-b3d6c2ec399f,2025-08-23,48eed8e6-2fc1-5dea-9868-e55137f4b804,45b42751-497a-574c-8ff9-3392312a6b86,1,0.57644486427307129,oof_2,06e33ada191190f33b7792939f91743a619960fb2068687ce270a5138f7a7359,d3ea21e89105997043c81fafa56ab71a2e4959702d3f0479a96f26ed5f75b839,723a6ed014d5e10b7efc97f3e3f14f01878c749784f69570ca202dbac5bcd751
5a7a58ed-05d3-53a9-a264-d5d88c9e8b85,6ba052bf-9acb-545a-8d0a-b3d6c2ec399f,2025-08-23,fdadcb07-4a62-5417-8875-18c9ad42952c,e2558ec3-b38d-58c2-8636-30c41e1aa15d,1,0.62498551607131958,oof_2,06e33ada191190f33b7792939f91743a619960fb2068687ce270a5138f7a7359,d3ea21e89105997043c81fafa56ab71a2e4959702d3f0479a96f26ed5f75b839,723a6ed014d5e10b7efc97f3e3f14f01878c749784f69570ca202dbac5bcd751
87e015b3-a791-5c33-b867-b433070f295a,6ba052bf-9acb-545a-8d0a-b3d6c2ec399f,2025-08-23,1d9bb886-1189-591a-abb0-3fa9d448f0f6,9c25c034-f4bf-5f84-9667-4f11f55b377e,1,0.83132350444793701,oof_2,06e33ada191190f33b7792939f91743a619960fb2068687ce270a5138f7a7359,d3ea21e89105997043c81fafa56ab71a2e4959702d3f0479a96f26ed5f75b839,723a6ed014d5e10b7efc97f3e3f14f01878c749784f69570ca202dbac5bcd751
8e5ffa0c-a79a-502f-92f7-1d4627c46c88,6ba052bf-9acb-545a-8d0a-b3d6c2ec399f,2025-08-23,4f8f4438-3d8a-5297-8464-a6ed6d1a3fe5,12bda1be-ae13-5eb9-ae7e-26e1d0a42bd8,0,0.49488690495491028,oof_2,06e33ada191190f33b7792939f91743a619960fb2068687ce270a5138f7a7359,d3ea21e89105997043c81fafa56ab71a2e4959702d3f0479a96f26ed5f75b839,723a6ed014d5e10b7efc97f3e3f14f01878c749784f69570ca202dbac5bcd751
9218eafa-5ee1-5367-af63-29027d65e95d,6ba052bf-9acb-545a-8d0a-b3d6c2ec399f,2025-08-23,b6535431-6603-5b1b-8baa-e41314e8cc15,37244fd7-4aef-5486-9012-011faa66c4d2,1,0.64761990308761597,oof_2,06e33ada191190f33b7792939f91743a619960fb2068687ce270a5138f7a7359,d3ea21e89105997043c81fafa56ab71a2e4959702d3f0479a96f26ed5f75b839,723a6ed014d5e10b7efc97f3e3f14f01878c749784f69570ca202dbac5bcd751
a20f5145-bccb-5922-87c9-b7984b890d70,6ba052bf-9acb-545a-8d0a-b3d6c2ec399f,2025-08-23,509c9337-d525-53bc-a27f-5cd6937d5795,683b731a-a123-55c8-b634-73326fba6010,1,0.38200944662094116,oof_2,06e33ada191190f33b7792939f91743a619960fb2068687ce270a5138f7a7359,d3ea21e89105997043c81fafa56ab71a2e4959702d3f0479a96f26ed5f75b839,723a6ed014d5e10b7efc97f3e3f14f01878c749784f69570ca202dbac5bcd751
a90259d3-c6ee-560d-8af6-0df9d78fb9b7,6ba052bf-9acb-545a-8d0a-b3d6c2ec399f,2025-08-23,76e14568-01d0-502b-9990-5c935b7df2c0,5c18467f-edf8-59c5-b71d-396f3bc8894f,1,0.42179718613624573,oof_2,06e33ada191190f33b7792939f91743a619960fb2068687ce270a5138f7a7359,d3ea21e89105997043c81fafa56ab71a2e4959702d3f0479a96f26ed5f75b839,723a6ed014d5e10b7efc97f3e3f14f01878c749784f69570ca202dbac5bcd751
c92f373f-86f3-56cb-a7b6-1820fcccbe1e,6ba052bf-9acb-545a-8d0a-b3d6c2ec399f,2025-08-23,58bb25f8-aa95-5560-be2e-dd7bc04871bf,f4022aba-4f61-5988-9adc-59a0c3c1686c,1,0.78937047719955444,oof_2,06e33ada191190f33b7792939f91743a619960fb2068687ce270a5138f7a7359,d3ea21e89105997043c81fafa56ab71a2e4959702d3f0479a96f26ed5f75b839,723a6ed014d5e10b7efc97f3e3f14f01878c749784f69570ca202dbac5bcd751
d87614cf-0101-5e81-b069-5273a8ef0ee9,6ba052bf-9acb-545a-8d0a-b3d6c2ec399f,2025-08-23,ebe84693-6536-5792-aba5-f32e498cc9d5,c160c632-b49e-58f8-9671-94839631abb0,0,0.43745976686477661,oof_2,06e33ada191190f33b7792939f91743a619960fb2068687ce270a5138f7a7359,d3ea21e89105997043c81fafa56ab71a2e4959702d3f0479a96f26ed5f75b839,723a6ed014d5e10b7efc97f3e3f14f01878c749784f69570ca202dbac5bcd751
ec08b212-54dc-5525-b32f-871d52575021,6ba052bf-9acb-545a-8d0a-b3d6c2ec399f,2025-08-23,782df58a-5e09-55d3-9b9d-79e59417c0ff,3e0efe95-eea8-5cca-aa45-76ea494437ed,0,0.54159647226333618,oof_2,06e33ada191190f33b7792939f91743a619960fb2068687ce270a5138f7a7359,d3ea21e89105997043c81fafa56ab71a2e4959702d3f0479a96f26ed5f75b839,723a6ed014d5e10b7efc97f3e3f14f01878c749784f69570ca202dbac5bcd751
ffd542e6-175d-5c82-8375-1516f553fec2,6ba052bf-9acb-545a-8d0a-b3d6c2ec399f,2025-08-23,73e94e1e-af70-573a-ab1c-ef66219f9e40,0b5c07a8-ab60-5218-aacf-fbb37163f327,1,0.69840508699417114,oof_2,06e33ada191190f33b7792939f91743a619960fb2068687ce270a5138f7a7359,d3ea21e89105997043c81fafa56ab71a2e4959702d3f0479a96f26ed5f75b839,723a6ed014d5e10b7efc97f3e3f14f01878c749784f69570ca202dbac5bcd751
14786d8f-a3ec-59fe-a020-b2f7c60f0830,8b1e18fc-6fbd-5144-86bb-16e6d7dfd342,2025-09-06,82c71e9c-d9db-5134-87fd-22a1ba3e9733,dbf86bd8-bfde-5c70-bdef-e4515b49fde7,1,0.67809218168258667,oof_2,06e33ada191190f33b7792939f91743a619960fb2068687ce270a5138f7a7359,d3ea21e89105997043c81fafa56ab71a2e4959702d3f0479a96f26ed5f75b839,723a6ed014d5e10b7efc97f3e3f14f01878c749784f69570ca202dbac5bcd751
1fc6e1cc-7c65-512c-9be2-fa83210043f8,8b1e18fc-6fbd-5144-86bb-16e6d7dfd342,2025-09-06,ab21f6d2-0fc5-5dcd-96cb-1a9b326988c4,995ea82c-1a6c-5177-929d-12adf2ae33ee,0,0.48338583111763,oof_2,06e33ada191190f33b7792939f91743a619960fb2068687ce270a5138f7a7359,d3ea21e89105997043c81fafa56ab71a2e4959702d3f0479a96f26ed5f75b839,723a6ed014d5e10b7efc97f3e3f14f01878c749784f69570ca202dbac5bcd751
22387ac9-e82d-53dc-b38f-d1a00173fa01,8b1e18fc-6fbd-5144-86bb-16e6d7dfd342,2025-09-06,e82e3406-8474-5ad1-b3bd-3700728bbc62,bda229e2-f297-5a75-8aff-247eec83f9c9,0,0.62610924243927002,oof_2,06e33ada191190f33b7792939f91743a619960fb2068687ce270a5138f7a7359,d3ea21e89105997043c81fafa56ab71a2e4959702d3f0479a96f26ed5f75b839,723a6ed014d5e10b7efc97f3e3f14f01878c749784f69570ca202dbac5bcd751
25f04bea-adf8-5d07-8941-c815134850cc,8b1e18fc-6fbd-5144-86bb-16e6d7dfd342,2025-09-06,5f40b21e-3efb-56f1-8b36-d65373f9b0d8,5587cf9d-f4d8-5937-9788-8055a4d48e37,0,0.73973238468170166,oof_2,06e33ada191190f33b7792939f91743a619960fb2068687ce270a5138f7a7359,d3ea21e89105997043c81fafa56ab71a2e4959702d3f0479a96f26ed5f75b839,723a6ed014d5e10b7efc97f3e3f14f01878c749784f69570ca202dbac5bcd751
3215b870-8dfc-5588-9081-b07533c2be7d,8b1e18fc-6fbd-5144-86bb-16e6d7dfd342,2025-09-06,64c91aed-c202-5c16-8ec0-4fb3c4de543f,6d4c2d7b-0227-5afc-8634-068db9c151b4,1,0.79415237903594971,oof_2,06e33ada191190f33b7792939f91743a619960fb2068687ce270a5138f7a7359,d3ea21e89105997043c81fafa56ab71a2e4959702d3f0479a96f26ed5f75b839,723a6ed014d5e10b7efc97f3e3f14f01878c749784f69570ca202dbac5bcd751
4c61d9be-8942-5d27-874a-3d2f8d60f7b8,8b1e18fc-6fbd-5144-86bb-16e6d7dfd342,2025-09-06,f7870042-9074-521b-b36b-ec1fcfe88151,62d1b828-2d07-5629-a3bc-a588fe340b11,0,0.65871357917785645,oof_2,06e33ada191190f33b7792939f91743a619960fb2068687ce270a5138f7a7359,d3ea21e89105997043c81fafa56ab71a2e4959702d3f0479a96f26ed5f75b839,723a6ed014d5e10b7efc97f3e3f14f01878c749784f69570ca202dbac5bcd751
659bc59a-f67d-501a-a98b-cb2117e793fe,8b1e18fc-6fbd-5144-86bb-16e6d7dfd342,2025-09-06,99376c9c-5a7a-5ce6-a66f-e64630100040,78d0388e-0a8e-5f08-92ec-0e6be31bab5b,1,0.7130579948425293,oof_2,06e33ada191190f33b7792939f91743a619960fb2068687ce270a5138f7a7359,d3ea21e89105997043c81fafa56ab71a2e4959702d3f0479a96f26ed5f75b839,723a6ed014d5e10b7efc97f3e3f14f01878c749784f69570ca202dbac5bcd751
6e368899-3525-50de-a839-a926a1196ca0,8b1e18fc-6fbd-5144-86bb-16e6d7dfd342,2025-09-06,77a534d8-d6d4-5a9e-b167-e538680158c4,696053ca-59f1-5176-94fc-e1ca32a0bf96,0,0.72860407829284668,oof_2,06e33ada191190f33b7792939f91743a619960fb2068687ce270a5138f7a7359,d3ea21e89105997043c81fafa56ab71a2e4959702d3f0479a96f26ed5f75b839,723a6ed014d5e10b7efc97f3e3f14f01878c749784f69570ca202dbac5bcd751
865f3c80-6203-5c5c-a52e-9448acfc5d3b,8b1e18fc-6fbd-5144-86bb-16e6d7dfd342,2025-09-06,60c2b48b-5cb4-5014-b4f3-1714427e1ac7,59bb2f10-cf06-528f-b8c6-67883d8fce6d,1,0.52350533008575439,oof_2,06e33ada191190f33b7792939f91743a619960fb2068687ce270a5138f7a7359,d3ea21e89105997043c81fafa56ab71a2e4959702d3f0479a96f26ed5f75b839,723a6ed014d5e10b7efc97f3e3f14f01878c749784f69570ca202dbac5bcd751
8e8d16a3-b9bd-5f85-a967-41dd248580cf,8b1e18fc-6fbd-5144-86bb-16e6d7dfd342,2025-09-06,dfbbc0ce-fcc6-51f5-aaa9-2a7263fe9fb2,88051bb0-7a63-5b5c-bb36-68900260f409,1,0.78974515199661255,oof_2,06e33ada191190f33b7792939f91743a619960fb2068687ce270a5138f7a7359,d3ea21e89105997043c81fafa56ab71a2e4959702d3f0479a96f26ed5f75b839,723a6ed014d5e10b7efc97f3e3f14f01878c749784f69570ca202dbac5bcd751
945a10d2-88a1-5af6-99ef-f1cfc90ed8ff,8b1e18fc-6fbd-5144-86bb-16e6d7dfd342,2025-09-06,266d08cb-0620-5a17-913b-f75ba708c5fa,df1b04a2-1b78-53be-9487-208090001215,1,0.61578088998794556,oof_2,06e33ada191190f33b7792939f91743a619960fb2068687ce270a5138f7a7359,d3ea21e89105997043c81fafa56ab71a2e4959702d3f0479a96f26ed5f75b839,723a6ed014d5e10b7efc97f3e3f14f01878c749784f69570ca202dbac5bcd751
ab85b57b-da7e-5793-ab57-339e94a1a330,8b1e18fc-6fbd-5144-86bb-16e6d7dfd342,2025-09-06,1ce4900d-5c80-5c2d-a281-272f4e8c1ee0,f4910498-18da-5d39-9b5c-e82e633f81e7,0,0.74340498447418213,oof_2,06e33ada191190f33b7792939f91743a619960fb2068687ce270a5138f7a7359,d3ea21e89105997043c81fafa56ab71a2e4959702d3f0479a96f26ed5f75b839,723a6ed014d5e10b7efc97f3e3f14f01878c749784f69570ca202dbac5bcd751
b849b508-43d6-56d8-8fe7-2f75cd36399d,8b1e18fc-6fbd-5144-86bb-16e6d7dfd342,2025-09-06,340eb8d3-8d23-5183-afb2-4370550803f3,ab7fcf35-6b00-5ea0-8afe-810d3ae1702a,1,0.81937628984451294,oof_2,06e33ada191190f33b7792939f91743a619960fb2068687ce270a5138f7a7359,d3ea21e89105997043c81fafa56ab71a2e4959702d3f0479a96f26ed5f75b839,723a6ed014d5e10b7efc97f3e3f14f01878c749784f69570ca202dbac5bcd751
098c09af-ba36-535e-a789-39e5baea105c,191a3c16-fdf4-587d-988c-d47b78bf933a,2025-09-13,b8c2968b-518f-512b-a699-f763b593034e,5668c209-69b2-519b-a48d-dd665796239d,1,0.63622874021530151,oof_2,06e33ada191190f33b7792939f91743a619960fb2068687ce270a5138f7a7359,d3ea21e89105997043c81fafa56ab71a2e4959702d3f0479a96f26ed5f75b839,723a6ed014d5e10b7efc97f3e3f14f01878c749784f69570ca202dbac5bcd751
7ba8b7ae-d045-551d-a498-41c945916f2d,191a3c16-fdf4-587d-988c-d47b78bf933a,2025-09-13,db80bfda-b551-5c1c-9ee9-61e25ace1ffd,04520b1a-923a-54cb-bb8e-dc25172f1709,0,0.45011171698570251,oof_2,06e33ada191190f33b7792939f91743a619960fb2068687ce270a5138f7a7359,d3ea21e89105997043c81fafa56ab71a2e4959702d3f0479a96f26ed5f75b839,723a6ed014d5e10b7efc97f3e3f14f01878c749784f69570ca202dbac5bcd751
836c5742-3695-526e-b811-0db34974eb5d,191a3c16-fdf4-587d-988c-d47b78bf933a,2025-09-13,3d36bcb8-0630-50d9-8389-ccee3a1f333c,502ca2ef-a7a7-584e-8561-f6ad6ffe21c9,1,0.82849317789077759,oof_2,06e33ada191190f33b7792939f91743a619960fb2068687ce270a5138f7a7359,d3ea21e89105997043c81fafa56ab71a2e4959702d3f0479a96f26ed5f75b839,723a6ed014d5e10b7efc97f3e3f14f01878c749784f69570ca202dbac5bcd751
84100e3e-ff78-526c-8019-691dd9d81a8a,191a3c16-fdf4-587d-988c-d47b78bf933a,2025-09-13,34998cc8-0bec-5f56-b3eb-ef95c0d1d8b5,8531c9b8-a99d-59de-a486-64da43cec162,1,0.57696312665939331,oof_2,06e33ada191190f33b7792939f91743a619960fb2068687ce270a5138f7a7359,d3ea21e89105997043c81fafa56ab71a2e4959702d3f0479a96f26ed5f75b839,723a6ed014d5e10b7efc97f3e3f14f01878c749784f69570ca202dbac5bcd751
a2da243d-b0b2-535c-be51-2535bee5fcf6,191a3c16-fdf4-587d-988c-d47b78bf933a,2025-09-13,3c650376-51b8-54db-8cb3-218b26918b1c,aceef432-1685-5311-91b2-015a5ab0458e,1,0.42906391620635986,oof_2,06e33ada191190f33b7792939f91743a619960fb2068687ce270a5138f7a7359,d3ea21e89105997043c81fafa56ab71a2e4959702d3f0479a96f26ed5f75b839,723a6ed014d5e10b7efc97f3e3f14f01878c749784f69570ca202dbac5bcd751
c0999d68-5e83-52f8-bc2b-bd86b4dc587a,191a3c16-fdf4-587d-988c-d47b78bf933a,2025-09-13,97fdad3c-166c-503e-90dc-c235b857a415,7f5c1015-2e58-599d-928d-ffe29dbcc75a,0,0.36738243699073792,oof_2,06e33ada191190f33b7792939f91743a619960fb2068687ce270a5138f7a7359,d3ea21e89105997043c81fafa56ab71a2e4959702d3f0479a96f26ed5f75b839,723a6ed014d5e10b7efc97f3e3f14f01878c749784f69570ca202dbac5bcd751
c4dd37e0-975e-50e9-8871-3cdb98287a9b,191a3c16-fdf4-587d-988c-d47b78bf933a,2025-09-13,5bd99496-426b-5e1c-b2b9-10da1cec9c6a,9241fbb1-b4fc-5596-b8ad-7f374311f788,1,0.66354376077651978,oof_2,06e33ada191190f33b7792939f91743a619960fb2068687ce270a5138f7a7359,d3ea21e89105997043c81fafa56ab71a2e4959702d3f0479a96f26ed5f75b839,723a6ed014d5e10b7efc97f3e3f14f01878c749784f69570ca202dbac5bcd751
d4185c9b-3135-5ea5-beaf-ec834b59cf62,191a3c16-fdf4-587d-988c-d47b78bf933a,2025-09-13,e6a2de7e-2681-5f03-ab35-d8f0465dcf15,c092f181-2118-586c-af73-70d4dcd66491,0,0.78027194738388062,oof_2,06e33ada191190f33b7792939f91743a619960fb2068687ce270a5138f7a7359,d3ea21e89105997043c81fafa56ab71a2e4959702d3f0479a96f26ed5f75b839,723a6ed014d5e10b7efc97f3e3f14f01878c749784f69570ca202dbac5bcd751
d6960ef6-ad10-5584-9b59-5fb2d6056124,191a3c16-fdf4-587d-988c-d47b78bf933a,2025-09-13,d02dc52b-a050-557e-9774-c69470671526,85089c81-4487-5f63-88eb-93415464c024,0,0.56190502643585205,oof_2,06e33ada191190f33b7792939f91743a619960fb2068687ce270a5138f7a7359,d3ea21e89105997043c81fafa56ab71a2e4959702d3f0479a96f26ed5f75b839,723a6ed014d5e10b7efc97f3e3f14f01878c749784f69570ca202dbac5bcd751
dd2eaa70-a7a5-5695-bbfc-0c1b20120641,191a3c16-fdf4-587d-988c-d47b78bf933a,2025-09-13,efa4c5c7-2033-5ef8-a6c0-fb7d7a02e5d6,d3dfebbd-cc6c-5c34-affa-ab66dd6732a0,1,0.75942111015319824,oof_2,06e33ada191190f33b7792939f91743a619960fb2068687ce270a5138f7a7359,d3ea21e89105997043c81fafa56ab71a2e4959702d3f0479a96f26ed5f75b839,723a6ed014d5e10b7efc97f3e3f14f01878c749784f69570ca202dbac5bcd751
e14d58dd-93f6-5267-a879-58b3cba0233e,191a3c16-fdf4-587d-988c-d47b78bf933a,2025-09-13,88dce9d6-792b-5378-ac09-45cab5d81751,3c2f987e-afb5-5600-b11d-c93e9e2dcb7c,1,0.72556412220001221,oof_2,06e33ada191190f33b7792939f91743a619960fb2068687ce270a5138f7a7359,d3ea21e89105997043c81fafa56ab71a2e4959702d3f0479a96f26ed5f75b839,723a6ed014d5e10b7efc97f3e3f14f01878c749784f69570ca202dbac5bcd751
ea326f76-6186-57db-91d0-f0807809d952,191a3c16-fdf4-587d-988c-d47b78bf933a,2025-09-13,eddcfe9a-edde-5659-a83f-5f0241e3ab95,ee197917-80a9-5169-bcc2-3d2f35ae01f1,1,0.55777698755264282,oof_2,06e33ada191190f33b7792939f91743a619960fb2068687ce270a5138f7a7359,d3ea21e89105997043c81fafa56ab71a2e4959702d3f0479a96f26ed5f75b839,723a6ed014d5e10b7efc97f3e3f14f01878c749784f69570ca202dbac5bcd751
ecb39443-6df5-597c-94d7-5bb4debf1804,191a3c16-fdf4-587d-988c-d47b78bf933a,2025-09-13,87e3b81e-fe88-5d3e-9818-f8cc19cf454e,376a38d6-f109-51c9-8178-f6abe5269171,0,0.5572509765625,oof_2,06e33ada191190f33b7792939f91743a619960fb2068687ce270a5138f7a7359,d3ea21e89105997043c81fafa56ab71a2e4959702d3f0479a96f26ed5f75b839,723a6ed014d5e10b7efc97f3e3f14f01878c749784f69570ca202dbac5bcd751
027aa629-ea36-5b19-9c1b-0379d96db5fa,0a41cba6-d414-5e02-801e-bf88c7464aa3,2025-09-27,f218094c-4e94-59e8-93cf-64974e407715,7a4290ac-4986-58ab-86ab-779b00d1a55d,0,0.50268852710723877,oof_2,06e33ada191190f33b7792939f91743a619960fb2068687ce270a5138f7a7359,d3ea21e89105997043c81fafa56ab71a2e4959702d3f0479a96f26ed5f75b839,723a6ed014d5e10b7efc97f3e3f14f01878c749784f69570ca202dbac5bcd751
13d4761f-dae4-5e5b-8985-6e288338e2aa,0a41cba6-d414-5e02-801e-bf88c7464aa3,2025-09-27,2ab7d2a8-d517-5aa3-b11c-9f648ca07eb3,a005fa8c-c499-5cc5-96cf-0f95bdf0e58f,1,0.51590341329574585,oof_2,06e33ada191190f33b7792939f91743a619960fb2068687ce270a5138f7a7359,d3ea21e89105997043c81fafa56ab71a2e4959702d3f0479a96f26ed5f75b839,723a6ed014d5e10b7efc97f3e3f14f01878c749784f69570ca202dbac5bcd751
29e3bb14-5864-598d-b85d-2424da9d56db,0a41cba6-d414-5e02-801e-bf88c7464aa3,2025-09-27,4157da27-4bd6-5886-87b3-287573174a81,e2805d4e-34b4-519e-9cc2-025a836fb1ce,1,0.57769620418548584,oof_2,06e33ada191190f33b7792939f91743a619960fb2068687ce270a5138f7a7359,d3ea21e89105997043c81fafa56ab71a2e4959702d3f0479a96f26ed5f75b839,723a6ed014d5e10b7efc97f3e3f14f01878c749784f69570ca202dbac5bcd751
31802d94-1f86-56ae-813f-1f7b1190514d,0a41cba6-d414-5e02-801e-bf88c7464aa3,2025-09-27,c0dc37bf-e27a-5b9b-9ee6-2df7d20570f7,829f9571-f49d-52e0-a0dd-373bd5967da1,1,0.65722107887268066,oof_2,06e33ada191190f33b7792939f91743a619960fb2068687ce270a5138f7a7359,d3ea21e89105997043c81fafa56ab71a2e4959702d3f0479a96f26ed5f75b839,723a6ed014d5e10b7efc97f3e3f14f01878c749784f69570ca202dbac5bcd751
3491ef25-e825-582e-a5c0-c80b7738af57,0a41cba6-d414-5e02-801e-bf88c7464aa3,2025-09-27,63c5b479-664f-5196-8fd0-418754a80ba7,98efede0-827a-5ea0-a0db-873a1c7c41a3,1,0.51427865028381348,oof_2,06e33ada191190f33b7792939f91743a619960fb2068687ce270a5138f7a7359,d3ea21e89105997043c81fafa56ab71a2e4959702d3f0479a96f26ed5f75b839,723a6ed014d5e10b7efc97f3e3f14f01878c749784f69570ca202dbac5bcd751
3a293b28-092e-5f2b-81ef-9e006f72dca7,0a41cba6-d414-5e02-801e-bf88c7464aa3,2025-09-27,948f973a-3a36-557b-95b0-92203af7f017,554f6fa3-2f6c-561e-a4bb-f7238ddad37d,1,0.76628190279006958,oof_2,06e33ada191190f33b7792939f91743a619960fb2068687ce270a5138f7a7359,d3ea21e89105997043c81fafa56ab71a2e4959702d3f0479a96f26ed5f75b839,723a6ed014d5e10b7efc97f3e3f14f01878c749784f69570ca202dbac5bcd751
4d6adac8-982b-514c-ae05-0cb9d7e1ab67,0a41cba6-d414-5e02-801e-bf88c7464aa3,2025-09-27,d744f21a-72cb-5577-b189-bc6c60227cc2,b267195b-4dd2-5d1c-b6fa-e095bd8749cf,1,0.65927451848983765,oof_2,06e33ada191190f33b7792939f91743a619960fb2068687ce270a5138f7a7359,d3ea21e89105997043c81fafa56ab71a2e4959702d3f0479a96f26ed5f75b839,723a6ed014d5e10b7efc97f3e3f14f01878c749784f69570ca202dbac5bcd751
4ea64a83-0bd6-5d88-abad-da5b4a2f2709,0a41cba6-d414-5e02-801e-bf88c7464aa3,2025-09-27,e87833d6-2e0e-5556-99bf-25e422a49727,049cb528-be3f-5ec7-bc9c-968a95278cd7,0,0.71694391965866089,oof_2,06e33ada191190f33b7792939f91743a619960fb2068687ce270a5138f7a7359,d3ea21e89105997043c81fafa56ab71a2e4959702d3f0479a96f26ed5f75b839,723a6ed014d5e10b7efc97f3e3f14f01878c749784f69570ca202dbac5bcd751
528e1b4e-40ca-5188-8522-373e5b8c3b23,0a41cba6-d414-5e02-801e-bf88c7464aa3,2025-09-27,c7953f2b-c495-5e74-af82-0f8183bd95e2,f10cbcbd-1d53-5363-9bfc-b1606599ccc9,1,0.68078672885894775,oof_2,06e33ada191190f33b7792939f91743a619960fb2068687ce270a5138f7a7359,d3ea21e89105997043c81fafa56ab71a2e4959702d3f0479a96f26ed5f75b839,723a6ed014d5e10b7efc97f3e3f14f01878c749784f69570ca202dbac5bcd751
5687b218-6d10-5766-b0c6-e3fbee381308,0a41cba6-d414-5e02-801e-bf88c7464aa3,2025-09-27,0e6bdbf7-b388-5612-a7b3-f1da80a47c28,34b4d1c0-7797-5c0b-a508-c6958126da31,1,0.78044503927230835,oof_2,06e33ada191190f33b7792939f91743a619960fb2068687ce270a5138f7a7359,d3ea21e89105997043c81fafa56ab71a2e4959702d3f0479a96f26ed5f75b839,723a6ed014d5e10b7efc97f3e3f14f01878c749784f69570ca202dbac5bcd751
6536b80b-0c66-5635-8401-496384cf66af,0a41cba6-d414-5e02-801e-bf88c7464aa3,2025-09-27,20873349-3d1a-5579-9ffc-e8e392a0196f,c07ef02b-713c-50c1-8b68-be772f2c67f4,1,0.62925148010253906,oof_2,06e33ada191190f33b7792939f91743a619960fb2068687ce270a5138f7a7359,d3ea21e89105997043c81fafa56ab71a2e4959702d3f0479a96f26ed5f75b839,723a6ed014d5e10b7efc97f3e3f14f01878c749784f69570ca202dbac5bcd751
c6fd03ee-34f2-5841-a509-d2058d39e557,0a41cba6-d414-5e02-801e-bf88c7464aa3,2025-09-27,d1801136-0086-52db-bec8-0dcff8a5334f,c7c87c1e-9642-539a-8812-7e8ddaea1f4a,1,0.57623088359832764,oof_2,06e33ada191190f33b7792939f91743a619960fb2068687ce270a5138f7a7359,d3ea21e89105997043c81fafa56ab71a2e4959702d3f0479a96f26ed5f75b839,723a6ed014d5e10b7efc97f3e3f14f01878c749784f69570ca202dbac5bcd751
0518aa00-ba73-5775-8e70-65c512f1b829,0d3d1244-c717-584e-828e-919ec8d2303b,2025-10-04,3d9328ba-d1c6-5aea-93f8-fedb15bd22e9,7e59d6ac-bbd2-5616-9827-3cfd66d478e9,0,0.65132284164428711,oof_3,06e33ada191190f33b7792939f91743a619960fb2068687ce270a5138f7a7359,259ddfec107bba197737dd972e39c0e1530e47ae6a5300a8a16c30ca9f72aee3,801ea4da4c7d3bdc3228ab528ca497d213cdc9909fb960434107e4c595426883
0847bccf-44a1-5c0d-8e67-1dd84de3cc7b,0d3d1244-c717-584e-828e-919ec8d2303b,2025-10-04,f5c94892-cea5-5439-8514-a8ff14efe55f,3d3f3ccd-6a55-5f04-8fab-13419acea9f9,0,0.59536576271057129,oof_3,06e33ada191190f33b7792939f91743a619960fb2068687ce270a5138f7a7359,259ddfec107bba197737dd972e39c0e1530e47ae6a5300a8a16c30ca9f72aee3,801ea4da4c7d3bdc3228ab528ca497d213cdc9909fb960434107e4c595426883
0c1ff570-03f6-5474-9bb5-470f21d661e0,0d3d1244-c717-584e-828e-919ec8d2303b,2025-10-04,935ef993-3fce-585f-a3ec-0a8f1426a004,a61e1815-3be4-5e51-ba3b-615b06821482,1,0.76451677083969116,oof_3,06e33ada191190f33b7792939f91743a619960fb2068687ce270a5138f7a7359,259ddfec107bba197737dd972e39c0e1530e47ae6a5300a8a16c30ca9f72aee3,801ea4da4c7d3bdc3228ab528ca497d213cdc9909fb960434107e4c595426883
1812af43-5e5c-56b2-98ba-ff75433418e3,0d3d1244-c717-584e-828e-919ec8d2303b,2025-10-04,945fa86c-afcf-5ba4-b763-ec8f758f29ee,da32ea28-6fa6-5cc6-b60e-17e46fa47b82,0,0.63859456777572632,oof_3,06e33ada191190f33b7792939f91743a619960fb2068687ce270a5138f7a7359,259ddfec107bba197737dd972e39c0e1530e47ae6a5300a8a16c30ca9f72aee3,801ea4da4c7d3bdc3228ab528ca497d213cdc9909fb960434107e4c595426883
25f6d9d2-33c7-57f3-aa4d-f3aa5003882f,0d3d1244-c717-584e-828e-919ec8d2303b,2025-10-04,74a68e93-6e51-569a-a3b8-a4c058935760,b337ff97-eb7c-5465-ba87-39512613ba30,1,0.45838254690170288,oof_3,06e33ada191190f33b7792939f91743a619960fb2068687ce270a5138f7a7359,259ddfec107bba197737dd972e39c0e1530e47ae6a5300a8a16c30ca9f72aee3,801ea4da4c7d3bdc3228ab528ca497d213cdc9909fb960434107e4c595426883
48a48e0d-1e19-51f2-a08b-7ca50807042b,0d3d1244-c717-584e-828e-919ec8d2303b,2025-10-04,d1141647-9966-5410-8ec7-bf9f041091ce,7d6a9615-2ecc-519a-ab44-251b8dc6d847,1,0.68613356351852417,oof_3,06e33ada191190f33b7792939f91743a619960fb2068687ce270a5138f7a7359,259ddfec107bba197737dd972e39c0e1530e47ae6a5300a8a16c30ca9f72aee3,801ea4da4c7d3bdc3228ab528ca497d213cdc9909fb960434107e4c595426883
5c375359-8b25-50dd-8587-8c8427f1df17,0d3d1244-c717-584e-828e-919ec8d2303b,2025-10-04,d00f4099-816d-5bf6-8077-4137d9a5f19c,d10d773d-b760-5797-876a-3ab6a42dd94a,0,0.50809592008590698,oof_3,06e33ada191190f33b7792939f91743a619960fb2068687ce270a5138f7a7359,259ddfec107bba197737dd972e39c0e1530e47ae6a5300a8a16c30ca9f72aee3,801ea4da4c7d3bdc3228ab528ca497d213cdc9909fb960434107e4c595426883
7619ce49-b372-5aaa-82ef-b0387b99ea23,0d3d1244-c717-584e-828e-919ec8d2303b,2025-10-04,01ccba4f-b129-5df9-83e2-9b9351a9c26f,0ea98974-4b83-5ec9-ac50-eca617b463e7,0,0.26202937960624695,oof_3,06e33ada191190f33b7792939f91743a619960fb2068687ce270a5138f7a7359,259ddfec107bba197737dd972e39c0e1530e47ae6a5300a8a16c30ca9f72aee3,801ea4da4c7d3bdc3228ab528ca497d213cdc9909fb960434107e4c595426883
93e78959-472a-5008-a1bd-7dfa8ab7472e,0d3d1244-c717-584e-828e-919ec8d2303b,2025-10-04,31c4500d-57d6-59cd-8dce-165c2eadd098,64a96492-00d2-5b84-bea1-d799cd0ce923,1,0.82075601816177368,oof_3,06e33ada191190f33b7792939f91743a619960fb2068687ce270a5138f7a7359,259ddfec107bba197737dd972e39c0e1530e47ae6a5300a8a16c30ca9f72aee3,801ea4da4c7d3bdc3228ab528ca497d213cdc9909fb960434107e4c595426883
979b1b9c-f9ce-5862-81bd-b67ef89247d0,0d3d1244-c717-584e-828e-919ec8d2303b,2025-10-04,ac751de1-50b9-5e09-8385-e8a3a5411c6b,197390c7-1d00-5eee-a548-c04c8fc7157c,0,0.71684116125106812,oof_3,06e33ada191190f33b7792939f91743a619960fb2068687ce270a5138f7a7359,259ddfec107bba197737dd972e39c0e1530e47ae6a5300a8a16c30ca9f72aee3,801ea4da4c7d3bdc3228ab528ca497d213cdc9909fb960434107e4c595426883
9e83dd8d-7477-56b4-8eac-15e2e655684c,0d3d1244-c717-584e-828e-919ec8d2303b,2025-10-04,805ba04f-9f9c-513c-be74-0f7572a78c68,053561bb-c3e9-5bfe-9395-ba3afaac7e43,1,0.69037884473800659,oof_3,06e33ada191190f33b7792939f91743a619960fb2068687ce270a5138f7a7359,259ddfec107bba197737dd972e39c0e1530e47ae6a5300a8a16c30ca9f72aee3,801ea4da4c7d3bdc3228ab528ca497d213cdc9909fb960434107e4c595426883
afe087a2-ed6e-5cd3-98e2-65498ddc43b4,0d3d1244-c717-584e-828e-919ec8d2303b,2025-10-04,f77ad944-5eef-553f-8681-f82f0d000b52,f022c9a9-7e75-5e17-bb36-ab9ad0695dfb,1,0.74691247940063477,oof_3,06e33ada191190f33b7792939f91743a619960fb2068687ce270a5138f7a7359,259ddfec107bba197737dd972e39c0e1530e47ae6a5300a8a16c30ca9f72aee3,801ea4da4c7d3bdc3228ab528ca497d213cdc9909fb960434107e4c595426883
e39e1fad-13f7-51ec-815a-5dbc0fb0e00a,0d3d1244-c717-584e-828e-919ec8d2303b,2025-10-04,012659c9-4954-5740-9d91-c7d0b082eae3,69da3266-70a9-5c59-b1e2-eb0c65fe3621,1,0.73674005270004272,oof_3,06e33ada191190f33b7792939f91743a619960fb2068687ce270a5138f7a7359,259ddfec107bba197737dd972e39c0e1530e47ae6a5300a8a16c30ca9f72aee3,801ea4da4c7d3bdc3228ab528ca497d213cdc9909fb960434107e4c595426883
f548f1aa-63f1-5ec9-8b81-22dc0160ddb5,0d3d1244-c717-584e-828e-919ec8d2303b,2025-10-04,a1d2b2d2-0287-5a5e-890b-b1a8a46aee12,1b59cb48-4c24-5616-82dc-405063251095,1,0.80309593677520752,oof_3,06e33ada191190f33b7792939f91743a619960fb2068687ce270a5138f7a7359,259ddfec107bba197737dd972e39c0e1530e47ae6a5300a8a16c30ca9f72aee3,801ea4da4c7d3bdc3228ab528ca497d213cdc9909fb960434107e4c595426883
087babd4-9919-5347-a1ed-1b777a102ff3,75ee042d-0247-598e-9a13-082674c2e21f,2025-10-11,49cfcc6f-479a-5389-86b1-c910ad13510c,e3a71d3d-78f3-5868-96b9-66ba696d8348,0,0.49174803495407104,oof_3,06e33ada191190f33b7792939f91743a619960fb2068687ce270a5138f7a7359,259ddfec107bba197737dd972e39c0e1530e47ae6a5300a8a16c30ca9f72aee3,801ea4da4c7d3bdc3228ab528ca497d213cdc9909fb960434107e4c595426883
2793fd21-fd6a-5d7f-b712-0e4aeaae3c81,75ee042d-0247-598e-9a13-082674c2e21f,2025-10-11,965e7f39-b30a-5405-a388-aa2e7687a8fb,b56e389a-c8b5-5641-a270-bac97c533285,1,0.64742058515548706,oof_3,06e33ada191190f33b7792939f91743a619960fb2068687ce270a5138f7a7359,259ddfec107bba197737dd972e39c0e1530e47ae6a5300a8a16c30ca9f72aee3,801ea4da4c7d3bdc3228ab528ca497d213cdc9909fb960434107e4c595426883
2a4f682b-9ee5-5620-a4d5-2bea32328e5c,75ee042d-0247-598e-9a13-082674c2e21f,2025-10-11,1ea6a7a3-b36b-5aad-a0dd-0397d47d1e4b,f6b19eae-21e3-59f0-9f1e-0df448448170,0,0.34679466485977173,oof_3,06e33ada191190f33b7792939f91743a619960fb2068687ce270a5138f7a7359,259ddfec107bba197737dd972e39c0e1530e47ae6a5300a8a16c30ca9f72aee3,801ea4da4c7d3bdc3228ab528ca497d213cdc9909fb960434107e4c595426883
2f5f1f8d-4a38-5a2d-b658-9c8067da78f9,75ee042d-0247-598e-9a13-082674c2e21f,2025-10-11,1702f6c1-4cc9-568f-8843-c72f1d674054,2322d5a1-57e3-5aa8-8133-0780105432f8,1,0.53163564205169678,oof_3,06e33ada191190f33b7792939f91743a619960fb2068687ce270a5138f7a7359,259ddfec107bba197737dd972e39c0e1530e47ae6a5300a8a16c30ca9f72aee3,801ea4da4c7d3bdc3228ab528ca497d213cdc9909fb960434107e4c595426883
3f87f135-9a9a-5e99-8365-d04c300ca2ae,75ee042d-0247-598e-9a13-082674c2e21f,2025-10-11,92da1345-9829-5c48-a15b-d6f7f63a3d81,336c6337-728e-59f6-bcf2-d78ac0d98306,1,0.46263882517814636,oof_3,06e33ada191190f33b7792939f91743a619960fb2068687ce270a5138f7a7359,259ddfec107bba197737dd972e39c0e1530e47ae6a5300a8a16c30ca9f72aee3,801ea4da4c7d3bdc3228ab528ca497d213cdc9909fb960434107e4c595426883
ae026093-254a-5112-a8a9-9b63a73e1964,75ee042d-0247-598e-9a13-082674c2e21f,2025-10-11,ecc9debb-d667-5bd4-af2f-a607ff52b6cd,390ab7ce-5e3e-5f38-9231-617f316243d1,1,0.74916279315948486,oof_3,06e33ada191190f33b7792939f91743a619960fb2068687ce270a5138f7a7359,259ddfec107bba197737dd972e39c0e1530e47ae6a5300a8a16c30ca9f72aee3,801ea4da4c7d3bdc3228ab528ca497d213cdc9909fb960434107e4c595426883
af281d4d-1bfb-5d66-96a1-05de19314c91,75ee042d-0247-598e-9a13-082674c2e21f,2025-10-11,92fa95cc-048b-5d21-89c6-044c92562649,a8a1ae2f-3de4-52d6-9291-051bafb4617a,1,0.61231285333633423,oof_3,06e33ada191190f33b7792939f91743a619960fb2068687ce270a5138f7a7359,259ddfec107bba197737dd972e39c0e1530e47ae6a5300a8a16c30ca9f72aee3,801ea4da4c7d3bdc3228ab528ca497d213cdc9909fb960434107e4c595426883
b9476a29-ab36-55fa-ad25-547f64fbba3e,75ee042d-0247-598e-9a13-082674c2e21f,2025-10-11,295728e1-a666-5e94-89c7-279982d29536,c1a85f84-022d-55f0-9965-a4f9b9a5e310,1,0.39050731062889099,oof_3,06e33ada191190f33b7792939f91743a619960fb2068687ce270a5138f7a7359,259ddfec107bba197737dd972e39c0e1530e47ae6a5300a8a16c30ca9f72aee3,801ea4da4c7d3bdc3228ab528ca497d213cdc9909fb960434107e4c595426883
c536da0c-42b4-573c-8912-f53bf2136e03,75ee042d-0247-598e-9a13-082674c2e21f,2025-10-11,470eb7aa-bd14-5599-9c7c-231141b7bf57,352f3cff-4cc9-5620-8daf-6ab31ada2270,1,0.56551468372344971,oof_3,06e33ada191190f33b7792939f91743a619960fb2068687ce270a5138f7a7359,259ddfec107bba197737dd972e39c0e1530e47ae6a5300a8a16c30ca9f72aee3,801ea4da4c7d3bdc3228ab528ca497d213cdc9909fb960434107e4c595426883
c65c7c3c-b64d-5bcf-9239-a96b454eb58d,75ee042d-0247-598e-9a13-082674c2e21f,2025-10-11,d5c3a97b-0f86-583e-bb64-1c9e43049c36,53049461-2332-5cad-a2a2-c7b4a868b2db,0,0.41778367757797241,oof_3,06e33ada191190f33b7792939f91743a619960fb2068687ce270a5138f7a7359,259ddfec107bba197737dd972e39c0e1530e47ae6a5300a8a16c30ca9f72aee3,801ea4da4c7d3bdc3228ab528ca497d213cdc9909fb960434107e4c595426883
e59121af-0567-5aa2-8f24-fe4b40caa719,75ee042d-0247-598e-9a13-082674c2e21f,2025-10-11,2de69ae1-e29b-515b-a837-0b7bcd09294c,57b7939f-c270-54c2-84a1-319cad025ddc,1,0.57992035150527954,oof_3,06e33ada191190f33b7792939f91743a619960fb2068687ce270a5138f7a7359,259ddfec107bba197737dd972e39c0e1530e47ae6a5300a8a16c30ca9f72aee3,801ea4da4c7d3bdc3228ab528ca497d213cdc9909fb960434107e4c595426883
e6e2f376-6279-58ef-88db-8a02fb45e3d3,75ee042d-0247-598e-9a13-082674c2e21f,2025-10-11,5d82280c-c367-5931-8c0a-174f7419fa40,0aa7006c-e259-5980-a172-346522daa172,0,0.61381012201309204,oof_3,06e33ada191190f33b7792939f91743a619960fb2068687ce270a5138f7a7359,259ddfec107bba197737dd972e39c0e1530e47ae6a5300a8a16c30ca9f72aee3,801ea4da4c7d3bdc3228ab528ca497d213cdc9909fb960434107e4c595426883
090acf17-b587-5e55-9490-a837ea64db5d,051af1fc-666c-537a-84e5-b7b8bb415cf9,2025-10-18,ef928ca1-1687-5572-8e81-9d9eae66e85f,5d26bddf-51d3-5417-aeab-7329263c2e27,0,0.72678142786026001,oof_3,06e33ada191190f33b7792939f91743a619960fb2068687ce270a5138f7a7359,259ddfec107bba197737dd972e39c0e1530e47ae6a5300a8a16c30ca9f72aee3,801ea4da4c7d3bdc3228ab528ca497d213cdc9909fb960434107e4c595426883
3e368d42-7c85-58e2-8c4d-19f3da3e4a1b,051af1fc-666c-537a-84e5-b7b8bb415cf9,2025-10-18,05b52933-2ba0-5c13-b71f-62208fba3378,cb72d261-8fdf-5ceb-8061-38d3734c6c11,1,0.56312578916549683,oof_3,06e33ada191190f33b7792939f91743a619960fb2068687ce270a5138f7a7359,259ddfec107bba197737dd972e39c0e1530e47ae6a5300a8a16c30ca9f72aee3,801ea4da4c7d3bdc3228ab528ca497d213cdc9909fb960434107e4c595426883
6dc23281-053b-5d57-83c4-40168a6b8c42,051af1fc-666c-537a-84e5-b7b8bb415cf9,2025-10-18,b816c68b-7dba-55b0-817e-febdbf6cdbc6,0a712492-b3d4-537d-8822-f9df4a87cc35,0,0.46487736701965332,oof_3,06e33ada191190f33b7792939f91743a619960fb2068687ce270a5138f7a7359,259ddfec107bba197737dd972e39c0e1530e47ae6a5300a8a16c30ca9f72aee3,801ea4da4c7d3bdc3228ab528ca497d213cdc9909fb960434107e4c595426883
6fde9d3f-2ea6-5f64-87d3-c77aa9dbf4e2,051af1fc-666c-537a-84e5-b7b8bb415cf9,2025-10-18,8cad8d9a-c500-5fe1-afc7-e116941e2f0c,b7524837-10c7-5128-a6b2-4738cc3b5a93,0,0.59217113256454468,oof_3,06e33ada191190f33b7792939f91743a619960fb2068687ce270a5138f7a7359,259ddfec107bba197737dd972e39c0e1530e47ae6a5300a8a16c30ca9f72aee3,801ea4da4c7d3bdc3228ab528ca497d213cdc9909fb960434107e4c595426883
70dbce95-11cb-59b3-bcb0-1fabc080ed1a,051af1fc-666c-537a-84e5-b7b8bb415cf9,2025-10-18,cc259f61-a974-5f0f-ad31-d33bd77867e0,c2786919-49e0-5cf1-8fdb-b6042b877a67,1,0.69209420680999756,oof_3,06e33ada191190f33b7792939f91743a619960fb2068687ce270a5138f7a7359,259ddfec107bba197737dd972e39c0e1530e47ae6a5300a8a16c30ca9f72aee3,801ea4da4c7d3bdc3228ab528ca497d213cdc9909fb960434107e4c595426883
79acc734-12dd-5958-b872-bd157b42c106,051af1fc-666c-537a-84e5-b7b8bb415cf9,2025-10-18,29e2be84-e6f9-564a-91ac-67038549c6ab,c3ea8f65-095d-5555-ac15-ece2528326d7,0,0.53647476434707642,oof_3,06e33ada191190f33b7792939f91743a619960fb2068687ce270a5138f7a7359,259ddfec107bba197737dd972e39c0e1530e47ae6a5300a8a16c30ca9f72aee3,801ea4da4c7d3bdc3228ab528ca497d213cdc9909fb960434107e4c595426883
925000ea-a725-58a6-992f-af51fe3f1e0f,051af1fc-666c-537a-84e5-b7b8bb415cf9,2025-10-18,c7813622-1310-5b5a-be52-318bade2b4f6,1d8337b7-db23-5e06-9b8a-9990b721eeea,0,0.58674019575119019,oof_3,06e33ada191190f33b7792939f91743a619960fb2068687ce270a5138f7a7359,259ddfec107bba197737dd972e39c0e1530e47ae6a5300a8a16c30ca9f72aee3,801ea4da4c7d3bdc3228ab528ca497d213cdc9909fb960434107e4c595426883
9becddfe-701f-5f70-9db7-c18fb23bac67,051af1fc-666c-537a-84e5-b7b8bb415cf9,2025-10-18,95b26492-1a83-5f88-8170-bc89dcab6442,06298dd2-2cb7-51bc-97fd-0780060a5d0e,0,0.65245664119720459,oof_3,06e33ada191190f33b7792939f91743a619960fb2068687ce270a5138f7a7359,259ddfec107bba197737dd972e39c0e1530e47ae6a5300a8a16c30ca9f72aee3,801ea4da4c7d3bdc3228ab528ca497d213cdc9909fb960434107e4c595426883
e64c3750-fa29-5636-9589-1fc26c031c54,051af1fc-666c-537a-84e5-b7b8bb415cf9,2025-10-18,3aa46e8d-01e9-5328-b829-55ba65145d50,c668535b-98fb-5125-846f-28e4946ed837,1,0.74406725168228149,oof_3,06e33ada191190f33b7792939f91743a619960fb2068687ce270a5138f7a7359,259ddfec107bba197737dd972e39c0e1530e47ae6a5300a8a16c30ca9f72aee3,801ea4da4c7d3bdc3228ab528ca497d213cdc9909fb960434107e4c595426883
eb758d2b-5597-5615-a5f8-8211f251fa2a,051af1fc-666c-537a-84e5-b7b8bb415cf9,2025-10-18,243c64b6-7efe-50da-9bf8-0bb6f6fb34d7,34bba3eb-58ba-59b7-a014-2c4ed7b60bc3,1,0.39140290021896362,oof_3,06e33ada191190f33b7792939f91743a619960fb2068687ce270a5138f7a7359,259ddfec107bba197737dd972e39c0e1530e47ae6a5300a8a16c30ca9f72aee3,801ea4da4c7d3bdc3228ab528ca497d213cdc9909fb960434107e4c595426883
f2b7e36d-0d93-5a2f-b34b-068425a3e9e2,051af1fc-666c-537a-84e5-b7b8bb415cf9,2025-10-18,74805fa6-30cd-5729-b392-2f78f1ba1a66,03eb7772-9067-5322-b9a2-c1e62bbe08e4,1,0.59457457065582275,oof_3,06e33ada191190f33b7792939f91743a619960fb2068687ce270a5138f7a7359,259ddfec107bba197737dd972e39c0e1530e47ae6a5300a8a16c30ca9f72aee3,801ea4da4c7d3bdc3228ab528ca497d213cdc9909fb960434107e4c595426883
f2eb4558-961c-5002-9339-89c309fbbf0c,051af1fc-666c-537a-84e5-b7b8bb415cf9,2025-10-18,6578ec94-8a24-5bdb-8060-9f780bfc4ba6,197b6dbd-2144-5784-99b4-e551f6a243fd,1,0.52241814136505127,oof_3,06e33ada191190f33b7792939f91743a619960fb2068687ce270a5138f7a7359,259ddfec107bba197737dd972e39c0e1530e47ae6a5300a8a16c30ca9f72aee3,801ea4da4c7d3bdc3228ab528ca497d213cdc9909fb960434107e4c595426883
f9d300be-9cdd-58e7-8314-f0586fe2d179,051af1fc-666c-537a-84e5-b7b8bb415cf9,2025-10-18,f303950a-f7e6-56fe-80a7-35694f04be76,0b7da7d4-202b-5c4a-bd3c-d3c779108947,0,0.76060211658477783,oof_3,06e33ada191190f33b7792939f91743a619960fb2068687ce270a5138f7a7359,259ddfec107bba197737dd972e39c0e1530e47ae6a5300a8a16c30ca9f72aee3,801ea4da4c7d3bdc3228ab528ca497d213cdc9909fb960434107e4c595426883
0833770b-7992-5968-9520-d42dbe219d5c,102e660c-caa2-5212-8aee-8112fe77c643,2025-10-25,2e6f8234-5a9a-51a4-a156-eb60a0e037f5,ec0365a0-98e8-5a80-a3cf-646ed740a866,0,0.4643743634223938,oof_3,06e33ada191190f33b7792939f91743a619960fb2068687ce270a5138f7a7359,259ddfec107bba197737dd972e39c0e1530e47ae6a5300a8a16c30ca9f72aee3,801ea4da4c7d3bdc3228ab528ca497d213cdc9909fb960434107e4c595426883
1305cbfc-5cf8-57b9-bf54-4ef011587be4,102e660c-caa2-5212-8aee-8112fe77c643,2025-10-25,145f1020-b788-590e-a5b7-e16368dd300a,a5b4d788-0e80-579f-b675-f34b767fd8e5,0,0.66704082489013672,oof_3,06e33ada191190f33b7792939f91743a619960fb2068687ce270a5138f7a7359,259ddfec107bba197737dd972e39c0e1530e47ae6a5300a8a16c30ca9f72aee3,801ea4da4c7d3bdc3228ab528ca497d213cdc9909fb960434107e4c595426883
1b0d2115-5383-56f5-93c0-0bcbfa5b0f50,102e660c-caa2-5212-8aee-8112fe77c643,2025-10-25,7e152e59-dc63-5a25-aab1-cd15879af1b3,bb216159-7c98-51c2-95c3-40c80b07b741,1,0.39670458436012268,oof_3,06e33ada191190f33b7792939f91743a619960fb2068687ce270a5138f7a7359,259ddfec107bba197737dd972e39c0e1530e47ae6a5300a8a16c30ca9f72aee3,801ea4da4c7d3bdc3228ab528ca497d213cdc9909fb960434107e4c595426883
2e795e2f-f181-59c8-bcd9-60d794d823d8,102e660c-caa2-5212-8aee-8112fe77c643,2025-10-25,9881a37e-266e-5c60-bdf7-ad95e49f5985,4b223e6a-8b95-59b1-9062-fb889b799fc0,1,0.87433391809463501,oof_3,06e33ada191190f33b7792939f91743a619960fb2068687ce270a5138f7a7359,259ddfec107bba197737dd972e39c0e1530e47ae6a5300a8a16c30ca9f72aee3,801ea4da4c7d3bdc3228ab528ca497d213cdc9909fb960434107e4c595426883
338f2f92-151d-560b-9a3c-af5546511bc4,102e660c-caa2-5212-8aee-8112fe77c643,2025-10-25,4558548e-3bc4-53d4-a71a-36c350e1e811,9c3a90ef-5d56-5cf8-878a-e3469b9d2763,1,0.72731691598892212,oof_3,06e33ada191190f33b7792939f91743a619960fb2068687ce270a5138f7a7359,259ddfec107bba197737dd972e39c0e1530e47ae6a5300a8a16c30ca9f72aee3,801ea4da4c7d3bdc3228ab528ca497d213cdc9909fb960434107e4c595426883
459aea95-69fe-5448-82b2-0280fba9a172,102e660c-caa2-5212-8aee-8112fe77c643,2025-10-25,051cf07c-02be-5d99-9569-f008c48ec86f,fe3fc83d-2c39-5e24-9908-7d013d05beef,0,0.7542184591293335,oof_3,06e33ada191190f33b7792939f91743a619960fb2068687ce270a5138f7a7359,259ddfec107bba197737dd972e39c0e1530e47ae6a5300a8a16c30ca9f72aee3,801ea4da4c7d3bdc3228ab528ca497d213cdc9909fb960434107e4c595426883
61218c1f-ec15-50ac-9f36-f5915120c193,102e660c-caa2-5212-8aee-8112fe77c643,2025-10-25,771f9425-0f8a-5c40-ac4a-355cad170088,78dd112a-0e6b-5883-9baa-56029f061c48,0,0.67992961406707764,oof_3,06e33ada191190f33b7792939f91743a619960fb2068687ce270a5138f7a7359,259ddfec107bba197737dd972e39c0e1530e47ae6a5300a8a16c30ca9f72aee3,801ea4da4c7d3bdc3228ab528ca497d213cdc9909fb960434107e4c595426883
6d1bf46c-4f10-5b33-aaca-6f6bdce8e5a2,102e660c-caa2-5212-8aee-8112fe77c643,2025-10-25,bfa62ab8-5d12-57e2-8469-1bc2417e4ac6,a0b97187-3568-5620-bb3d-bc4df42430b7,1,0.48669010400772095,oof_3,06e33ada191190f33b7792939f91743a619960fb2068687ce270a5138f7a7359,259ddfec107bba197737dd972e39c0e1530e47ae6a5300a8a16c30ca9f72aee3,801ea4da4c7d3bdc3228ab528ca497d213cdc9909fb960434107e4c595426883
a21119f8-47a5-5b2e-bba3-ee13b1873850,102e660c-caa2-5212-8aee-8112fe77c643,2025-10-25,156ab68a-e884-5b71-b7ad-f0648a4b46d9,ece6d877-6432-5453-9c50-4e8859355223,1,0.66954344511032104,oof_3,06e33ada191190f33b7792939f91743a619960fb2068687ce270a5138f7a7359,259ddfec107bba197737dd972e39c0e1530e47ae6a5300a8a16c30ca9f72aee3,801ea4da4c7d3bdc3228ab528ca497d213cdc9909fb960434107e4c595426883
ba3eeae0-48e0-5608-a6e4-fe371660ed1d,102e660c-caa2-5212-8aee-8112fe77c643,2025-10-25,5c007fc4-aa3a-5d71-bf09-e9e09ca989ad,7096b83b-e332-5c07-8cdf-14507f96bb6c,0,0.40860959887504578,oof_3,06e33ada191190f33b7792939f91743a619960fb2068687ce270a5138f7a7359,259ddfec107bba197737dd972e39c0e1530e47ae6a5300a8a16c30ca9f72aee3,801ea4da4c7d3bdc3228ab528ca497d213cdc9909fb960434107e4c595426883
c07010c6-12fa-5371-b15a-b31a32d42ca7,102e660c-caa2-5212-8aee-8112fe77c643,2025-10-25,f4369173-d4d0-5a1a-b58f-64690f9837ec,dc6fa7b9-6ee2-5230-a371-fcb339a7a27a,1,0.82304549217224121,oof_3,06e33ada191190f33b7792939f91743a619960fb2068687ce270a5138f7a7359,259ddfec107bba197737dd972e39c0e1530e47ae6a5300a8a16c30ca9f72aee3,801ea4da4c7d3bdc3228ab528ca497d213cdc9909fb960434107e4c595426883
e78ce20c-da5b-5f35-98b3-2547e6a8425b,102e660c-caa2-5212-8aee-8112fe77c643,2025-10-25,b2735b09-979b-5d62-8e38-c47ee63f9865,af151ba8-797a-5a37-8125-89e8705bc01f,1,0.71147143840789795,oof_3,06e33ada191190f33b7792939f91743a619960fb2068687ce270a5138f7a7359,259ddfec107bba197737dd972e39c0e1530e47ae6a5300a8a16c30ca9f72aee3,801ea4da4c7d3bdc3228ab528ca497d213cdc9909fb960434107e4c595426883
06ad5439-0c27-5eb0-9325-8aca8433598d,37960e4d-8a08-50e8-810f-a2e90763957c,2025-11-01,d6749d39-4863-5d70-9593-d8749915fce5,72d9aece-0475-5fb5-a558-c0ac519028d3,1,0.67864274978637695,oof_3,06e33ada191190f33b7792939f91743a619960fb2068687ce270a5138f7a7359,259ddfec107bba197737dd972e39c0e1530e47ae6a5300a8a16c30ca9f72aee3,801ea4da4c7d3bdc3228ab528ca497d213cdc9909fb960434107e4c595426883
0820769a-9c05-5cc2-a588-ce46e2316637,37960e4d-8a08-50e8-810f-a2e90763957c,2025-11-01,4b7beade-def7-50ff-9acd-e08a42863a71,cec138fc-95d9-590a-9bf1-949ce07102a3,0,0.49737432599067688,oof_3,06e33ada191190f33b7792939f91743a619960fb2068687ce270a5138f7a7359,259ddfec107bba197737dd972e39c0e1530e47ae6a5300a8a16c30ca9f72aee3,801ea4da4c7d3bdc3228ab528ca497d213cdc9909fb960434107e4c595426883
210260c2-8ccd-5ea6-9786-e9d142163616,37960e4d-8a08-50e8-810f-a2e90763957c,2025-11-01,472994ad-f8a7-5723-82ca-d21a2c00eb88,44729fb0-6059-556f-a461-d5ee652dbc60,0,0.59216058254241943,oof_3,06e33ada191190f33b7792939f91743a619960fb2068687ce270a5138f7a7359,259ddfec107bba197737dd972e39c0e1530e47ae6a5300a8a16c30ca9f72aee3,801ea4da4c7d3bdc3228ab528ca497d213cdc9909fb960434107e4c595426883
38af04ea-667e-52de-bc83-e7c62d3abffa,37960e4d-8a08-50e8-810f-a2e90763957c,2025-11-01,c6a5c210-03cc-5aff-b654-4273eb86bb46,831d90e1-94dd-5665-aa8d-9c05487754e0,1,0.40092566609382629,oof_3,06e33ada191190f33b7792939f91743a619960fb2068687ce270a5138f7a7359,259ddfec107bba197737dd972e39c0e1530e47ae6a5300a8a16c30ca9f72aee3,801ea4da4c7d3bdc3228ab528ca497d213cdc9909fb960434107e4c595426883
417bb0f1-fd27-5ced-a360-34786b227a5a,37960e4d-8a08-50e8-810f-a2e90763957c,2025-11-01,5526f2c2-b2a1-5626-8f9d-b7221830cddb,402bdbd6-20ff-5dad-b8d6-6411633c4358,1,0.69763505458831787,oof_3,06e33ada191190f33b7792939f91743a619960fb2068687ce270a5138f7a7359,259ddfec107bba197737dd972e39c0e1530e47ae6a5300a8a16c30ca9f72aee3,801ea4da4c7d3bdc3228ab528ca497d213cdc9909fb960434107e4c595426883
482dc0c0-89e2-522c-9b9a-8b0a0021ef23,37960e4d-8a08-50e8-810f-a2e90763957c,2025-11-01,d29d9ae3-3a51-549b-afa4-4baa9f0c83d5,07ac90d8-b3be-5008-a4ad-defe55d72eb0,1,0.58334779739379883,oof_3,06e33ada191190f33b7792939f91743a619960fb2068687ce270a5138f7a7359,259ddfec107bba197737dd972e39c0e1530e47ae6a5300a8a16c30ca9f72aee3,801ea4da4c7d3bdc3228ab528ca497d213cdc9909fb960434107e4c595426883
7a388f3e-ce77-5f25-a707-631d60c2441a,37960e4d-8a08-50e8-810f-a2e90763957c,2025-11-01,65918409-f6ab-5c39-a8e7-fb89cbe7ce4a,05630e35-6b44-54c7-bf15-47f5c660a792,1,0.73200374841690063,oof_3,06e33ada191190f33b7792939f91743a619960fb2068687ce270a5138f7a7359,259ddfec107bba197737dd972e39c0e1530e47ae6a5300a8a16c30ca9f72aee3,801ea4da4c7d3bdc3228ab528ca497d213cdc9909fb960434107e4c595426883
8d7e8b16-4e01-5c70-bcc6-af1fca024c44,37960e4d-8a08-50e8-810f-a2e90763957c,2025-11-01,76f2a31c-6632-5201-a77a-f3a609e286da,e855585c-e963-58cc-b005-4658513f38d3,0,0.66287428140640259,oof_3,06e33ada191190f33b7792939f91743a619960fb2068687ce270a5138f7a7359,259ddfec107bba197737dd972e39c0e1530e47ae6a5300a8a16c30ca9f72aee3,801ea4da4c7d3bdc3228ab528ca497d213cdc9909fb960434107e4c595426883
987fee12-6f8b-5c5f-914f-dca993a20a16,37960e4d-8a08-50e8-810f-a2e90763957c,2025-11-01,8fefaeec-28cf-5a1f-835f-8fa2e25f4770,2625edc5-1bac-5b3b-9054-fba0a894bf67,1,0.69712984561920166,oof_3,06e33ada191190f33b7792939f91743a619960fb2068687ce270a5138f7a7359,259ddfec107bba197737dd972e39c0e1530e47ae6a5300a8a16c30ca9f72aee3,801ea4da4c7d3bdc3228ab528ca497d213cdc9909fb960434107e4c595426883
ae7ecb09-7095-5211-a04f-64f08e52426c,37960e4d-8a08-50e8-810f-a2e90763957c,2025-11-01,312b2727-3f2d-5dcf-aa48-48b6ff869071,efeddc63-3719-5a49-b970-793b8d2b5a56,1,0.70033025741577148,oof_3,06e33ada191190f33b7792939f91743a619960fb2068687ce270a5138f7a7359,259ddfec107bba197737dd972e39c0e1530e47ae6a5300a8a16c30ca9f72aee3,801ea4da4c7d3bdc3228ab528ca497d213cdc9909fb960434107e4c595426883
affa2397-ba3c-52dd-81eb-d3ab436471cc,37960e4d-8a08-50e8-810f-a2e90763957c,2025-11-01,c02298b4-029f-5cd4-8049-4a4fb48e4bd9,b76e3de2-a091-579d-9a00-25c2e56783c3,1,0.77535104751586914,oof_3,06e33ada191190f33b7792939f91743a619960fb2068687ce270a5138f7a7359,259ddfec107bba197737dd972e39c0e1530e47ae6a5300a8a16c30ca9f72aee3,801ea4da4c7d3bdc3228ab528ca497d213cdc9909fb960434107e4c595426883
dc746d10-acd6-5ba3-a919-71a3bb887782,37960e4d-8a08-50e8-810f-a2e90763957c,2025-11-01,0b5c07a8-ab60-5218-aacf-fbb37163f327,696053ca-59f1-5176-94fc-e1ca32a0bf96,1,0.55191344022750854,oof_3,06e33ada191190f33b7792939f91743a619960fb2068687ce270a5138f7a7359,259ddfec107bba197737dd972e39c0e1530e47ae6a5300a8a16c30ca9f72aee3,801ea4da4c7d3bdc3228ab528ca497d213cdc9909fb960434107e4c595426883
f8454d58-2347-541f-af7e-2bc8109cf2af,37960e4d-8a08-50e8-810f-a2e90763957c,2025-11-01,678aa9db-95dc-5ddb-a823-778c32e0172a,20f62d5d-9c30-5d81-8948-d7a50b875cc5,1,0.74607133865356445,oof_3,06e33ada191190f33b7792939f91743a619960fb2068687ce270a5138f7a7359,259ddfec107bba197737dd972e39c0e1530e47ae6a5300a8a16c30ca9f72aee3,801ea4da4c7d3bdc3228ab528ca497d213cdc9909fb960434107e4c595426883
0541c369-4ab7-5348-b357-7fac39674911,cbf4d392-7af6-530b-a737-aa25e023c4b4,2025-11-08,e9a17afe-ac82-57c4-9db7-32295a7223c5,2c21ae8d-d9ce-558f-bc6f-aca57fe93e62,1,0.67038208246231079,oof_3,06e33ada191190f33b7792939f91743a619960fb2068687ce270a5138f7a7359,259ddfec107bba197737dd972e39c0e1530e47ae6a5300a8a16c30ca9f72aee3,801ea4da4c7d3bdc3228ab528ca497d213cdc9909fb960434107e4c595426883
2b22154b-14c5-5102-8bf1-36c8aa3f619f,cbf4d392-7af6-530b-a737-aa25e023c4b4,2025-11-08,6c157abd-68fd-51fc-b606-47ad2d34d8ec,c5e55a0a-4452-5e23-8d18-3059dd704c2b,0,0.3671610951423645,oof_3,06e33ada191190f33b7792939f91743a619960fb2068687ce270a5138f7a7359,259ddfec107bba197737dd972e39c0e1530e47ae6a5300a8a16c30ca9f72aee3,801ea4da4c7d3bdc3228ab528ca497d213cdc9909fb960434107e4c595426883
33d4c32d-3dba-58ee-a48b-0b7a1f3bfe7e,cbf4d392-7af6-530b-a737-aa25e023c4b4,2025-11-08,684e54eb-6391-552a-b3b2-c011fcd5c56b,5d79cfa7-6f44-52d3-aa0c-e66b5f6f6955,0,0.48990613222122192,oof_3,06e33ada191190f33b7792939f91743a619960fb2068687ce270a5138f7a7359,259ddfec107bba197737dd972e39c0e1530e47ae6a5300a8a16c30ca9f72aee3,801ea4da4c7d3bdc3228ab528ca497d213cdc9909fb960434107e4c595426883
3caf1e33-3dfc-5247-9554-33d94302d0ce,cbf4d392-7af6-530b-a737-aa25e023c4b4,2025-11-08,ca9b330b-bb8d-5512-ba99-06b741e93441,82192e00-b948-5285-81f9-ec2bf478f8dc,0,0.35570275783538818,oof_3,06e33ada191190f33b7792939f91743a619960fb2068687ce270a5138f7a7359,259ddfec107bba197737dd972e39c0e1530e47ae6a5300a8a16c30ca9f72aee3,801ea4da4c7d3bdc3228ab528ca497d213cdc9909fb960434107e4c595426883
4a2660e1-6325-529e-86af-1b0d61671d49,cbf4d392-7af6-530b-a737-aa25e023c4b4,2025-11-08,5677e09c-ed77-5104-8f51-960acfa189cb,886804a2-086c-50e3-8e41-08f8fb6a1b7c,1,0.80336093902587891,oof_3,06e33ada191190f33b7792939f91743a619960fb2068687ce270a5138f7a7359,259ddfec107bba197737dd972e39c0e1530e47ae6a5300a8a16c30ca9f72aee3,801ea4da4c7d3bdc3228ab528ca497d213cdc9909fb960434107e4c595426883
529ee492-bfbf-56a3-bee6-3307e3c5943a,cbf4d392-7af6-530b-a737-aa25e023c4b4,2025-11-08,8f5f5229-f5fc-5e42-98d6-2240406ced61,4beefb63-0564-5199-8b9c-d63415f1ec7c,0,0.61072081327438354,oof_3,06e33ada191190f33b7792939f91743a619960fb2068687ce270a5138f7a7359,259ddfec107bba197737dd972e39c0e1530e47ae6a5300a8a16c30ca9f72aee3,801ea4da4c7d3bdc3228ab528ca497d213cdc9909fb960434107e4c595426883
619ddafd-3f44-53f5-8db9-3557dc8f9e6c,cbf4d392-7af6-530b-a737-aa25e023c4b4,2025-11-08,deeceac7-0a60-5928-a5ec-af438b1562c0,75dbedcf-6ee6-5c63-8c19-4f8acf11651c,1,0.68809789419174194,oof_3,06e33ada191190f33b7792939f91743a619960fb2068687ce270a5138f7a7359,259ddfec107bba197737dd972e39c0e1530e47ae6a5300a8a16c30ca9f72aee3,801ea4da4c7d3bdc3228ab528ca497d213cdc9909fb960434107e4c595426883
73ea06bd-63bb-5117-aa23-4ce6b93a2fd4,cbf4d392-7af6-530b-a737-aa25e023c4b4,2025-11-08,e4ec7470-40b4-5021-99d9-5eec9ada124c,7d46a861-bbf7-5cc5-becc-ee33b93574c7,0,0.49207943677902222,oof_3,06e33ada191190f33b7792939f91743a619960fb2068687ce270a5138f7a7359,259ddfec107bba197737dd972e39c0e1530e47ae6a5300a8a16c30ca9f72aee3,801ea4da4c7d3bdc3228ab528ca497d213cdc9909fb960434107e4c595426883
9579e289-8b0a-50fd-b7d3-0f5cdb9c2e91,cbf4d392-7af6-530b-a737-aa25e023c4b4,2025-11-08,e2afade8-c976-5168-872b-c43e98b80c7e,db789b37-6242-5382-aa50-e03deed8450a,1,0.59746211767196655,oof_3,06e33ada191190f33b7792939f91743a619960fb2068687ce270a5138f7a7359,259ddfec107bba197737dd972e39c0e1530e47ae6a5300a8a16c30ca9f72aee3,801ea4da4c7d3bdc3228ab528ca497d213cdc9909fb960434107e4c595426883
c29762d4-b6c5-5650-a148-efe1ecadae98,cbf4d392-7af6-530b-a737-aa25e023c4b4,2025-11-08,13cb2251-408c-5763-a486-eac6062d5b4b,ca6e7616-e175-5ef9-bc89-7d2bcb448ccc,0,0.38796597719192505,oof_3,06e33ada191190f33b7792939f91743a619960fb2068687ce270a5138f7a7359,259ddfec107bba197737dd972e39c0e1530e47ae6a5300a8a16c30ca9f72aee3,801ea4da4c7d3bdc3228ab528ca497d213cdc9909fb960434107e4c595426883
dd2176ab-a5ca-5e60-bc6d-68c50cf6e8e6,cbf4d392-7af6-530b-a737-aa25e023c4b4,2025-11-08,404bd1c9-c183-5701-87e2-a55e1d18cec8,e0cd5d4f-e2bb-5098-bd10-2bbfa7489865,0,0.66105782985687256,oof_3,06e33ada191190f33b7792939f91743a619960fb2068687ce270a5138f7a7359,259ddfec107bba197737dd972e39c0e1530e47ae6a5300a8a16c30ca9f72aee3,801ea4da4c7d3bdc3228ab528ca497d213cdc9909fb960434107e4c595426883
f8baa53b-3586-5cb0-8344-43eb9727c2f5,cbf4d392-7af6-530b-a737-aa25e023c4b4,2025-11-08,364ad7d6-2d46-5e3c-a5f9-5696d76b73a9,8e029f95-dc44-50ce-918a-94c9c5924374,1,0.61276912689208984,oof_3,06e33ada191190f33b7792939f91743a619960fb2068687ce270a5138f7a7359,259ddfec107bba197737dd972e39c0e1530e47ae6a5300a8a16c30ca9f72aee3,801ea4da4c7d3bdc3228ab528ca497d213cdc9909fb960434107e4c595426883
03fc65ef-1a64-527f-ae0d-4b43ca4b7f3b,a4dae78f-7f94-57ff-9135-4a9d0a507eff,2025-11-15,d15258cb-d0f4-5a5e-a300-50ec5eda186b,60b37a9f-41e1-5078-a8d8-ae8f11d9b644,1,0.68157607316970825,oof_3,06e33ada191190f33b7792939f91743a619960fb2068687ce270a5138f7a7359,259ddfec107bba197737dd972e39c0e1530e47ae6a5300a8a16c30ca9f72aee3,801ea4da4c7d3bdc3228ab528ca497d213cdc9909fb960434107e4c595426883
105c5939-d416-5eee-882d-bff1f7b8cd9d,a4dae78f-7f94-57ff-9135-4a9d0a507eff,2025-11-15,a98761e4-b493-57e5-ac1b-c2786312df25,caa9069c-29c1-5aa0-93b5-c24227eb2ac7,0,0.61529701948165894,oof_3,06e33ada191190f33b7792939f91743a619960fb2068687ce270a5138f7a7359,259ddfec107bba197737dd972e39c0e1530e47ae6a5300a8a16c30ca9f72aee3,801ea4da4c7d3bdc3228ab528ca497d213cdc9909fb960434107e4c595426883
1aca51af-2cc7-5037-897d-bab34e7e6c3a,a4dae78f-7f94-57ff-9135-4a9d0a507eff,2025-11-15,bf9eab44-5c58-5ef9-a0bd-c9153734005c,8a315de9-b6c0-57dc-aace-c2cbfcea76fc,0,0.6004948616027832,oof_3,06e33ada191190f33b7792939f91743a619960fb2068687ce270a5138f7a7359,259ddfec107bba197737dd972e39c0e1530e47ae6a5300a8a16c30ca9f72aee3,801ea4da4c7d3bdc3228ab528ca497d213cdc9909fb960434107e4c595426883
21a946e6-257c-5674-bb58-e8c1de52e34e,a4dae78f-7f94-57ff-9135-4a9d0a507eff,2025-11-15,90a9742b-68e2-5cd1-9f1d-28899ef4a1fa,fde53ea8-271c-5adc-b7e0-011ae07069ff,1,0.84322279691696167,oof_3,06e33ada191190f33b7792939f91743a619960fb2068687ce270a5138f7a7359,259ddfec107bba197737dd972e39c0e1530e47ae6a5300a8a16c30ca9f72aee3,801ea4da4c7d3bdc3228ab528ca497d213cdc9909fb960434107e4c595426883
477e6229-4ca7-5374-a7c7-b4469e19b0e3,a4dae78f-7f94-57ff-9135-4a9d0a507eff,2025-11-15,407e3b81-e0a5-551c-98cf-2bf98ad57969,f7aa7c5f-5cbf-5e88-a868-383272563b67,1,0.76539796590805054,oof_3,06e33ada191190f33b7792939f91743a619960fb2068687ce270a5138f7a7359,259ddfec107bba197737dd972e39c0e1530e47ae6a5300a8a16c30ca9f72aee3,801ea4da4c7d3bdc3228ab528ca497d213cdc9909fb960434107e4c595426883
601541f5-6ebe-5016-97a1-b6eef3a1d699,a4dae78f-7f94-57ff-9135-4a9d0a507eff,2025-11-15,837c3440-99f8-51be-b164-d759796bf644,65570629-af24-54cd-a569-fefa66ad135a,1,0.73560601472854614,oof_3,06e33ada191190f33b7792939f91743a619960fb2068687ce270a5138f7a7359,259ddfec107bba197737dd972e39c0e1530e47ae6a5300a8a16c30ca9f72aee3,801ea4da4c7d3bdc3228ab528ca497d213cdc9909fb960434107e4c595426883
6b745c67-82fb-5c53-8431-f99547155ef4,a4dae78f-7f94-57ff-9135-4a9d0a507eff,2025-11-15,373d67e8-3ce5-556b-b264-9c68b9a243e6,5669be42-4cb6-52e8-ae09-3f429d87e970,0,0.56221359968185425,oof_3,06e33ada191190f33b7792939f91743a619960fb2068687ce270a5138f7a7359,259ddfec107bba197737dd972e39c0e1530e47ae6a5300a8a16c30ca9f72aee3,801ea4da4c7d3bdc3228ab528ca497d213cdc9909fb960434107e4c595426883
7265d8f6-05da-5481-baf4-16493bb5c37f,a4dae78f-7f94-57ff-9135-4a9d0a507eff,2025-11-15,5a2b65de-1091-5fc4-b1fd-f10ab99e7805,e1cc47a8-2367-53a1-9d75-70e29c25bb75,0,0.33833643794059753,oof_3,06e33ada191190f33b7792939f91743a619960fb2068687ce270a5138f7a7359,259ddfec107bba197737dd972e39c0e1530e47ae6a5300a8a16c30ca9f72aee3,801ea4da4c7d3bdc3228ab528ca497d213cdc9909fb960434107e4c595426883
780f3200-183e-51f1-a617-62d6243a0529,a4dae78f-7f94-57ff-9135-4a9d0a507eff,2025-11-15,17d32617-8cb2-56e0-9bfd-7c8b01303b28,25277ec0-c285-5c5c-88ff-9006496d1a15,0,0.27908632159233093,oof_3,06e33ada191190f33b7792939f91743a619960fb2068687ce270a5138f7a7359,259ddfec107bba197737dd972e39c0e1530e47ae6a5300a8a16c30ca9f72aee3,801ea4da4c7d3bdc3228ab528ca497d213cdc9909fb960434107e4c595426883
91a0e3d5-5f63-5721-bac8-beb660d677a0,a4dae78f-7f94-57ff-9135-4a9d0a507eff,2025-11-15,e6b6a3dc-de59-515c-bc15-8c3cac101eca,b4a2a44a-4c4f-5c91-bd7c-352196f590e3,1,0.54697942733764648,oof_3,06e33ada191190f33b7792939f91743a619960fb2068687ce270a5138f7a7359,259ddfec107bba197737dd972e39c0e1530e47ae6a5300a8a16c30ca9f72aee3,801ea4da4c7d3bdc3228ab528ca497d213cdc9909fb960434107e4c595426883
a8451b53-b43f-5213-a03f-17051530cc16,a4dae78f-7f94-57ff-9135-4a9d0a507eff,2025-11-15,e2942548-1874-5c9c-a8c1-adfb929b8297,82cb2606-330f-554d-b0c7-ee2f024bc5d8,0,0.573203444480896,oof_3,06e33ada191190f33b7792939f91743a619960fb2068687ce270a5138f7a7359,259ddfec107bba197737dd972e39c0e1530e47ae6a5300a8a16c30ca9f72aee3,801ea4da4c7d3bdc3228ab528ca497d213cdc9909fb960434107e4c595426883
b5f33cea-fc4f-5f11-83b7-0052f9a136d6,a4dae78f-7f94-57ff-9135-4a9d0a507eff,2025-11-15,fe803c88-b604-587c-9811-a07552a4f45a,99376c9c-5a7a-5ce6-a66f-e64630100040,0,0.46112251281738281,oof_3,06e33ada191190f33b7792939f91743a619960fb2068687ce270a5138f7a7359,259ddfec107bba197737dd972e39c0e1530e47ae6a5300a8a16c30ca9f72aee3,801ea4da4c7d3bdc3228ab528ca497d213cdc9909fb960434107e4c595426883
e20745b5-ea8d-5445-8339-49c931b89884,a4dae78f-7f94-57ff-9135-4a9d0a507eff,2025-11-15,fbb548d0-b3cf-5a4c-baa4-8518279d55fc,9bdd4e2a-c5bd-5b78-8553-fa4717c82c81,1,0.49451708793640137,oof_3,06e33ada191190f33b7792939f91743a619960fb2068687ce270a5138f7a7359,259ddfec107bba197737dd972e39c0e1530e47ae6a5300a8a16c30ca9f72aee3,801ea4da4c7d3bdc3228ab528ca497d213cdc9909fb960434107e4c595426883
e72f0b8f-4e3d-5dda-a2a0-d88ea9234655,a4dae78f-7f94-57ff-9135-4a9d0a507eff,2025-11-15,f7b24236-4a3d-5dd8-879c-35648719dc93,935309b0-86c6-54a3-abf0-ee4ada20b274,0,0.66597998142242432,oof_3,06e33ada191190f33b7792939f91743a619960fb2068687ce270a5138f7a7359,259ddfec107bba197737dd972e39c0e1530e47ae6a5300a8a16c30ca9f72aee3,801ea4da4c7d3bdc3228ab528ca497d213cdc9909fb960434107e4c595426883
000cc544-5c78-5dcf-93c6-75737957c194,c94c1077-7478-52b2-810d-4f8148470c6e,2025-11-22,91790c5b-3bc9-5224-bbc4-d738eb19168a,68f3b8d8-2f65-5f69-9acd-07340347d698,1,0.83803582191467285,oof_3,06e33ada191190f33b7792939f91743a619960fb2068687ce270a5138f7a7359,259ddfec107bba197737dd972e39c0e1530e47ae6a5300a8a16c30ca9f72aee3,801ea4da4c7d3bdc3228ab528ca497d213cdc9909fb960434107e4c595426883
11085008-5262-5439-95de-6b0f9cf5aff3,c94c1077-7478-52b2-810d-4f8148470c6e,2025-11-22,23610fd3-4616-5dfd-bb39-8315c3301349,e0b5d199-cdf2-524d-9130-f979ec8c5635,0,0.4764818549156189,oof_3,06e33ada191190f33b7792939f91743a619960fb2068687ce270a5138f7a7359,259ddfec107bba197737dd972e39c0e1530e47ae6a5300a8a16c30ca9f72aee3,801ea4da4c7d3bdc3228ab528ca497d213cdc9909fb960434107e4c595426883
18e27151-f758-53ff-98d9-e6b6e8368503,c94c1077-7478-52b2-810d-4f8148470c6e,2025-11-22,11a2dabc-9051-5dff-9e1c-322b746333ef,736ac5a4-c325-5b8a-a48d-787d16f1445f,0,0.6380079984664917,oof_3,06e33ada191190f33b7792939f91743a619960fb2068687ce270a5138f7a7359,259ddfec107bba197737dd972e39c0e1530e47ae6a5300a8a16c30ca9f72aee3,801ea4da4c7d3bdc3228ab528ca497d213cdc9909fb960434107e4c595426883
2d6d7e12-b0b2-5ae0-adc5-91629860b868,c94c1077-7478-52b2-810d-4f8148470c6e,2025-11-22,1f2ca711-b218-5d42-8abd-cd23623abf5f,2e29b4ae-a45f-5b6b-a351-f23d862f13b1,0,0.51865601539611816,oof_3,06e33ada191190f33b7792939f91743a619960fb2068687ce270a5138f7a7359,259ddfec107bba197737dd972e39c0e1530e47ae6a5300a8a16c30ca9f72aee3,801ea4da4c7d3bdc3228ab528ca497d213cdc9909fb960434107e4c595426883
3697a53c-49cf-5113-935b-901c41c1ea67,c94c1077-7478-52b2-810d-4f8148470c6e,2025-11-22,ef7d88ce-5ae9-5fbd-ae5b-56bd38ad7f7c,c79f4b19-6d56-5373-a513-83f440161eea,0,0.49381214380264282,oof_3,06e33ada191190f33b7792939f91743a619960fb2068687ce270a5138f7a7359,259ddfec107bba197737dd972e39c0e1530e47ae6a5300a8a16c30ca9f72aee3,801ea4da4c7d3bdc3228ab528ca497d213cdc9909fb960434107e4c595426883
3da6fb20-8db4-54c9-8860-6ac147adfc2c,c94c1077-7478-52b2-810d-4f8148470c6e,2025-11-22,11a3b86a-21ef-5c5d-afad-45af35c4e7f9,217e3f5d-dc9c-529e-981a-dbba88404d09,1,0.6300244927406311,oof_3,06e33ada191190f33b7792939f91743a619960fb2068687ce270a5138f7a7359,259ddfec107bba197737dd972e39c0e1530e47ae6a5300a8a16c30ca9f72aee3,801ea4da4c7d3bdc3228ab528ca497d213cdc9909fb960434107e4c595426883
4167b078-ef99-5c37-9885-2c9435a10565,c94c1077-7478-52b2-810d-4f8148470c6e,2025-11-22,ae548665-dc72-5f63-b9cd-a228426ebc47,7656d82f-69ae-5658-988b-3c3b4a4a097a,0,0.3916589617729187,oof_3,06e33ada191190f33b7792939f91743a619960fb2068687ce270a5138f7a7359,259ddfec107bba197737dd972e39c0e1530e47ae6a5300a8a16c30ca9f72aee3,801ea4da4c7d3bdc3228ab528ca497d213cdc9909fb960434107e4c595426883
5315cd05-0f53-54e0-82e8-2085e87a8896,c94c1077-7478-52b2-810d-4f8148470c6e,2025-11-22,ad2bebcf-8752-5190-9e25-4fe6a0ef7346,74440985-f1bb-5c97-a0ab-df3ef2e0917b,1,0.81705832481384277,oof_3,06e33ada191190f33b7792939f91743a619960fb2068687ce270a5138f7a7359,259ddfec107bba197737dd972e39c0e1530e47ae6a5300a8a16c30ca9f72aee3,801ea4da4c7d3bdc3228ab528ca497d213cdc9909fb960434107e4c595426883
5463216c-c4bc-5ec7-bfda-53c448675ff2,c94c1077-7478-52b2-810d-4f8148470c6e,2025-11-22,d721ac66-2291-5109-852b-934e4c011c8c,dff31b3a-0311-5fa4-9a43-64d33c5c4c94,1,0.81154942512512207,oof_3,06e33ada191190f33b7792939f91743a619960fb2068687ce270a5138f7a7359,259ddfec107bba197737dd972e39c0e1530e47ae6a5300a8a16c30ca9f72aee3,801ea4da4c7d3bdc3228ab528ca497d213cdc9909fb960434107e4c595426883
77ca0feb-1632-52ac-ba9e-ef8c160d6dc7,c94c1077-7478-52b2-810d-4f8148470c6e,2025-11-22,d9aa6b4e-2956-52f6-9009-10c40369ddb7,036c7062-f424-591a-bcb2-b91779d8f8ff,1,0.67727953195571899,oof_3,06e33ada191190f33b7792939f91743a619960fb2068687ce270a5138f7a7359,259ddfec107bba197737dd972e39c0e1530e47ae6a5300a8a16c30ca9f72aee3,801ea4da4c7d3bdc3228ab528ca497d213cdc9909fb960434107e4c595426883
864182c2-f6b6-52d6-9bda-2d9d5aaa575e,c94c1077-7478-52b2-810d-4f8148470c6e,2025-11-22,6282287e-51df-59b7-94c0-0ecc46854400,85d09744-d985-527a-ba86-7c8334f194dd,0,0.65519040822982788,oof_3,06e33ada191190f33b7792939f91743a619960fb2068687ce270a5138f7a7359,259ddfec107bba197737dd972e39c0e1530e47ae6a5300a8a16c30ca9f72aee3,801ea4da4c7d3bdc3228ab528ca497d213cdc9909fb960434107e4c595426883
98e46b31-8cba-53c2-92dc-dc63919dada1,c94c1077-7478-52b2-810d-4f8148470c6e,2025-11-22,f1e8474a-8f13-514e-aa23-e816b449124e,61eef600-2211-557a-aaed-f64e93ad2543,0,0.43983587622642517,oof_3,06e33ada191190f33b7792939f91743a619960fb2068687ce270a5138f7a7359,259ddfec107bba197737dd972e39c0e1530e47ae6a5300a8a16c30ca9f72aee3,801ea4da4c7d3bdc3228ab528ca497d213cdc9909fb960434107e4c595426883
a2413af0-a738-5bf7-bfbf-c9a266c7b9bc,c94c1077-7478-52b2-810d-4f8148470c6e,2025-11-22,55260b30-afc3-5791-a6a4-6f15ddc6c2f2,34fd6cc8-feca-5627-a537-40fa651af56d,1,0.50178492069244385,oof_3,06e33ada191190f33b7792939f91743a619960fb2068687ce270a5138f7a7359,259ddfec107bba197737dd972e39c0e1530e47ae6a5300a8a16c30ca9f72aee3,801ea4da4c7d3bdc3228ab528ca497d213cdc9909fb960434107e4c595426883
cd84bdf7-3c4e-5b05-ba67-7f28149f198c,c94c1077-7478-52b2-810d-4f8148470c6e,2025-11-22,0b5c07a8-ab60-5218-aacf-fbb37163f327,a4e4beff-909b-546f-96c4-0300e4997331,1,0.66874110698699951,oof_3,06e33ada191190f33b7792939f91743a619960fb2068687ce270a5138f7a7359,259ddfec107bba197737dd972e39c0e1530e47ae6a5300a8a16c30ca9f72aee3,801ea4da4c7d3bdc3228ab528ca497d213cdc9909fb960434107e4c595426883
2ce11c1e-7833-5173-a1a9-3a9b3807962f,1108ee47-097f-5c8d-952b-fa7c2accabb1,2025-12-06,ca9600ed-6881-5379-b8c6-b1fa2994a435,07d3e0c2-ca0d-5ac2-8cdd-58fd2a1e7623,0,0.35635510087013245,oof_3,06e33ada191190f33b7792939f91743a619960fb2068687ce270a5138f7a7359,259ddfec107bba197737dd972e39c0e1530e47ae6a5300a8a16c30ca9f72aee3,801ea4da4c7d3bdc3228ab528ca497d213cdc9909fb960434107e4c595426883
312e34b7-133d-562e-9069-4e1f0d4153e6,1108ee47-097f-5c8d-952b-fa7c2accabb1,2025-12-06,146eba14-fc03-529d-a39c-2f8403bc9df1,f432eb2c-78c6-5dd2-a470-b5247c052171,0,0.49195781350135803,oof_3,06e33ada191190f33b7792939f91743a619960fb2068687ce270a5138f7a7359,259ddfec107bba197737dd972e39c0e1530e47ae6a5300a8a16c30ca9f72aee3,801ea4da4c7d3bdc3228ab528ca497d213cdc9909fb960434107e4c595426883
4229fcc9-5d96-5491-bb6d-5fd562b2c8b2,1108ee47-097f-5c8d-952b-fa7c2accabb1,2025-12-06,2910510b-f977-5dbe-a3c2-7a06f842ed72,03a42351-bbfc-59ad-9df2-bdef589765e8,0,0.47996744513511658,oof_3,06e33ada191190f33b7792939f91743a619960fb2068687ce270a5138f7a7359,259ddfec107bba197737dd972e39c0e1530e47ae6a5300a8a16c30ca9f72aee3,801ea4da4c7d3bdc3228ab528ca497d213cdc9909fb960434107e4c595426883
4e5df93f-b616-5199-b0ee-ed4e15860c33,1108ee47-097f-5c8d-952b-fa7c2accabb1,2025-12-06,824807a4-162c-577e-a2ca-42ce0b60c6f0,472a8a56-68fa-5e9d-8924-bf7780d9e407,0,0.63849639892578125,oof_3,06e33ada191190f33b7792939f91743a619960fb2068687ce270a5138f7a7359,259ddfec107bba197737dd972e39c0e1530e47ae6a5300a8a16c30ca9f72aee3,801ea4da4c7d3bdc3228ab528ca497d213cdc9909fb960434107e4c595426883
50dd2dc4-3ece-5e4a-b400-48f8f1391671,1108ee47-097f-5c8d-952b-fa7c2accabb1,2025-12-06,805ba04f-9f9c-513c-be74-0f7572a78c68,65b7dcf0-f166-531c-bcf1-9ae464e7cc2a,0,0.65402036905288696,oof_3,06e33ada191190f33b7792939f91743a619960fb2068687ce270a5138f7a7359,259ddfec107bba197737dd972e39c0e1530e47ae6a5300a8a16c30ca9f72aee3,801ea4da4c7d3bdc3228ab528ca497d213cdc9909fb960434107e4c595426883
7819208a-4239-5756-aaa7-cee58fe75a27,1108ee47-097f-5c8d-952b-fa7c2accabb1,2025-12-06,fd464441-5b9a-593c-a8e8-c2ee93da14e2,cdf457b3-fad7-5c6a-ab9f-db9f81adc66c,0,0.41365912556648254,oof_3,06e33ada191190f33b7792939f91743a619960fb2068687ce270a5138f7a7359,259ddfec107bba197737dd972e39c0e1530e47ae6a5300a8a16c30ca9f72aee3,801ea4da4c7d3bdc3228ab528ca497d213cdc9909fb960434107e4c595426883
875bc13c-3f59-5010-9163-ece57de7a580,1108ee47-097f-5c8d-952b-fa7c2accabb1,2025-12-06,1600b449-69c6-524a-a47c-a8692b067628,26ad9944-0194-5ba9-8744-2471ff01e799,0,0.44551864266395569,oof_3,06e33ada191190f33b7792939f91743a619960fb2068687ce270a5138f7a7359,259ddfec107bba197737dd972e39c0e1530e47ae6a5300a8a16c30ca9f72aee3,801ea4da4c7d3bdc3228ab528ca497d213cdc9909fb960434107e4c595426883
8b2c5926-3765-503c-84f3-3347890a662c,1108ee47-097f-5c8d-952b-fa7c2accabb1,2025-12-06,660a25e8-4298-57e4-a9a9-02da929f4391,7ddd2036-f89d-5d64-9526-81cebd7e5513,0,0.60126858949661255,oof_3,06e33ada191190f33b7792939f91743a619960fb2068687ce270a5138f7a7359,259ddfec107bba197737dd972e39c0e1530e47ae6a5300a8a16c30ca9f72aee3,801ea4da4c7d3bdc3228ab528ca497d213cdc9909fb960434107e4c595426883
9b37acb3-5149-584e-81f5-f40179cc34f1,1108ee47-097f-5c8d-952b-fa7c2accabb1,2025-12-06,6864343b-26e5-5d4f-af7d-06c5b02f993b,6e830732-87f1-54ec-8f69-8864563cd81a,1,0.85248434543609619,oof_3,06e33ada191190f33b7792939f91743a619960fb2068687ce270a5138f7a7359,259ddfec107bba197737dd972e39c0e1530e47ae6a5300a8a16c30ca9f72aee3,801ea4da4c7d3bdc3228ab528ca497d213cdc9909fb960434107e4c595426883
a3d3e914-b501-5af1-925e-7e0824108b51,1108ee47-097f-5c8d-952b-fa7c2accabb1,2025-12-06,6e74531e-878c-59c8-bb0e-63201254ee41,937b3052-d0f6-5774-a2ee-d4f2488cc9df,1,0.7614324688911438,oof_3,06e33ada191190f33b7792939f91743a619960fb2068687ce270a5138f7a7359,259ddfec107bba197737dd972e39c0e1530e47ae6a5300a8a16c30ca9f72aee3,801ea4da4c7d3bdc3228ab528ca497d213cdc9909fb960434107e4c595426883
cdc6cf66-14af-55b9-94c6-96288db41d52,1108ee47-097f-5c8d-952b-fa7c2accabb1,2025-12-06,63c2066f-1a74-5b3c-8fad-ecc16796acca,20829f27-3084-5b92-ad78-4c6193a5a967,0,0.66567599773406982,oof_3,06e33ada191190f33b7792939f91743a619960fb2068687ce270a5138f7a7359,259ddfec107bba197737dd972e39c0e1530e47ae6a5300a8a16c30ca9f72aee3,801ea4da4c7d3bdc3228ab528ca497d213cdc9909fb960434107e4c595426883
d3269b7e-0f77-5331-b782-fa4df0de5ef8,1108ee47-097f-5c8d-952b-fa7c2accabb1,2025-12-06,20f3cfbb-e664-537c-a0bf-29341a395b7a,ab27a10d-cb4b-5700-88c8-dd28b2168719,0,0.40355145931243896,oof_3,06e33ada191190f33b7792939f91743a619960fb2068687ce270a5138f7a7359,259ddfec107bba197737dd972e39c0e1530e47ae6a5300a8a16c30ca9f72aee3,801ea4da4c7d3bdc3228ab528ca497d213cdc9909fb960434107e4c595426883
fb134094-c1ee-55ca-8b41-2318873164e2,1108ee47-097f-5c8d-952b-fa7c2accabb1,2025-12-06,cdcc8195-e912-5e68-9ebf-47237c2845c2,956a7351-0852-5a23-960e-cd70eb969bc5,1,0.72909480333328247,oof_3,06e33ada191190f33b7792939f91743a619960fb2068687ce270a5138f7a7359,259ddfec107bba197737dd972e39c0e1530e47ae6a5300a8a16c30ca9f72aee3,801ea4da4c7d3bdc3228ab528ca497d213cdc9909fb960434107e4c595426883
03597664-6ad5-5c4f-8494-296751fdf8c4,1750c654-0d85-562a-b706-acc8657cb3e6,2025-12-13,f9516c93-bcbb-5518-a172-f9206d2b0a87,401cd724-e77f-594b-9ca9-5a7ad03a44b4,0,0.58913946151733398,oof_3,06e33ada191190f33b7792939f91743a619960fb2068687ce270a5138f7a7359,259ddfec107bba197737dd972e39c0e1530e47ae6a5300a8a16c30ca9f72aee3,801ea4da4c7d3bdc3228ab528ca497d213cdc9909fb960434107e4c595426883
0abe5593-f5a7-5b03-bbd4-01d5b07c20d6,1750c654-0d85-562a-b706-acc8657cb3e6,2025-12-13,2944c746-7ab7-50b6-a656-abad39141c33,1763c8f8-e72b-534d-9165-8f2ce8b81ebc,1,0.68695193529129028,oof_3,06e33ada191190f33b7792939f91743a619960fb2068687ce270a5138f7a7359,259ddfec107bba197737dd972e39c0e1530e47ae6a5300a8a16c30ca9f72aee3,801ea4da4c7d3bdc3228ab528ca497d213cdc9909fb960434107e4c595426883
0f00b268-3750-558e-a545-972e2254ecb8,1750c654-0d85-562a-b706-acc8657cb3e6,2025-12-13,cb26064a-f192-5fdf-a261-1756de62a566,73b6e57d-7b93-5111-9a7e-b5cf002d3aa4,0,0.33467522263526917,oof_3,06e33ada191190f33b7792939f91743a619960fb2068687ce270a5138f7a7359,259ddfec107bba197737dd972e39c0e1530e47ae6a5300a8a16c30ca9f72aee3,801ea4da4c7d3bdc3228ab528ca497d213cdc9909fb960434107e4c595426883
44a16de3-1b69-5ead-9177-5c2e48e18bff,1750c654-0d85-562a-b706-acc8657cb3e6,2025-12-13,05b52933-2ba0-5c13-b71f-62208fba3378,f37a608d-9406-5d12-bf62-ae0bfb327d22,0,0.50934100151062012,oof_3,06e33ada191190f33b7792939f91743a619960fb2068687ce270a5138f7a7359,259ddfec107bba197737dd972e39c0e1530e47ae6a5300a8a16c30ca9f72aee3,801ea4da4c7d3bdc3228ab528ca497d213cdc9909fb960434107e4c595426883
6941c2cc-8628-5234-beac-adab395fa824,1750c654-0d85-562a-b706-acc8657cb3e6,2025-12-13,286c3351-743c-57a4-9cd7-45e6d509cf56,3efa06fd-57dd-5a42-8b71-8d8f480c1a50,1,0.59322524070739746,oof_3,06e33ada191190f33b7792939f91743a619960fb2068687ce270a5138f7a7359,259ddfec107bba197737dd972e39c0e1530e47ae6a5300a8a16c30ca9f72aee3,801ea4da4c7d3bdc3228ab528ca497d213cdc9909fb960434107e4c595426883
750cf375-ebfe-5669-af77-17cf71e2b3b4,1750c654-0d85-562a-b706-acc8657cb3e6,2025-12-13,37d0f593-0c2f-525e-804b-72847f0fcf7c,3a8ab4e2-3d3e-5222-b0c9-f1b0d3bdb63c,1,0.51535838842391968,oof_3,06e33ada191190f33b7792939f91743a619960fb2068687ce270a5138f7a7359,259ddfec107bba197737dd972e39c0e1530e47ae6a5300a8a16c30ca9f72aee3,801ea4da4c7d3bdc3228ab528ca497d213cdc9909fb960434107e4c595426883
9842520f-404b-5a52-bf39-96d031383671,1750c654-0d85-562a-b706-acc8657cb3e6,2025-12-13,09cd8b8a-61ba-5644-a413-8631dae4b3e5,1153a400-3dec-5015-8f0d-e2a4590a9a81,0,0.55490374565124512,oof_3,06e33ada191190f33b7792939f91743a619960fb2068687ce270a5138f7a7359,259ddfec107bba197737dd972e39c0e1530e47ae6a5300a8a16c30ca9f72aee3,801ea4da4c7d3bdc3228ab528ca497d213cdc9909fb960434107e4c595426883
b1eef7a7-3f81-5b0d-aa79-a478014d1a37,1750c654-0d85-562a-b706-acc8657cb3e6,2025-12-13,049cb528-be3f-5ec7-bc9c-968a95278cd7,8f9241f8-1fab-5bbf-9074-060948f1a501,0,0.68868321180343628,oof_3,06e33ada191190f33b7792939f91743a619960fb2068687ce270a5138f7a7359,259ddfec107bba197737dd972e39c0e1530e47ae6a5300a8a16c30ca9f72aee3,801ea4da4c7d3bdc3228ab528ca497d213cdc9909fb960434107e4c595426883
b4a20dac-5160-51bf-8368-551c8637070d,1750c654-0d85-562a-b706-acc8657cb3e6,2025-12-13,e92d0659-c9b7-5720-a95d-244d3497bf76,c30b5473-d3b8-5f6e-bf6d-bd018c246e56,0,0.60782152414321899,oof_3,06e33ada191190f33b7792939f91743a619960fb2068687ce270a5138f7a7359,259ddfec107bba197737dd972e39c0e1530e47ae6a5300a8a16c30ca9f72aee3,801ea4da4c7d3bdc3228ab528ca497d213cdc9909fb960434107e4c595426883
c8de1d53-34ba-5679-aa19-db6e4439d13b,1750c654-0d85-562a-b706-acc8657cb3e6,2025-12-13,1b8d08d2-5e00-5263-b4bd-37b41ad773a7,7980d962-13f5-515f-bf78-f8b3dc1f0425,1,0.43085920810699463,oof_3,06e33ada191190f33b7792939f91743a619960fb2068687ce270a5138f7a7359,259ddfec107bba197737dd972e39c0e1530e47ae6a5300a8a16c30ca9f72aee3,801ea4da4c7d3bdc3228ab528ca497d213cdc9909fb960434107e4c595426883
f5be340a-f204-5efd-b0dd-650ee4802ffe,1750c654-0d85-562a-b706-acc8657cb3e6,2025-12-13,db70f81b-81fe-5f6e-bac9-d95ed5594426,f68e11ce-7adf-5127-afc4-89b51ec75569,0,0.67667055130004883,oof_3,06e33ada191190f33b7792939f91743a619960fb2068687ce270a5138f7a7359,259ddfec107bba197737dd972e39c0e1530e47ae6a5300a8a16c30ca9f72aee3,801ea4da4c7d3bdc3228ab528ca497d213cdc9909fb960434107e4c595426883
0da4ef13-5666-5beb-850d-d1d7be6fbfa8,9026bc63-0a9b-546c-98c4-a2204b47e54f,2026-01-24,ef7d88ce-5ae9-5fbd-ae5b-56bd38ad7f7c,509c9337-d525-53bc-a27f-5cd6937d5795,1,0.6701396107673645,oof_4,06e33ada191190f33b7792939f91743a619960fb2068687ce270a5138f7a7359,45ae08735bfeecfcb6731c01263c896f3e750422ed0b0c8e04772f9e46fa962d,47f32c3534c96194916416bd52fbc414c6d849c709076422b85aaca49d82c131
11f6a538-693d-5360-a300-3735d15880a8,9026bc63-0a9b-546c-98c4-a2204b47e54f,2026-01-24,deeceac7-0a60-5928-a5ec-af438b1562c0,85d09744-d985-527a-ba86-7c8334f194dd,1,0.70076507329940796,oof_4,06e33ada191190f33b7792939f91743a619960fb2068687ce270a5138f7a7359,45ae08735bfeecfcb6731c01263c896f3e750422ed0b0c8e04772f9e46fa962d,47f32c3534c96194916416bd52fbc414c6d849c709076422b85aaca49d82c131
1c8a2c51-2fbc-51ab-a11f-7ae657b8a4fe,9026bc63-0a9b-546c-98c4-a2204b47e54f,2026-01-24,4558548e-3bc4-53d4-a71a-36c350e1e811,295728e1-a666-5e94-89c7-279982d29536,1,0.84648066759109497,oof_4,06e33ada191190f33b7792939f91743a619960fb2068687ce270a5138f7a7359,45ae08735bfeecfcb6731c01263c896f3e750422ed0b0c8e04772f9e46fa962d,47f32c3534c96194916416bd52fbc414c6d849c709076422b85aaca49d82c131
65ae12cb-818f-53cf-a428-94572cc3bf40,9026bc63-0a9b-546c-98c4-a2204b47e54f,2026-01-24,54e010a4-6193-5d3d-a6f4-94ba4fc2f2f3,609379a0-8163-5233-9d87-9c3eec196ec3,1,0.67202264070510864,oof_4,06e33ada191190f33b7792939f91743a619960fb2068687ce270a5138f7a7359,45ae08735bfeecfcb6731c01263c896f3e750422ed0b0c8e04772f9e46fa962d,47f32c3534c96194916416bd52fbc414c6d849c709076422b85aaca49d82c131
76d75e43-9f26-52e2-b293-074b9021fb8e,9026bc63-0a9b-546c-98c4-a2204b47e54f,2026-01-24,a1be629f-fcb0-5fe3-8d34-a45af64ba5e5,64c91aed-c202-5c16-8ec0-4fb3c4de543f,1,0.56781101226806641,oof_4,06e33ada191190f33b7792939f91743a619960fb2068687ce270a5138f7a7359,45ae08735bfeecfcb6731c01263c896f3e750422ed0b0c8e04772f9e46fa962d,47f32c3534c96194916416bd52fbc414c6d849c709076422b85aaca49d82c131
78937e01-fd03-57b4-9bdf-b98ae5a5b8a8,9026bc63-0a9b-546c-98c4-a2204b47e54f,2026-01-24,8917d128-ee39-5542-ae1f-bcf013776a6f,b93414ee-85f2-5bdc-91e0-2d9e87c2fa48,1,0.45344012975692749,oof_4,06e33ada191190f33b7792939f91743a619960fb2068687ce270a5138f7a7359,45ae08735bfeecfcb6731c01263c896f3e750422ed0b0c8e04772f9e46fa962d,47f32c3534c96194916416bd52fbc414c6d849c709076422b85aaca49d82c131
a858f192-3499-55f2-a94b-e38a8d43cf09,9026bc63-0a9b-546c-98c4-a2204b47e54f,2026-01-24,0d417949-a99d-5ab1-8c38-86eb9b2587f9,ee197917-80a9-5169-bcc2-3d2f35ae01f1,0,0.62207317352294922,oof_4,06e33ada191190f33b7792939f91743a619960fb2068687ce270a5138f7a7359,45ae08735bfeecfcb6731c01263c896f3e750422ed0b0c8e04772f9e46fa962d,47f32c3534c96194916416bd52fbc414c6d849c709076422b85aaca49d82c131
b26453ee-a9e8-54c4-911b-bb4c51a919ff,9026bc63-0a9b-546c-98c4-a2204b47e54f,2026-01-24,0b5c07a8-ab60-5218-aacf-fbb37163f327,87dfb573-1ad2-54cf-aa6e-eea5415d1223,1,0.81819474697113037,oof_4,06e33ada191190f33b7792939f91743a619960fb2068687ce270a5138f7a7359,45ae08735bfeecfcb6731c01263c896f3e750422ed0b0c8e04772f9e46fa962d,47f32c3534c96194916416bd52fbc414c6d849c709076422b85aaca49d82c131
d36d22b5-69ba-5872-b7af-681742b8b11c,9026bc63-0a9b-546c-98c4-a2204b47e54f,2026-01-24,293ef081-7350-537d-ac22-07f1bad92019,12f5f0fe-0cdb-5ce4-83ab-4696dd28d76a,0,0.46682196855545044,oof_4,06e33ada191190f33b7792939f91743a619960fb2068687ce270a5138f7a7359,45ae08735bfeecfcb6731c01263c896f3e750422ed0b0c8e04772f9e46fa962d,47f32c3534c96194916416bd52fbc414c6d849c709076422b85aaca49d82c131
d578ed24-fd22-5063-8b5a-14fc86ee5817,9026bc63-0a9b-546c-98c4-a2204b47e54f,2026-01-24,31c4500d-57d6-59cd-8dce-165c2eadd098,4aa7a6dd-1d3f-5141-b0ef-0823fa55f316,1,0.75309503078460693,oof_4,06e33ada191190f33b7792939f91743a619960fb2068687ce270a5138f7a7359,45ae08735bfeecfcb6731c01263c896f3e750422ed0b0c8e04772f9e46fa962d,47f32c3534c96194916416bd52fbc414c6d849c709076422b85aaca49d82c131
e64afd75-234d-5494-8ef7-3413718dfb80,9026bc63-0a9b-546c-98c4-a2204b47e54f,2026-01-24,b4c849f7-4884-5fb4-a1d1-2de72e5a6a22,a7f92121-29e9-585b-b4e0-ae8c2921ca87,1,0.64552420377731323,oof_4,06e33ada191190f33b7792939f91743a619960fb2068687ce270a5138f7a7359,45ae08735bfeecfcb6731c01263c896f3e750422ed0b0c8e04772f9e46fa962d,47f32c3534c96194916416bd52fbc414c6d849c709076422b85aaca49d82c131
00ffacbd-0301-50f7-8e60-495511fe8a69,24d3cc98-2d22-54c8-ac92-b7d3f8bf6a9b,2026-01-31,05fca0dd-5e44-5f5c-9ac9-c57b2eaa2206,bb1528ff-105a-5528-af03-53018624ae46,1,0.58988422155380249,oof_4,06e33ada191190f33b7792939f91743a619960fb2068687ce270a5138f7a7359,45ae08735bfeecfcb6731c01263c896f3e750422ed0b0c8e04772f9e46fa962d,47f32c3534c96194916416bd52fbc414c6d849c709076422b85aaca49d82c131
4651d7fe-e76d-5948-86f1-94039abd0909,24d3cc98-2d22-54c8-ac92-b7d3f8bf6a9b,2026-01-31,e3a71d3d-78f3-5868-96b9-66ba696d8348,58bb25f8-aa95-5560-be2e-dd7bc04871bf,1,0.59435755014419556,oof_4,06e33ada191190f33b7792939f91743a619960fb2068687ce270a5138f7a7359,45ae08735bfeecfcb6731c01263c896f3e750422ed0b0c8e04772f9e46fa962d,47f32c3534c96194916416bd52fbc414c6d849c709076422b85aaca49d82c131
682db9fe-1943-5d07-a63e-19ac2bc906ce,24d3cc98-2d22-54c8-ac92-b7d3f8bf6a9b,2026-01-31,ec0365a0-98e8-5a80-a3cf-646ed740a866,63c5b479-664f-5196-8fd0-418754a80ba7,1,0.76519209146499634,oof_4,06e33ada191190f33b7792939f91743a619960fb2068687ce270a5138f7a7359,45ae08735bfeecfcb6731c01263c896f3e750422ed0b0c8e04772f9e46fa962d,47f32c3534c96194916416bd52fbc414c6d849c709076422b85aaca49d82c131
81bbfeae-5125-566b-b198-506618491fff,24d3cc98-2d22-54c8-ac92-b7d3f8bf6a9b,2026-01-31,506925c2-7f2d-5fc3-a019-27b916c9fafc,eddcfe9a-edde-5659-a83f-5f0241e3ab95,1,0.66563451290130615,oof_4,06e33ada191190f33b7792939f91743a619960fb2068687ce270a5138f7a7359,45ae08735bfeecfcb6731c01263c896f3e750422ed0b0c8e04772f9e46fa962d,47f32c3534c96194916416bd52fbc414c6d849c709076422b85aaca49d82c131
8da9ac7f-c609-5149-995e-541188fd24fc,24d3cc98-2d22-54c8-ac92-b7d3f8bf6a9b,2026-01-31,8dbd3137-274e-5bd5-82f5-5a0176286259,312b2727-3f2d-5dcf-aa48-48b6ff869071,0,0.68295454978942871,oof_4,06e33ada191190f33b7792939f91743a619960fb2068687ce270a5138f7a7359,45ae08735bfeecfcb6731c01263c896f3e750422ed0b0c8e04772f9e46fa962d,47f32c3534c96194916416bd52fbc414c6d849c709076422b85aaca49d82c131
8f7d0dde-da55-5afb-bf94-122b100556df,24d3cc98-2d22-54c8-ac92-b7d3f8bf6a9b,2026-01-31,b735d62f-632b-5477-9309-dce620d3f818,6b7d6f17-9760-5d35-862e-0bf685596147,0,0.31014057993888855,oof_4,06e33ada191190f33b7792939f91743a619960fb2068687ce270a5138f7a7359,45ae08735bfeecfcb6731c01263c896f3e750422ed0b0c8e04772f9e46fa962d,47f32c3534c96194916416bd52fbc414c6d849c709076422b85aaca49d82c131
93740624-4cb1-593c-8420-d4838448ee04,24d3cc98-2d22-54c8-ac92-b7d3f8bf6a9b,2026-01-31,dff31b3a-0311-5fa4-9a43-64d33c5c4c94,99376c9c-5a7a-5ce6-a66f-e64630100040,0,0.33580204844474792,oof_4,06e33ada191190f33b7792939f91743a619960fb2068687ce270a5138f7a7359,45ae08735bfeecfcb6731c01263c896f3e750422ed0b0c8e04772f9e46fa962d,47f32c3534c96194916416bd52fbc414c6d849c709076422b85aaca49d82c131
a6b5cd57-f91e-5438-a5fe-194e20573008,24d3cc98-2d22-54c8-ac92-b7d3f8bf6a9b,2026-01-31,fb8050f0-02b5-50ec-b444-dc358add4edd,78d0388e-0a8e-5f08-92ec-0e6be31bab5b,0,0.45715412497520447,oof_4,06e33ada191190f33b7792939f91743a619960fb2068687ce270a5138f7a7359,45ae08735bfeecfcb6731c01263c896f3e750422ed0b0c8e04772f9e46fa962d,47f32c3534c96194916416bd52fbc414c6d849c709076422b85aaca49d82c131
d95750ef-61b4-53ee-8b4f-b11ef8dc26be,24d3cc98-2d22-54c8-ac92-b7d3f8bf6a9b,2026-01-31,c7345ad2-0e17-518d-85f5-b087dc6042bc,31a89045-c578-59cc-851d-d85601115981,0,0.53879046440124512,oof_4,06e33ada191190f33b7792939f91743a619960fb2068687ce270a5138f7a7359,45ae08735bfeecfcb6731c01263c896f3e750422ed0b0c8e04772f9e46fa962d,47f32c3534c96194916416bd52fbc414c6d849c709076422b85aaca49d82c131
da8c4527-2daf-5814-abde-f14a6558dadf,24d3cc98-2d22-54c8-ac92-b7d3f8bf6a9b,2026-01-31,b65fc188-e56e-5218-82a7-f19aade7dcec,d7602871-136d-5010-b00f-dbe6993f1ee5,1,0.56343209743499756,oof_4,06e33ada191190f33b7792939f91743a619960fb2068687ce270a5138f7a7359,45ae08735bfeecfcb6731c01263c896f3e750422ed0b0c8e04772f9e46fa962d,47f32c3534c96194916416bd52fbc414c6d849c709076422b85aaca49d82c131
e2283048-2411-58cf-a264-0591acfbcf9e,24d3cc98-2d22-54c8-ac92-b7d3f8bf6a9b,2026-01-31,dc5b74c5-6635-54b2-b959-9079c746b911,72552516-f565-5e58-b2da-cb89fb3d58fc,0,0.74137324094772339,oof_4,06e33ada191190f33b7792939f91743a619960fb2068687ce270a5138f7a7359,45ae08735bfeecfcb6731c01263c896f3e750422ed0b0c8e04772f9e46fa962d,47f32c3534c96194916416bd52fbc414c6d849c709076422b85aaca49d82c131
eb161d9f-8d83-5876-9ecf-8409fbeb2e85,24d3cc98-2d22-54c8-ac92-b7d3f8bf6a9b,2026-01-31,948f973a-3a36-557b-95b0-92203af7f017,aab4eca8-c119-5665-b169-30e9afae10bf,1,0.72070980072021484,oof_4,06e33ada191190f33b7792939f91743a619960fb2068687ce270a5138f7a7359,45ae08735bfeecfcb6731c01263c896f3e750422ed0b0c8e04772f9e46fa962d,47f32c3534c96194916416bd52fbc414c6d849c709076422b85aaca49d82c131
ff57fb59-20e8-5775-8e2d-f2f8bfac3c35,24d3cc98-2d22-54c8-ac92-b7d3f8bf6a9b,2026-01-31,f25e938c-c419-54df-bf9d-1256a389f90f,77ec82b4-8f7a-52f6-964d-7b17db54c2be,1,0.66965299844741821,oof_4,06e33ada191190f33b7792939f91743a619960fb2068687ce270a5138f7a7359,45ae08735bfeecfcb6731c01263c896f3e750422ed0b0c8e04772f9e46fa962d,47f32c3534c96194916416bd52fbc414c6d849c709076422b85aaca49d82c131
0559956d-a7cd-59fc-9d8e-da9cb8d9db81,dbb7c126-5bd9-5e64-a734-b819b5a45a20,2026-02-07,59e2f808-b73e-5c33-b845-8a3acc52c897,2fc5aa80-58ec-5c70-b680-12759e392545,1,0.83962130546569824,oof_4,06e33ada191190f33b7792939f91743a619960fb2068687ce270a5138f7a7359,45ae08735bfeecfcb6731c01263c896f3e750422ed0b0c8e04772f9e46fa962d,47f32c3534c96194916416bd52fbc414c6d849c709076422b85aaca49d82c131
0948ed1b-27d3-5180-b11f-eeea9cf33d03,dbb7c126-5bd9-5e64-a734-b819b5a45a20,2026-02-07,9efb5d2c-abd0-5e9b-836c-7cfd97392ff0,01e7c1f6-58e3-5e87-acd5-acfa2e8239cb,0,0.51348662376403809,oof_4,06e33ada191190f33b7792939f91743a619960fb2068687ce270a5138f7a7359,45ae08735bfeecfcb6731c01263c896f3e750422ed0b0c8e04772f9e46fa962d,47f32c3534c96194916416bd52fbc414c6d849c709076422b85aaca49d82c131
0b485943-3acb-502b-807f-a9c408266cc7,dbb7c126-5bd9-5e64-a734-b819b5a45a20,2026-02-07,a0b97187-3568-5620-bb3d-bc4df42430b7,bbdef6b6-d6fa-59b2-9c62-19c6a7ccd2da,0,0.79165488481521606,oof_4,06e33ada191190f33b7792939f91743a619960fb2068687ce270a5138f7a7359,45ae08735bfeecfcb6731c01263c896f3e750422ed0b0c8e04772f9e46fa962d,47f32c3534c96194916416bd52fbc414c6d849c709076422b85aaca49d82c131
153f6445-87b3-5c9e-8d27-e7f439adac27,dbb7c126-5bd9-5e64-a734-b819b5a45a20,2026-02-07,9c3a90ef-5d56-5cf8-878a-e3469b9d2763,0c5f7a6b-1dbf-577f-a485-37eb7efeb425,1,0.40202423930168152,oof_4,06e33ada191190f33b7792939f91743a619960fb2068687ce270a5138f7a7359,45ae08735bfeecfcb6731c01263c896f3e750422ed0b0c8e04772f9e46fa962d,47f32c3534c96194916416bd52fbc414c6d849c709076422b85aaca49d82c131
32d869d3-1d86-505e-90ad-42dbeaff0eb0,dbb7c126-5bd9-5e64-a734-b819b5a45a20,2026-02-07,69da3266-70a9-5c59-b1e2-eb0c65fe3621,aac3558e-0d93-575f-91de-fb62fc92615a,1,0.53831225633621216,oof_4,06e33ada191190f33b7792939f91743a619960fb2068687ce270a5138f7a7359,45ae08735bfeecfcb6731c01263c896f3e750422ed0b0c8e04772f9e46fa962d,47f32c3534c96194916416bd52fbc414c6d849c709076422b85aaca49d82c131
3f06f631-300c-5b88-9e39-d94556bf1ec7,dbb7c126-5bd9-5e64-a734-b819b5a45a20,2026-02-07,4d435a5d-abe5-53d9-9916-bd357398ebe3,ddfa7470-1c7a-5bf6-b9fb-f92f736a2713,1,0.41240271925926208,oof_4,06e33ada191190f33b7792939f91743a619960fb2068687ce270a5138f7a7359,45ae08735bfeecfcb6731c01263c896f3e750422ed0b0c8e04772f9e46fa962d,47f32c3534c96194916416bd52fbc414c6d849c709076422b85aaca49d82c131
470f3b55-5e28-5fa3-a00f-00130391bbf1,dbb7c126-5bd9-5e64-a734-b819b5a45a20,2026-02-07,2fcd8735-20af-5d83-88e2-624e113f5f1b,d10d773d-b760-5797-876a-3ab6a42dd94a,0,0.66354179382324219,oof_4,06e33ada191190f33b7792939f91743a619960fb2068687ce270a5138f7a7359,45ae08735bfeecfcb6731c01263c896f3e750422ed0b0c8e04772f9e46fa962d,47f32c3534c96194916416bd52fbc414c6d849c709076422b85aaca49d82c131
4e543cd1-2a82-509a-b863-f9b384b6cf4b,dbb7c126-5bd9-5e64-a734-b819b5a45a20,2026-02-07,882c40aa-6728-5341-ad03-3745ca98aef3,3d3f3ccd-6a55-5f04-8fab-13419acea9f9,0,0.45879465341567993,oof_4,06e33ada191190f33b7792939f91743a619960fb2068687ce270a5138f7a7359,45ae08735bfeecfcb6731c01263c896f3e750422ed0b0c8e04772f9e46fa962d,47f32c3534c96194916416bd52fbc414c6d849c709076422b85aaca49d82c131
9992d4bd-1d0b-57ee-9b7c-561dea3a0b8d,dbb7c126-5bd9-5e64-a734-b819b5a45a20,2026-02-07,1a823658-f12c-5dca-abef-fb154d6af34e,4a23ffc2-f990-5f4d-a638-82d0f58397c1,1,0.82067137956619263,oof_4,06e33ada191190f33b7792939f91743a619960fb2068687ce270a5138f7a7359,45ae08735bfeecfcb6731c01263c896f3e750422ed0b0c8e04772f9e46fa962d,47f32c3534c96194916416bd52fbc414c6d849c709076422b85aaca49d82c131
a21f9c08-4b04-5819-aa5c-843f665f895a,dbb7c126-5bd9-5e64-a734-b819b5a45a20,2026-02-07,444c6b4a-f077-5b70-8d9b-958f96a427c5,736ac5a4-c325-5b8a-a48d-787d16f1445f,0,0.5366208553314209,oof_4,06e33ada191190f33b7792939f91743a619960fb2068687ce270a5138f7a7359,45ae08735bfeecfcb6731c01263c896f3e750422ed0b0c8e04772f9e46fa962d,47f32c3534c96194916416bd52fbc414c6d849c709076422b85aaca49d82c131
a80f0da2-d704-50d5-95e0-eca80c2f6b4f,dbb7c126-5bd9-5e64-a734-b819b5a45a20,2026-02-07,72be9b1d-4ec1-52dd-a4a9-ab4ee94ed469,95e5974d-926b-5f20-8178-a52530c80408,1,0.62294632196426392,oof_4,06e33ada191190f33b7792939f91743a619960fb2068687ce270a5138f7a7359,45ae08735bfeecfcb6731c01263c896f3e750422ed0b0c8e04772f9e46fa962d,47f32c3534c96194916416bd52fbc414c6d849c709076422b85aaca49d82c131
b2ccca9d-b046-56b2-8e2d-bd84ea676127,dbb7c126-5bd9-5e64-a734-b819b5a45a20,2026-02-07,3019935f-7428-5698-b88f-f062db349e0c,24120041-ba65-5283-a577-b1132c5be3bf,1,0.66512775421142578,oof_4,06e33ada191190f33b7792939f91743a619960fb2068687ce270a5138f7a7359,45ae08735bfeecfcb6731c01263c896f3e750422ed0b0c8e04772f9e46fa962d,47f32c3534c96194916416bd52fbc414c6d849c709076422b85aaca49d82c131
be57caa3-01ae-555f-925f-a9e0c492510b,dbb7c126-5bd9-5e64-a734-b819b5a45a20,2026-02-07,6a4f0879-7b04-56d9-b1bf-3078f8d0b1a9,85089c81-4487-5f63-88eb-93415464c024,0,0.24239717423915863,oof_4,06e33ada191190f33b7792939f91743a619960fb2068687ce270a5138f7a7359,45ae08735bfeecfcb6731c01263c896f3e750422ed0b0c8e04772f9e46fa962d,47f32c3534c96194916416bd52fbc414c6d849c709076422b85aaca49d82c131
0363b491-bb1d-5767-ad1b-40d846d901fd,58184674-5252-5dc2-966c-4f49ab87af33,2026-02-21,cc08d7e7-3dda-5a30-bb64-9f59e9136e5e,658b15ad-1fd1-5484-8101-2abc08eef1b6,0,0.61580073833465576,oof_4,06e33ada191190f33b7792939f91743a619960fb2068687ce270a5138f7a7359,45ae08735bfeecfcb6731c01263c896f3e750422ed0b0c8e04772f9e46fa962d,47f32c3534c96194916416bd52fbc414c6d849c709076422b85aaca49d82c131
0a6a9976-1191-5b90-bccc-a6bec36382c6,58184674-5252-5dc2-966c-4f49ab87af33,2026-02-21,76f2a31c-6632-5201-a77a-f3a609e286da,183d3f65-0f84-57f0-9bb9-32400e20e5fb,0,0.75898164510726929,oof_4,06e33ada191190f33b7792939f91743a619960fb2068687ce270a5138f7a7359,45ae08735bfeecfcb6731c01263c896f3e750422ed0b0c8e04772f9e46fa962d,47f32c3534c96194916416bd52fbc414c6d849c709076422b85aaca49d82c131
1f4e9078-acfe-578c-b9c4-d19c0545ac5b,58184674-5252-5dc2-966c-4f49ab87af33,2026-02-21,74a68e93-6e51-569a-a3b8-a4c058935760,012659c9-4954-5740-9d91-c7d0b082eae3,0,0.50929993391036987,oof_4,06e33ada191190f33b7792939f91743a619960fb2068687ce270a5138f7a7359,45ae08735bfeecfcb6731c01263c896f3e750422ed0b0c8e04772f9e46fa962d,47f32c3534c96194916416bd52fbc414c6d849c709076422b85aaca49d82c131
4cc3e189-efda-5807-a787-3785ae9bd48f,58184674-5252-5dc2-966c-4f49ab87af33,2026-02-21,e2afade8-c976-5168-872b-c43e98b80c7e,0f7d68b9-70e2-5b54-8358-e88b8c1d0ace,0,0.58819496631622314,oof_4,06e33ada191190f33b7792939f91743a619960fb2068687ce270a5138f7a7359,45ae08735bfeecfcb6731c01263c896f3e750422ed0b0c8e04772f9e46fa962d,47f32c3534c96194916416bd52fbc414c6d849c709076422b85aaca49d82c131
5c2d0b0c-8f6d-5fb8-806a-b4ea66721439,58184674-5252-5dc2-966c-4f49ab87af33,2026-02-21,1e29c3ed-34a3-5085-a5ac-857663042855,57d676b2-43e9-5700-ba1d-1e0041ed72b0,0,0.36807540059089661,oof_4,06e33ada191190f33b7792939f91743a619960fb2068687ce270a5138f7a7359,45ae08735bfeecfcb6731c01263c896f3e750422ed0b0c8e04772f9e46fa962d,47f32c3534c96194916416bd52fbc414c6d849c709076422b85aaca49d82c131
7e114c56-4565-5298-903c-9d8ae7b73925,58184674-5252-5dc2-966c-4f49ab87af33,2026-02-21,cd320a8b-729d-5932-a8c4-ceefb3beb0fb,2944c746-7ab7-50b6-a656-abad39141c33,0,0.28180280327796936,oof_4,06e33ada191190f33b7792939f91743a619960fb2068687ce270a5138f7a7359,45ae08735bfeecfcb6731c01263c896f3e750422ed0b0c8e04772f9e46fa962d,47f32c3534c96194916416bd52fbc414c6d849c709076422b85aaca49d82c131
8fa38453-5d48-599b-9d5f-d5845afe188c,58184674-5252-5dc2-966c-4f49ab87af33,2026-02-21,ceffeffd-40ed-5ba8-9ba2-28c1f982e5f0,696053ca-59f1-5176-94fc-e1ca32a0bf96,1,0.6382719874382019,oof_4,06e33ada191190f33b7792939f91743a619960fb2068687ce270a5138f7a7359,45ae08735bfeecfcb6731c01263c896f3e750422ed0b0c8e04772f9e46fa962d,47f32c3534c96194916416bd52fbc414c6d849c709076422b85aaca49d82c131
929125c0-16b9-5bbe-8048-16cf7c4e8b49,58184674-5252-5dc2-966c-4f49ab87af33,2026-02-21,dc6dd2e2-c348-543b-8530-df481bf20cd8,5d79cfa7-6f44-52d3-aa0c-e66b5f6f6955,0,0.55058079957962036,oof_4,06e33ada191190f33b7792939f91743a619960fb2068687ce270a5138f7a7359,45ae08735bfeecfcb6731c01263c896f3e750422ed0b0c8e04772f9e46fa962d,47f32c3534c96194916416bd52fbc414c6d849c709076422b85aaca49d82c131
98b4d30b-7a32-588e-a65c-cb263b2366fd,58184674-5252-5dc2-966c-4f49ab87af33,2026-02-21,8f376dcf-34a9-5d3a-97fd-6fcf5cbbb442,a2857ebc-ab7d-52fe-ac89-1c320c52e7bf,0,0.55621755123138428,oof_4,06e33ada191190f33b7792939f91743a619960fb2068687ce270a5138f7a7359,45ae08735bfeecfcb6731c01263c896f3e750422ed0b0c8e04772f9e46fa962d,47f32c3534c96194916416bd52fbc414c6d849c709076422b85aaca49d82c131
a64b0ca1-fedd-5b59-8d6f-fb6ad7e5a8e8,58184674-5252-5dc2-966c-4f49ab87af33,2026-02-21,f6ce62bb-1b53-561c-9bdf-5cb8e014e053,407912df-949c-53f4-a8fd-1b46d7bc5a73,1,0.39375132322311401,oof_4,06e33ada191190f33b7792939f91743a619960fb2068687ce270a5138f7a7359,45ae08735bfeecfcb6731c01263c896f3e750422ed0b0c8e04772f9e46fa962d,47f32c3534c96194916416bd52fbc414c6d849c709076422b85aaca49d82c131
ca2f5747-2a28-5bec-b65b-f974c04d2519,58184674-5252-5dc2-966c-4f49ab87af33,2026-02-21,6b9eab40-37ab-5d89-9a51-dcce3fa41358,5d794318-39ab-5c52-85d5-2d5107f06920,1,0.74958765506744385,oof_4,06e33ada191190f33b7792939f91743a619960fb2068687ce270a5138f7a7359,45ae08735bfeecfcb6731c01263c896f3e750422ed0b0c8e04772f9e46fa962d,47f32c3534c96194916416bd52fbc414c6d849c709076422b85aaca49d82c131
ed8a3b62-8a30-5ce3-813d-08a4a2c3a91a,58184674-5252-5dc2-966c-4f49ab87af33,2026-02-21,1e7398a9-772f-5756-b968-b9bf8e6419a8,aa1ccfcd-2847-58e0-b1b2-878ab573b57a,0,0.44056957960128784,oof_4,06e33ada191190f33b7792939f91743a619960fb2068687ce270a5138f7a7359,45ae08735bfeecfcb6731c01263c896f3e750422ed0b0c8e04772f9e46fa962d,47f32c3534c96194916416bd52fbc414c6d849c709076422b85aaca49d82c131
f48a5d3d-e744-5f9e-87bf-954799f8fc37,58184674-5252-5dc2-966c-4f49ab87af33,2026-02-21,376a38d6-f109-51c9-8178-f6abe5269171,9241fbb1-b4fc-5596-b8ad-7f374311f788,1,0.79830163717269897,oof_4,06e33ada191190f33b7792939f91743a619960fb2068687ce270a5138f7a7359,45ae08735bfeecfcb6731c01263c896f3e750422ed0b0c8e04772f9e46fa962d,47f32c3534c96194916416bd52fbc414c6d849c709076422b85aaca49d82c131
f9d81274-4a81-5b44-92a7-acd977709eba,58184674-5252-5dc2-966c-4f49ab87af33,2026-02-21,6a34b301-865f-5994-a7e5-cb03230ba6c2,44729fb0-6059-556f-a461-d5ee652dbc60,1,0.36933737993240356,oof_4,06e33ada191190f33b7792939f91743a619960fb2068687ce270a5138f7a7359,45ae08735bfeecfcb6731c01263c896f3e750422ed0b0c8e04772f9e46fa962d,47f32c3534c96194916416bd52fbc414c6d849c709076422b85aaca49d82c131
04ac07b7-14c2-58df-936b-c12df609def7,45033062-9852-5cd4-889d-b90833d19658,2026-02-28,146eba14-fc03-529d-a39c-2f8403bc9df1,683b731a-a123-55c8-b634-73326fba6010,0,0.55770820379257202,oof_4,06e33ada191190f33b7792939f91743a619960fb2068687ce270a5138f7a7359,45ae08735bfeecfcb6731c01263c896f3e750422ed0b0c8e04772f9e46fa962d,47f32c3534c96194916416bd52fbc414c6d849c709076422b85aaca49d82c131
0cad18e9-62cd-5480-92a7-b3f752ff9996,45033062-9852-5cd4-889d-b90833d19658,2026-02-28,3030a101-167b-59f7-bb5a-580335e2f5e0,45b42751-497a-574c-8ff9-3392312a6b86,1,0.72239524126052856,oof_4,06e33ada191190f33b7792939f91743a619960fb2068687ce270a5138f7a7359,45ae08735bfeecfcb6731c01263c896f3e750422ed0b0c8e04772f9e46fa962d,47f32c3534c96194916416bd52fbc414c6d849c709076422b85aaca49d82c131
522f7eec-78d6-537b-96eb-f1e08bfc5964,45033062-9852-5cd4-889d-b90833d19658,2026-02-28,a3157006-442a-5f99-89f2-9249b34fe7b9,ab88b16e-a844-51a1-ae25-9a42ae4ff3f8,1,0.93005830049514771,oof_4,06e33ada191190f33b7792939f91743a619960fb2068687ce270a5138f7a7359,45ae08735bfeecfcb6731c01263c896f3e750422ed0b0c8e04772f9e46fa962d,47f32c3534c96194916416bd52fbc414c6d849c709076422b85aaca49d82c131
5a5d2a2b-2ca7-5158-8d11-3aa65bcc6efd,45033062-9852-5cd4-889d-b90833d19658,2026-02-28,e84ae733-0e6b-594e-9064-ecbddca6d8b1,eb085c07-4968-59bd-b127-4a08ea3b01f4,1,0.68183690309524536,oof_4,06e33ada191190f33b7792939f91743a619960fb2068687ce270a5138f7a7359,45ae08735bfeecfcb6731c01263c896f3e750422ed0b0c8e04772f9e46fa962d,47f32c3534c96194916416bd52fbc414c6d849c709076422b85aaca49d82c131
7d794d6e-0699-52f3-ba74-64908bc96a13,45033062-9852-5cd4-889d-b90833d19658,2026-02-28,efa4c5c7-2033-5ef8-a6c0-fb7d7a02e5d6,3421e62f-2638-5fc5-b9f3-71b5d47c101b,1,0.79212391376495361,oof_4,06e33ada191190f33b7792939f91743a619960fb2068687ce270a5138f7a7359,45ae08735bfeecfcb6731c01263c896f3e750422ed0b0c8e04772f9e46fa962d,47f32c3534c96194916416bd52fbc414c6d849c709076422b85aaca49d82c131
86c4f5e7-0815-582d-8b57-9332434088e3,45033062-9852-5cd4-889d-b90833d19658,2026-02-28,7da32b5e-f3b1-5ddb-a732-9ae379aba088,7da0827a-d303-5d10-91a6-b6779525a981,1,0.62391376495361328,oof_4,06e33ada191190f33b7792939f91743a619960fb2068687ce270a5138f7a7359,45ae08735bfeecfcb6731c01263c896f3e750422ed0b0c8e04772f9e46fa962d,47f32c3534c96194916416bd52fbc414c6d849c709076422b85aaca49d82c131
8c2f71c0-d601-5f8f-8be5-f381955fab21,45033062-9852-5cd4-889d-b90833d19658,2026-02-28,4fd2c90f-6f25-56e8-8b12-3f256fc3be5a,21026cf2-ddd6-5cb5-879d-51ac8379467b,0,0.31363028287887573,oof_4,06e33ada191190f33b7792939f91743a619960fb2068687ce270a5138f7a7359,45ae08735bfeecfcb6731c01263c896f3e750422ed0b0c8e04772f9e46fa962d,47f32c3534c96194916416bd52fbc414c6d849c709076422b85aaca49d82c131
965c7348-e062-55c1-ba43-f73fa9f436ff,45033062-9852-5cd4-889d-b90833d19658,2026-02-28,4f26f048-3410-5414-b08a-bce22b354040,db80bfda-b551-5c1c-9ee9-61e25ace1ffd,1,0.77060693502426147,oof_4,06e33ada191190f33b7792939f91743a619960fb2068687ce270a5138f7a7359,45ae08735bfeecfcb6731c01263c896f3e750422ed0b0c8e04772f9e46fa962d,47f32c3534c96194916416bd52fbc414c6d849c709076422b85aaca49d82c131
bafcc312-8ee0-5488-965d-5572ab5f7f03,45033062-9852-5cd4-889d-b90833d19658,2026-02-28,0efa87cf-7b56-5a3f-8ace-1155ed48f3a3,3116c028-8ad0-5ec2-a1db-831d935cc221,0,0.45120254158973694,oof_4,06e33ada191190f33b7792939f91743a619960fb2068687ce270a5138f7a7359,45ae08735bfeecfcb6731c01263c896f3e750422ed0b0c8e04772f9e46fa962d,47f32c3534c96194916416bd52fbc414c6d849c709076422b85aaca49d82c131
d80d8b32-9569-5d61-a8a0-e50f859c41a8,45033062-9852-5cd4-889d-b90833d19658,2026-02-28,5fed9ca6-a095-5403-a819-b984a11460c1,3d9328ba-d1c6-5aea-93f8-fedb15bd22e9,1,0.73131346702575684,oof_4,06e33ada191190f33b7792939f91743a619960fb2068687ce270a5138f7a7359,45ae08735bfeecfcb6731c01263c896f3e750422ed0b0c8e04772f9e46fa962d,47f32c3534c96194916416bd52fbc414c6d849c709076422b85aaca49d82c131
edd909e8-db58-5da6-acc8-e917b0de5b6d,45033062-9852-5cd4-889d-b90833d19658,2026-02-28,b816c68b-7dba-55b0-817e-febdbf6cdbc6,7f5c1015-2e58-599d-928d-ffe29dbcc75a,0,0.28891602158546448,oof_4,06e33ada191190f33b7792939f91743a619960fb2068687ce270a5138f7a7359,45ae08735bfeecfcb6731c01263c896f3e750422ed0b0c8e04772f9e46fa962d,47f32c3534c96194916416bd52fbc414c6d849c709076422b85aaca49d82c131
f2410f2a-e03d-5ec2-8e16-4c0c928a5962,45033062-9852-5cd4-889d-b90833d19658,2026-02-28,a892ddb9-02d7-51ed-80cf-fbdea753bb20,37d0f593-0c2f-525e-804b-72847f0fcf7c,0,0.6245303750038147,oof_4,06e33ada191190f33b7792939f91743a619960fb2068687ce270a5138f7a7359,45ae08735bfeecfcb6731c01263c896f3e750422ed0b0c8e04772f9e46fa962d,47f32c3534c96194916416bd52fbc414c6d849c709076422b85aaca49d82c131
fcb6cd62-59b8-52d8-8c7e-ed34e4bfca80,45033062-9852-5cd4-889d-b90833d19658,2026-02-28,daf18d1a-bff3-557a-9c25-8619ed0d066e,d067cee2-a1fb-5cf2-b61e-5ad138e0f0cc,1,0.75257992744445801,oof_4,06e33ada191190f33b7792939f91743a619960fb2068687ce270a5138f7a7359,45ae08735bfeecfcb6731c01263c896f3e750422ed0b0c8e04772f9e46fa962d,47f32c3534c96194916416bd52fbc414c6d849c709076422b85aaca49d82c131
15ae2752-138f-5140-a9c1-626616ea2111,2816ee97-2b58-5e5f-ab02-b466a37a4722,2026-03-07,48eed8e6-2fc1-5dea-9868-e55137f4b804,5bd99496-426b-5e1c-b2b9-10da1cec9c6a,1,0.80430668592453003,oof_4,06e33ada191190f33b7792939f91743a619960fb2068687ce270a5138f7a7359,45ae08735bfeecfcb6731c01263c896f3e750422ed0b0c8e04772f9e46fa962d,47f32c3534c96194916416bd52fbc414c6d849c709076422b85aaca49d82c131
1b7cd706-f316-58f3-b97b-f7ccb88f4da1,2816ee97-2b58-5e5f-ab02-b466a37a4722,2026-03-07,20f62d5d-9c30-5d81-8948-d7a50b875cc5,7164ce98-1188-5a1d-99ad-16865eac5bed,0,0.38760671019554138,oof_4,06e33ada191190f33b7792939f91743a619960fb2068687ce270a5138f7a7359,45ae08735bfeecfcb6731c01263c896f3e750422ed0b0c8e04772f9e46fa962d,47f32c3534c96194916416bd52fbc414c6d849c709076422b85aaca49d82c131
20b4e544-4585-5f1a-bc7e-d20852e0b226,2816ee97-2b58-5e5f-ab02-b466a37a4722,2026-03-07,c02298b4-029f-5cd4-8049-4a4fb48e4bd9,aab4eca8-c119-5665-b169-30e9afae10bf,1,0.84721165895462036,oof_4,06e33ada191190f33b7792939f91743a619960fb2068687ce270a5138f7a7359,45ae08735bfeecfcb6731c01263c896f3e750422ed0b0c8e04772f9e46fa962d,47f32c3534c96194916416bd52fbc414c6d849c709076422b85aaca49d82c131
30a21967-e24d-536e-a8ec-0b4035080e3a,2816ee97-2b58-5e5f-ab02-b466a37a4722,2026-03-07,febded63-7cc3-5c8c-a402-afa23cc20333,2de69ae1-e29b-515b-a837-0b7bcd09294c,0,0.62386465072631836,oof_4,06e33ada191190f33b7792939f91743a619960fb2068687ce270a5138f7a7359,45ae08735bfeecfcb6731c01263c896f3e750422ed0b0c8e04772f9e46fa962d,47f32c3534c96194916416bd52fbc414c6d849c709076422b85aaca49d82c131
419e1af0-65f5-5dfb-a549-8ddccc837a15,2816ee97-2b58-5e5f-ab02-b466a37a4722,2026-03-07,07119e76-54a4-5fe6-8e7d-1ab521d29f45,34b4d1c0-7797-5c0b-a508-c6958126da31,0,0.7316054105758667,oof_4,06e33ada191190f33b7792939f91743a619960fb2068687ce270a5138f7a7359,45ae08735bfeecfcb6731c01263c896f3e750422ed0b0c8e04772f9e46fa962d,47f32c3534c96194916416bd52fbc414c6d849c709076422b85aaca49d82c131
5f4cf617-cce8-55d0-bb96-60ecc57455f6,2816ee97-2b58-5e5f-ab02-b466a37a4722,2026-03-07,04b0f39e-febc-5235-bba4-778a6a0c9a7a,782df58a-5e09-55d3-9b9d-79e59417c0ff,1,0.39486861228942871,oof_4,06e33ada191190f33b7792939f91743a619960fb2068687ce270a5138f7a7359,45ae08735bfeecfcb6731c01263c896f3e750422ed0b0c8e04772f9e46fa962d,47f32c3534c96194916416bd52fbc414c6d849c709076422b85aaca49d82c131
643daad2-6fd7-50fb-9dfd-8da64000c883,2816ee97-2b58-5e5f-ab02-b466a37a4722,2026-03-07,d965808a-7e76-56e1-b147-6cbc20d3679d,e2558ec3-b38d-58c2-8636-30c41e1aa15d,0,0.78885793685913086,oof_4,06e33ada191190f33b7792939f91743a619960fb2068687ce270a5138f7a7359,45ae08735bfeecfcb6731c01263c896f3e750422ed0b0c8e04772f9e46fa962d,47f32c3534c96194916416bd52fbc414c6d849c709076422b85aaca49d82c131
6697796e-8618-5b6a-a0c6-4828255ed7f9,2816ee97-2b58-5e5f-ab02-b466a37a4722,2026-03-07,82cb2606-330f-554d-b0c7-ee2f024bc5d8,472a8a56-68fa-5e9d-8924-bf7780d9e407,1,0.65550953149795532,oof_4,06e33ada191190f33b7792939f91743a619960fb2068687ce270a5138f7a7359,45ae08735bfeecfcb6731c01263c896f3e750422ed0b0c8e04772f9e46fa962d,47f32c3534c96194916416bd52fbc414c6d849c709076422b85aaca49d82c131
6c945b71-c76d-542a-9eb3-0d4ae7ae2410,2816ee97-2b58-5e5f-ab02-b466a37a4722,2026-03-07,df1b04a2-1b78-53be-9487-208090001215,ef928ca1-1687-5572-8e81-9d9eae66e85f,1,0.73245346546173096,oof_4,06e33ada191190f33b7792939f91743a619960fb2068687ce270a5138f7a7359,45ae08735bfeecfcb6731c01263c896f3e750422ed0b0c8e04772f9e46fa962d,47f32c3534c96194916416bd52fbc414c6d849c709076422b85aaca49d82c131
95fa0f55-341b-557d-ba0f-3751a2c830d9,2816ee97-2b58-5e5f-ab02-b466a37a4722,2026-03-07,63cebaf9-c50f-5311-94ff-08f282687d35,c1310bc4-1ae3-5907-81ce-a170f05c9f38,0,0.48142674565315247,oof_4,06e33ada191190f33b7792939f91743a619960fb2068687ce270a5138f7a7359,45ae08735bfeecfcb6731c01263c896f3e750422ed0b0c8e04772f9e46fa962d,47f32c3534c96194916416bd52fbc414c6d849c709076422b85aaca49d82c131
ef981ad9-80f8-55f1-83fe-72db8d2458e9,2816ee97-2b58-5e5f-ab02-b466a37a4722,2026-03-07,97fdad3c-166c-503e-90dc-c235b857a415,c5bb3984-b367-5bfc-9f9e-b0a5c6877c67,0,0.34210038185119629,oof_4,06e33ada191190f33b7792939f91743a619960fb2068687ce270a5138f7a7359,45ae08735bfeecfcb6731c01263c896f3e750422ed0b0c8e04772f9e46fa962d,47f32c3534c96194916416bd52fbc414c6d849c709076422b85aaca49d82c131
f6a808ad-f5d9-5096-9b74-628b17ddbc79,2816ee97-2b58-5e5f-ab02-b466a37a4722,2026-03-07,c3ea8f65-095d-5555-ac15-ece2528326d7,d1de1522-cea8-549b-9059-5a688e230cad,1,0.57491463422775269,oof_4,06e33ada191190f33b7792939f91743a619960fb2068687ce270a5138f7a7359,45ae08735bfeecfcb6731c01263c896f3e750422ed0b0c8e04772f9e46fa962d,47f32c3534c96194916416bd52fbc414c6d849c709076422b85aaca49d82c131
