fight_id,event_id,fighter_1_id,fighter_2_id,event_date,weight_class,label,feature_version,fold,raw_probability_fighter_1,train_ids_sha256,prediction_ids_sha256,prior_sha256,learner_sha256
0518aa00-ba73-5775-8e70-65c512f1b829,0d3d1244-c717-584e-828e-919ec8d2303b,3d9328ba-d1c6-5aea-93f8-fedb15bd22e9,7e59d6ac-bbd2-5616-9827-3cfd66d478e9,2025-10-04,women_bantamweight,0,2,oof_1,0.61475783586502075,7f16e390cb5de36b62b39f2e7f05044e7d8a13e599b2806f6dddd6c0078455fa,fabe89bdec6ed15c0c5e6f3077a3b65ce17d11a198e0947fe3613e55c0ff7edb,ddaab7a2bfc7fb6f840c0952ac765560330b066cf94f80899a0c0a3a0a35efa2,2cccb6cb2939839cc67f2e9555656605456cd83a8a557110b9a6048c7c5460ba
0847bccf-44a1-5c0d-8e67-1dd84de3cc7b,0d3d1244-c717-584e-828e-919ec8d2303b,f5c94892-cea5-5439-8514-a8ff14efe55f,3d3f3ccd-6a55-5f04-8fab-13419acea9f9,2025-10-04,bantamweight,0,2,oof_1,0.56948393583297729,7f16e390cb5de36b62b39f2e7f05044e7d8a13e599b2806f6dddd6c0078455fa,fabe89bdec6ed15c0c5e6f3077a3b65ce17d11a198e0947fe3613e55c0ff7edb,ddaab7a2bfc7fb6f840c0952ac765560330b066cf94f80899a0c0a3a0a35efa2,2cccb6cb2939839cc67f2e9555656605456cd83a8a557110b9a6048c7c5460ba
0c1ff570-03f6-5474-9bb5-470f21d661e0,0d3d1244-c717-584e-828e-919ec8d2303b,935ef993-3fce-585f-a3ec-0a8f1426a004,a61e1815-3be4-5e51-ba3b-615b06821482,2025-10-04,middleweight,1,2,oof_1,0.76146185398101807,7f16e390cb5de36b62b39f2e7f05044e7d8a13e599b2806f6dddd6c0078455fa,fabe89bdec6ed15c0c5e6f3077a3b65ce17d11a198e0947fe3613e55c0ff7edb,ddaab7a2bfc7fb6f840c0952ac765560330b066cf94f80899a0c0a3a0a35efa2,2cccb6cb2939839cc67f2e9555656605456cd83a8a557110b9a6048c7c5460ba
1812af43-5e5c-56b2-98ba-ff75433418e3,0d3d1244-c717-584e-828e-919ec8d2303b,945fa86c-afcf-5ba4-b763-ec8f758f29ee,da32ea28-6fa6-5cc6-b60e-17e46fa47b82,2025-10-04,middleweight,0,2,oof_1,0.63954317569732666,7f16e390cb5de36b62b39f2e7f05044e7d8a13e599b2806f6dddd6c0078455fa,fabe89bdec6ed15c0c5e6f3077a3b65ce17d11a198e0947fe3613e55c0ff7edb,ddaab7a2bfc7fb6f840c0952ac765560330b066cf94f80899a0c0a3a0a35efa2,2cccb6cb2939839cc67f2e9555656605456cd83a8a557110b9a6048c7c5460ba
25f6d9d2-33c7-57f3-aa4d-f3aa5003882f,0d3d1244-c717-584e-828e-919ec8d2303b,74a68e93-6e51-569a-a3b8-a4c058935760,b337ff97-eb7c-5465-ba87-39512613ba30,2025-10-04,welterweight,1,2,oof_1,0.46190425753593445,7f16e390cb5de36b62b39f2e7f05044e7d8a13e599b2806f6dddd6c0078455fa,fabe89bdec6ed15c0c5e6f3077a3b65ce17d11a198e0947fe3613e55c0ff7edb,ddaab7a2bfc7fb6f840c0952ac765560330b066cf94f80899a0c0a3a0a35efa2,2cccb6cb2939839cc67f2e9555656605456cd83a8a557110b9a6048c7c5460ba
48a48e0d-1e19-51f2-a08b-7ca50807042b,0d3d1244-c717-584e-828e-919ec8d2303b,d1141647-9966-5410-8ec7-bf9f041091ce,7d6a9615-2ecc-519a-ab44-251b8dc6d847,2025-10-04,catch_weight,1,2,oof_1,0.70813256502151489,7f16e390cb5de36b62b39f2e7f05044e7d8a13e599b2806f6dddd6c0078455fa,fabe89bdec6ed15c0c5e6f3077a3b65ce17d11a198e0947fe3613e55c0ff7edb,ddaab7a2bfc7fb6f840c0952ac765560330b066cf94f80899a0c0a3a0a35efa2,2cccb6cb2939839cc67f2e9555656605456cd83a8a557110b9a6048c7c5460ba
5c375359-8b25-50dd-8587-8c8427f1df17,0d3d1244-c717-584e-828e-919ec8d2303b,d00f4099-816d-5bf6-8077-4137d9a5f19c,d10d773d-b760-5797-876a-3ab6a42dd94a,2025-10-04,bantamweight,0,2,oof_1,0.50799661874771118,7f16e390cb5de36b62b39f2e7f05044e7d8a13e599b2806f6dddd6c0078455fa,fabe89bdec6ed15c0c5e6f3077a3b65ce17d11a198e0947fe3613e55c0ff7edb,ddaab7a2bfc7fb6f840c0952ac765560330b066cf94f80899a0c0a3a0a35efa2,2cccb6cb2939839cc67f2e9555656605456cd83a8a557110b9a6048c7c5460ba
7619ce49-b372-5aaa-82ef-b0387b99ea23,0d3d1244-c717-584e-828e-919ec8d2303b,01ccba4f-b129-5df9-83e2-9b9351a9c26f,0ea98974-4b83-5ec9-ac50-eca617b463e7,2025-10-04,featherweight,0,2,oof_1,0.28020796179771423,7f16e390cb5de36b62b39f2e7f05044e7d8a13e599b2806f6dddd6c0078455fa,fabe89bdec6ed15c0c5e6f3077a3b65ce17d11a198e0947fe3613e55c0ff7edb,ddaab7a2bfc7fb6f840c0952ac765560330b066cf94f80899a0c0a3a0a35efa2,2cccb6cb2939839cc67f2e9555656605456cd83a8a557110b9a6048c7c5460ba
93e78959-472a-5008-a1bd-7dfa8ab7472e,0d3d1244-c717-584e-828e-919ec8d2303b,31c4500d-57d6-59cd-8dce-165c2eadd098,64a96492-00d2-5b84-bea1-d799cd0ce923,2025-10-04,middleweight,1,2,oof_1,0.80754339694976807,7f16e390cb5de36b62b39f2e7f05044e7d8a13e599b2806f6dddd6c0078455fa,fabe89bdec6ed15c0c5e6f3077a3b65ce17d11a198e0947fe3613e55c0ff7edb,ddaab7a2bfc7fb6f840c0952ac765560330b066cf94f80899a0c0a3a0a35efa2,2cccb6cb2939839cc67f2e9555656605456cd83a8a557110b9a6048c7c5460ba
979b1b9c-f9ce-5862-81bd-b67ef89247d0,0d3d1244-c717-584e-828e-919ec8d2303b,ac751de1-50b9-5e09-8385-e8a3a5411c6b,197390c7-1d00-5eee-a548-c04c8fc7157c,2025-10-04,light_heavyweight,0,2,oof_1,0.69115239381790161,7f16e390cb5de36b62b39f2e7f05044e7d8a13e599b2806f6dddd6c0078455fa,fabe89bdec6ed15c0c5e6f3077a3b65ce17d11a198e0947fe3613e55c0ff7edb,ddaab7a2bfc7fb6f840c0952ac765560330b066cf94f80899a0c0a3a0a35efa2,2cccb6cb2939839cc67f2e9555656605456cd83a8a557110b9a6048c7c5460ba
9e83dd8d-7477-56b4-8eac-15e2e655684c,0d3d1244-c717-584e-828e-919ec8d2303b,805ba04f-9f9c-513c-be74-0f7572a78c68,053561bb-c3e9-5bfe-9395-ba3afaac7e43,2025-10-04,bantamweight,1,2,oof_1,0.67495936155319214,7f16e390cb5de36b62b39f2e7f05044e7d8a13e599b2806f6dddd6c0078455fa,fabe89bdec6ed15c0c5e6f3077a3b65ce17d11a198e0947fe3613e55c0ff7edb,ddaab7a2bfc7fb6f840c0952ac765560330b066cf94f80899a0c0a3a0a35efa2,2cccb6cb2939839cc67f2e9555656605456cd83a8a557110b9a6048c7c5460ba
afe087a2-ed6e-5cd3-98e2-65498ddc43b4,0d3d1244-c717-584e-828e-919ec8d2303b,f77ad944-5eef-553f-8681-f82f0d000b52,f022c9a9-7e75-5e17-bb36-ab9ad0695dfb,2025-10-04,light_heavyweight,1,2,oof_1,0.74568301439285278,7f16e390cb5de36b62b39f2e7f05044e7d8a13e599b2806f6dddd6c0078455fa,fabe89bdec6ed15c0c5e6f3077a3b65ce17d11a198e0947fe3613e55c0ff7edb,ddaab7a2bfc7fb6f840c0952ac765560330b066cf94f80899a0c0a3a0a35efa2,2cccb6cb2939839cc67f2e9555656605456cd83a8a557110b9a6048c7c5460ba
e39e1fad-13f7-51ec-815a-5dbc0fb0e00a,0d3d1244-c717-584e-828e-919ec8d2303b,012659c9-4954-5740-9d91-c7d0b082eae3,69da3266-70a9-5c59-b1e2-eb0c65fe3621,2025-10-04,welterweight,1,2,oof_1,0.728801429271698,7f16e390cb5de36b62b39f2e7f05044e7d8a13e599b2806f6dddd6c0078455fa,fabe89bdec6ed15c0c5e6f3077a3b65ce17d11a198e0947fe3613e55c0ff7edb,ddaab7a2bfc7fb6f840c0952ac765560330b066cf94f80899a0c0a3a0a35efa2,2cccb6cb2939839cc67f2e9555656605456cd83a8a557110b9a6048c7c5460ba
f548f1aa-63f1-5ec9-8b81-22dc0160ddb5,0d3d1244-c717-584e-828e-919ec8d2303b,a1d2b2d2-0287-5a5e-890b-b1a8a46aee12,1b59cb48-4c24-5616-82dc-405063251095,2025-10-04,women_flyweight,1,2,oof_1,0.8203357458114624,7f16e390cb5de36b62b39f2e7f05044e7d8a13e599b2806f6dddd6c0078455fa,fabe89bdec6ed15c0c5e6f3077a3b65ce17d11a198e0947fe3613e55c0ff7edb,ddaab7a2bfc7fb6f840c0952ac765560330b066cf94f80899a0c0a3a0a35efa2,2cccb6cb2939839cc67f2e9555656605456cd83a8a557110b9a6048c7c5460ba
087babd4-9919-5347-a1ed-1b777a102ff3,75ee042d-0247-598e-9a13-082674c2e21f,49cfcc6f-479a-5389-86b1-c910ad13510c,e3a71d3d-78f3-5868-96b9-66ba696d8348,2025-10-11,featherweight,0,2,oof_1,0.4688778817653656,7f16e390cb5de36b62b39f2e7f05044e7d8a13e599b2806f6dddd6c0078455fa,fabe89bdec6ed15c0c5e6f3077a3b65ce17d11a198e0947fe3613e55c0ff7edb,ddaab7a2bfc7fb6f840c0952ac765560330b066cf94f80899a0c0a3a0a35efa2,2cccb6cb2939839cc67f2e9555656605456cd83a8a557110b9a6048c7c5460ba
2793fd21-fd6a-5d7f-b712-0e4aeaae3c81,75ee042d-0247-598e-9a13-082674c2e21f,965e7f39-b30a-5405-a388-aa2e7687a8fb,b56e389a-c8b5-5641-a270-bac97c533285,2025-10-11,women_bantamweight,1,2,oof_1,0.63705962896347046,7f16e390cb5de36b62b39f2e7f05044e7d8a13e599b2806f6dddd6c0078455fa,fabe89bdec6ed15c0c5e6f3077a3b65ce17d11a198e0947fe3613e55c0ff7edb,ddaab7a2bfc7fb6f840c0952ac765560330b066cf94f80899a0c0a3a0a35efa2,2cccb6cb2939839cc67f2e9555656605456cd83a8a557110b9a6048c7c5460ba
2a4f682b-9ee5-5620-a4d5-2bea32328e5c,75ee042d-0247-598e-9a13-082674c2e21f,1ea6a7a3-b36b-5aad-a0dd-0397d47d1e4b,f6b19eae-21e3-59f0-9f1e-0df448448170,2025-10-11,featherweight,0,2,oof_1,0.32896143198013306,7f16e390cb5de36b62b39f2e7f05044e7d8a13e599b2806f6dddd6c0078455fa,fabe89bdec6ed15c0c5e6f3077a3b65ce17d11a198e0947fe3613e55c0ff7edb,ddaab7a2bfc7fb6f840c0952ac765560330b066cf94f80899a0c0a3a0a35efa2,2cccb6cb2939839cc67f2e9555656605456cd83a8a557110b9a6048c7c5460ba
2f5f1f8d-4a38-5a2d-b658-9c8067da78f9,75ee042d-0247-598e-9a13-082674c2e21f,1702f6c1-4cc9-568f-8843-c72f1d674054,2322d5a1-57e3-5aa8-8133-0780105432f8,2025-10-11,bantamweight,1,2,oof_1,0.54099398851394653,7f16e390cb5de36b62b39f2e7f05044e7d8a13e599b2806f6dddd6c0078455fa,fabe89bdec6ed15c0c5e6f3077a3b65ce17d11a198e0947fe3613e55c0ff7edb,ddaab7a2bfc7fb6f840c0952ac765560330b066cf94f80899a0c0a3a0a35efa2,2cccb6cb2939839cc67f2e9555656605456cd83a8a557110b9a6048c7c5460ba
3f87f135-9a9a-5e99-8365-d04c300ca2ae,75ee042d-0247-598e-9a13-082674c2e21f,92da1345-9829-5c48-a15b-d6f7f63a3d81,336c6337-728e-59f6-bcf2-d78ac0d98306,2025-10-11,flyweight,1,2,oof_1,0.51859629154205322,7f16e390cb5de36b62b39f2e7f05044e7d8a13e599b2806f6dddd6c0078455fa,fabe89bdec6ed15c0c5e6f3077a3b65ce17d11a198e0947fe3613e55c0ff7edb,ddaab7a2bfc7fb6f840c0952ac765560330b066cf94f80899a0c0a3a0a35efa2,2cccb6cb2939839cc67f2e9555656605456cd83a8a557110b9a6048c7c5460ba
ae026093-254a-5112-a8a9-9b63a73e1964,75ee042d-0247-598e-9a13-082674c2e21f,ecc9debb-d667-5bd4-af2f-a607ff52b6cd,390ab7ce-5e3e-5f38-9231-617f316243d1,2025-10-11,women_strawweight,1,2,oof_1,0.74721360206604004,7f16e390cb5de36b62b39f2e7f05044e7d8a13e599b2806f6dddd6c0078455fa,fabe89bdec6ed15c0c5e6f3077a3b65ce17d11a198e0947fe3613e55c0ff7edb,ddaab7a2bfc7fb6f840c0952ac765560330b066cf94f80899a0c0a3a0a35efa2,2cccb6cb2939839cc67f2e9555656605456cd83a8a557110b9a6048c7c5460ba
af281d4d-1bfb-5d66-96a1-05de19314c91,75ee042d-0247-598e-9a13-082674c2e21f,92fa95cc-048b-5d21-89c6-044c92562649,a8a1ae2f-3de4-52d6-9291-051bafb4617a,2025-10-11,heavyweight,1,2,oof_1,0.63054722547531128,7f16e390cb5de36b62b39f2e7f05044e7d8a13e599b2806f6dddd6c0078455fa,fabe89bdec6ed15c0c5e6f3077a3b65ce17d11a198e0947fe3613e55c0ff7edb,ddaab7a2bfc7fb6f840c0952ac765560330b066cf94f80899a0c0a3a0a35efa2,2cccb6cb2939839cc67f2e9555656605456cd83a8a557110b9a6048c7c5460ba
b9476a29-ab36-55fa-ad25-547f64fbba3e,75ee042d-0247-598e-9a13-082674c2e21f,295728e1-a666-5e94-89c7-279982d29536,c1a85f84-022d-55f0-9965-a4f9b9a5e310,2025-10-11,bantamweight,1,2,oof_1,0.38333293795585632,7f16e390cb5de36b62b39f2e7f05044e7d8a13e599b2806f6dddd6c0078455fa,fabe89bdec6ed15c0c5e6f3077a3b65ce17d11a198e0947fe3613e55c0ff7edb,ddaab7a2bfc7fb6f840c0952ac765560330b066cf94f80899a0c0a3a0a35efa2,2cccb6cb2939839cc67f2e9555656605456cd83a8a557110b9a6048c7c5460ba
c536da0c-42b4-573c-8912-f53bf2136e03,75ee042d-0247-598e-9a13-082674c2e21f,470eb7aa-bd14-5599-9c7c-231141b7bf57,352f3cff-4cc9-5620-8daf-6ab31ada2270,2025-10-11,flyweight,1,2,oof_1,0.55877286195755005,7f16e390cb5de36b62b39f2e7f05044e7d8a13e599b2806f6dddd6c0078455fa,fabe89bdec6ed15c0c5e6f3077a3b65ce17d11a198e0947fe3613e55c0ff7edb,ddaab7a2bfc7fb6f840c0952ac765560330b066cf94f80899a0c0a3a0a35efa2,2cccb6cb2939839cc67f2e9555656605456cd83a8a557110b9a6048c7c5460ba
c65c7c3c-b64d-5bcf-9239-a96b454eb58d,75ee042d-0247-598e-9a13-082674c2e21f,d5c3a97b-0f86-583e-bb64-1c9e43049c36,53049461-2332-5cad-a2a2-c7b4a868b2db,2025-10-11,welterweight,0,2,oof_1,0.42540347576141357,7f16e390cb5de36b62b39f2e7f05044e7d8a13e599b2806f6dddd6c0078455fa,fabe89bdec6ed15c0c5e6f3077a3b65ce17d11a198e0947fe3613e55c0ff7edb,ddaab7a2bfc7fb6f840c0952ac765560330b066cf94f80899a0c0a3a0a35efa2,2cccb6cb2939839cc67f2e9555656605456cd83a8a557110b9a6048c7c5460ba
e59121af-0567-5aa2-8f24-fe4b40caa719,75ee042d-0247-598e-9a13-082674c2e21f,2de69ae1-e29b-515b-a837-0b7bcd09294c,57b7939f-c270-54c2-84a1-319cad025ddc,2025-10-11,lightweight,1,2,oof_1,0.55100721120834351,7f16e390cb5de36b62b39f2e7f05044e7d8a13e599b2806f6dddd6c0078455fa,fabe89bdec6ed15c0c5e6f3077a3b65ce17d11a198e0947fe3613e55c0ff7edb,ddaab7a2bfc7fb6f840c0952ac765560330b066cf94f80899a0c0a3a0a35efa2,2cccb6cb2939839cc67f2e9555656605456cd83a8a557110b9a6048c7c5460ba
e6e2f376-6279-58ef-88db-8a02fb45e3d3,75ee042d-0247-598e-9a13-082674c2e21f,5d82280c-c367-5931-8c0a-174f7419fa40,0aa7006c-e259-5980-a172-346522daa172,2025-10-11,heavyweight,0,2,oof_1,0.61226415634155273,7f16e390cb5de36b62b39f2e7f05044e7d8a13e599b2806f6dddd6c0078455fa,fabe89bdec6ed15c0c5e6f3077a3b65ce17d11a198e0947fe3613e55c0ff7edb,ddaab7a2bfc7fb6f840c0952ac765560330b066cf94f80899a0c0a3a0a35efa2,2cccb6cb2939839cc67f2e9555656605456cd83a8a557110b9a6048c7c5460ba
090acf17-b587-5e55-9490-a837ea64db5d,051af1fc-666c-537a-84e5-b7b8bb415cf9,ef928ca1-1687-5572-8e81-9d9eae66e85f,5d26bddf-51d3-5417-aeab-7329263c2e27,2025-10-18,middleweight,0,2,oof_1,0.70990616083145142,7f16e390cb5de36b62b39f2e7f05044e7d8a13e599b2806f6dddd6c0078455fa,fabe89bdec6ed15c0c5e6f3077a3b65ce17d11a198e0947fe3613e55c0ff7edb,ddaab7a2bfc7fb6f840c0952ac765560330b066cf94f80899a0c0a3a0a35efa2,2cccb6cb2939839cc67f2e9555656605456cd83a8a557110b9a6048c7c5460ba
3e368d42-7c85-58e2-8c4d-19f3da3e4a1b,051af1fc-666c-537a-84e5-b7b8bb415cf9,05b52933-2ba0-5c13-b71f-62208fba3378,cb72d261-8fdf-5ceb-8061-38d3734c6c11,2025-10-18,women_bantamweight,1,2,oof_1,0.55261087417602539,7f16e390cb5de36b62b39f2e7f05044e7d8a13e599b2806f6dddd6c0078455fa,fabe89bdec6ed15c0c5e6f3077a3b65ce17d11a198e0947fe3613e55c0ff7edb,ddaab7a2bfc7fb6f840c0952ac765560330b066cf94f80899a0c0a3a0a35efa2,2cccb6cb2939839cc67f2e9555656605456cd83a8a557110b9a6048c7c5460ba
6dc23281-053b-5d57-83c4-40168a6b8c42,051af1fc-666c-537a-84e5-b7b8bb415cf9,b816c68b-7dba-55b0-817e-febdbf6cdbc6,0a712492-b3d4-537d-8822-f9df4a87cc35,2025-10-18,bantamweight,0,2,oof_1,0.48036521673202515,7f16e390cb5de36b62b39f2e7f05044e7d8a13e599b2806f6dddd6c0078455fa,fabe89bdec6ed15c0c5e6f3077a3b65ce17d11a198e0947fe3613e55c0ff7edb,ddaab7a2bfc7fb6f840c0952ac765560330b066cf94f80899a0c0a3a0a35efa2,2cccb6cb2939839cc67f2e9555656605456cd83a8a557110b9a6048c7c5460ba
6fde9d3f-2ea6-5f64-87d3-c77aa9dbf4e2,051af1fc-666c-537a-84e5-b7b8bb415cf9,8cad8d9a-c500-5fe1-afc7-e116941e2f0c,b7524837-10c7-5128-a6b2-4738cc3b5a93,2025-10-18,welterweight,0,2,oof_1,0.61954152584075928,7f16e390cb5de36b62b39f2e7f05044e7d8a13e599b2806f6dddd6c0078455fa,fabe89bdec6ed15c0c5e6f3077a3b65ce17d11a198e0947fe3613e55c0ff7edb,ddaab7a2bfc7fb6f840c0952ac765560330b066cf94f80899a0c0a3a0a35efa2,2cccb6cb2939839cc67f2e9555656605456cd83a8a557110b9a6048c7c5460ba
70dbce95-11cb-59b3-bcb0-1fabc080ed1a,051af1fc-666c-537a-84e5-b7b8bb415cf9,cc259f61-a974-5f0f-ad31-d33bd77867e0,c2786919-49e0-5cf1-8fdb-b6042b877a67,2025-10-18,bantamweight,1,2,oof_1,0.70679384469985962,7f16e390cb5de36b62b39f2e7f05044e7d8a13e599b2806f6dddd6c0078455fa,fabe89bdec6ed15c0c5e6f3077a3b65ce17d11a198e0947fe3613e55c0ff7edb,ddaab7a2bfc7fb6f840c0952ac765560330b066cf94f80899a0c0a3a0a35efa2,2cccb6cb2939839cc67f2e9555656605456cd83a8a557110b9a6048c7c5460ba
79acc734-12dd-5958-b872-bd157b42c106,051af1fc-666c-537a-84e5-b7b8bb415cf9,29e2be84-e6f9-564a-91ac-67038549c6ab,c3ea8f65-095d-5555-ac15-ece2528326d7,2025-10-18,lightweight,0,2,oof_1,0.53129899501800537,7f16e390cb5de36b62b39f2e7f05044e7d8a13e599b2806f6dddd6c0078455fa,fabe89bdec6ed15c0c5e6f3077a3b65ce17d11a198e0947fe3613e55c0ff7edb,ddaab7a2bfc7fb6f840c0952ac765560330b066cf94f80899a0c0a3a0a35efa2,2cccb6cb2939839cc67f2e9555656605456cd83a8a557110b9a6048c7c5460ba
925000ea-a725-58a6-992f-af51fe3f1e0f,051af1fc-666c-537a-84e5-b7b8bb415cf9,c7813622-1310-5b5a-be52-318bade2b4f6,1d8337b7-db23-5e06-9b8a-9990b721eeea,2025-10-18,bantamweight,0,2,oof_1,0.60001939535140991,7f16e390cb5de36b62b39f2e7f05044e7d8a13e599b2806f6dddd6c0078455fa,fabe89bdec6ed15c0c5e6f3077a3b65ce17d11a198e0947fe3613e55c0ff7edb,ddaab7a2bfc7fb6f840c0952ac765560330b066cf94f80899a0c0a3a0a35efa2,2cccb6cb2939839cc67f2e9555656605456cd83a8a557110b9a6048c7c5460ba
9becddfe-701f-5f70-9db7-c18fb23bac67,051af1fc-666c-537a-84e5-b7b8bb415cf9,95b26492-1a83-5f88-8170-bc89dcab6442,06298dd2-2cb7-51bc-97fd-0780060a5d0e,2025-10-18,middleweight,0,2,oof_1,0.67123335599899292,7f16e390cb5de36b62b39f2e7f05044e7d8a13e599b2806f6dddd6c0078455fa,fabe89bdec6ed15c0c5e6f3077a3b65ce17d11a198e0947fe3613e55c0ff7edb,ddaab7a2bfc7fb6f840c0952ac765560330b066cf94f80899a0c0a3a0a35efa2,2cccb6cb2939839cc67f2e9555656605456cd83a8a557110b9a6048c7c5460ba
e64c3750-fa29-5636-9589-1fc26c031c54,051af1fc-666c-537a-84e5-b7b8bb415cf9,3aa46e8d-01e9-5328-b829-55ba65145d50,c668535b-98fb-5125-846f-28e4946ed837,2025-10-18,women_flyweight,1,2,oof_1,0.75323253870010376,7f16e390cb5de36b62b39f2e7f05044e7d8a13e599b2806f6dddd6c0078455fa,fabe89bdec6ed15c0c5e6f3077a3b65ce17d11a198e0947fe3613e55c0ff7edb,ddaab7a2bfc7fb6f840c0952ac765560330b066cf94f80899a0c0a3a0a35efa2,2cccb6cb2939839cc67f2e9555656605456cd83a8a557110b9a6048c7c5460ba
eb758d2b-5597-5615-a5f8-8211f251fa2a,051af1fc-666c-537a-84e5-b7b8bb415cf9,243c64b6-7efe-50da-9bf8-0bb6f6fb34d7,34bba3eb-58ba-59b7-a014-2c4ed7b60bc3,2025-10-18,flyweight,1,2,oof_1,0.40729504823684692,7f16e390cb5de36b62b39f2e7f05044e7d8a13e599b2806f6dddd6c0078455fa,fabe89bdec6ed15c0c5e6f3077a3b65ce17d11a198e0947fe3613e55c0ff7edb,ddaab7a2bfc7fb6f840c0952ac765560330b066cf94f80899a0c0a3a0a35efa2,2cccb6cb2939839cc67f2e9555656605456cd83a8a557110b9a6048c7c5460ba
f2b7e36d-0d93-5a2f-b34b-068425a3e9e2,051af1fc-666c-537a-84e5-b7b8bb415cf9,74805fa6-30cd-5729-b392-2f78f1ba1a66,03eb7772-9067-5322-b9a2-c1e62bbe08e4,2025-10-18,lightweight,1,2,oof_1,0.59698319435119629,7f16e390cb5de36b62b39f2e7f05044e7d8a13e599b2806f6dddd6c0078455fa,fabe89bdec6ed15c0c5e6f3077a3b65ce17d11a198e0947fe3613e55c0ff7edb,ddaab7a2bfc7fb6f840c0952ac765560330b066cf94f80899a0c0a3a0a35efa2,2cccb6cb2939839cc67f2e9555656605456cd83a8a557110b9a6048c7c5460ba
f2eb4558-961c-5002-9339-89c309fbbf0c,051af1fc-666c-537a-84e5-b7b8bb415cf9,6578ec94-8a24-5bdb-8060-9f780bfc4ba6,197b6dbd-2144-5784-99b4-e551f6a243fd,2025-10-18,women_strawweight,1,2,oof_1,0.52519774436950684,7f16e390cb5de36b62b39f2e7f05044e7d8a13e599b2806f6dddd6c0078455fa,fabe89bdec6ed15c0c5e6f3077a3b65ce17d11a198e0947fe3613e55c0ff7edb,ddaab7a2bfc7fb6f840c0952ac765560330b066cf94f80899a0c0a3a0a35efa2,2cccb6cb2939839cc67f2e9555656605456cd83a8a557110b9a6048c7c5460ba
f9d300be-9cdd-58e7-8314-f0586fe2d179,051af1fc-666c-537a-84e5-b7b8bb415cf9,f303950a-f7e6-56fe-80a7-35694f04be76,0b7da7d4-202b-5c4a-bd3c-d3c779108947,2025-10-18,middleweight,0,2,oof_1,0.75030916929244995,7f16e390cb5de36b62b39f2e7f05044e7d8a13e599b2806f6dddd6c0078455fa,fabe89bdec6ed15c0c5e6f3077a3b65ce17d11a198e0947fe3613e55c0ff7edb,ddaab7a2bfc7fb6f840c0952ac765560330b066cf94f80899a0c0a3a0a35efa2,2cccb6cb2939839cc67f2e9555656605456cd83a8a557110b9a6048c7c5460ba
0833770b-7992-5968-9520-d42dbe219d5c,102e660c-caa2-5212-8aee-8112fe77c643,2e6f8234-5a9a-51a4-a156-eb60a0e037f5,ec0365a0-98e8-5a80-a3cf-646ed740a866,2025-10-25,lightweight,0,2,oof_1,0.4413902759552002,7f16e390cb5de36b62b39f2e7f05044e7d8a13e599b2806f6dddd6c0078455fa,fabe89bdec6ed15c0c5e6f3077a3b65ce17d11a198e0947fe3613e55c0ff7edb,ddaab7a2bfc7fb6f840c0952ac765560330b066cf94f80899a0c0a3a0a35efa2,2cccb6cb2939839cc67f2e9555656605456cd83a8a557110b9a6048c7c5460ba
1305cbfc-5cf8-57b9-bf54-4ef011587be4,102e660c-caa2-5212-8aee-8112fe77c643,145f1020-b788-590e-a5b7-e16368dd300a,a5b4d788-0e80-579f-b675-f34b767fd8e5,2025-10-25,light_heavyweight,0,2,oof_1,0.66288501024246216,7f16e390cb5de36b62b39f2e7f05044e7d8a13e599b2806f6dddd6c0078455fa,fabe89bdec6ed15c0c5e6f3077a3b65ce17d11a198e0947fe3613e55c0ff7edb,ddaab7a2bfc7fb6f840c0952ac765560330b066cf94f80899a0c0a3a0a35efa2,2cccb6cb2939839cc67f2e9555656605456cd83a8a557110b9a6048c7c5460ba
1b0d2115-5383-56f5-93c0-0bcbfa5b0f50,102e660c-caa2-5212-8aee-8112fe77c643,7e152e59-dc63-5a25-aab1-cd15879af1b3,bb216159-7c98-51c2-95c3-40c80b07b741,2025-10-25,featherweight,1,2,oof_1,0.37818828225135803,7f16e390cb5de36b62b39f2e7f05044e7d8a13e599b2806f6dddd6c0078455fa,fabe89bdec6ed15c0c5e6f3077a3b65ce17d11a198e0947fe3613e55c0ff7edb,ddaab7a2bfc7fb6f840c0952ac765560330b066cf94f80899a0c0a3a0a35efa2,2cccb6cb2939839cc67f2e9555656605456cd83a8a557110b9a6048c7c5460ba
2e795e2f-f181-59c8-bcd9-60d794d823d8,102e660c-caa2-5212-8aee-8112fe77c643,9881a37e-266e-5c60-bdf7-ad95e49f5985,4b223e6a-8b95-59b1-9062-fb889b799fc0,2025-10-25,heavyweight,1,2,oof_1,0.86634689569473267,7f16e390cb5de36b62b39f2e7f05044e7d8a13e599b2806f6dddd6c0078455fa,fabe89bdec6ed15c0c5e6f3077a3b65ce17d11a198e0947fe3613e55c0ff7edb,ddaab7a2bfc7fb6f840c0952ac765560330b066cf94f80899a0c0a3a0a35efa2,2cccb6cb2939839cc67f2e9555656605456cd83a8a557110b9a6048c7c5460ba
338f2f92-151d-560b-9a3c-af5546511bc4,102e660c-caa2-5212-8aee-8112fe77c643,4558548e-3bc4-53d4-a71a-36c350e1e811,9c3a90ef-5d56-5cf8-878a-e3469b9d2763,2025-10-25,bantamweight,1,2,oof_1,0.71489685773849487,7f16e390cb5de36b62b39f2e7f05044e7d8a13e599b2806f6dddd6c0078455fa,fabe89bdec6ed15c0c5e6f3077a3b65ce17d11a198e0947fe3613e55c0ff7edb,ddaab7a2bfc7fb6f840c0952ac765560330b066cf94f80899a0c0a3a0a35efa2,2cccb6cb2939839cc67f2e9555656605456cd83a8a557110b9a6048c7c5460ba
459aea95-69fe-5448-82b2-0280fba9a172,102e660c-caa2-5212-8aee-8112fe77c643,051cf07c-02be-5d99-9569-f008c48ec86f,fe3fc83d-2c39-5e24-9908-7d013d05beef,2025-10-25,women_strawweight,0,2,oof_1,0.74553072452545166,7f16e390cb5de36b62b39f2e7f05044e7d8a13e599b2806f6dddd6c0078455fa,fabe89bdec6ed15c0c5e6f3077a3b65ce17d11a198e0947fe3613e55c0ff7edb,ddaab7a2bfc7fb6f840c0952ac765560330b066cf94f80899a0c0a3a0a35efa2,2cccb6cb2939839cc67f2e9555656605456cd83a8a557110b9a6048c7c5460ba
61218c1f-ec15-50ac-9f36-f5915120c193,102e660c-caa2-5212-8aee-8112fe77c643,771f9425-0f8a-5c40-ac4a-355cad170088,78dd112a-0e6b-5883-9baa-56029f061c48,2025-10-25,women_strawweight,0,2,oof_1,0.66106420755386353,7f16e390cb5de36b62b39f2e7f05044e7d8a13e599b2806f6dddd6c0078455fa,fabe89bdec6ed15c0c5e6f3077a3b65ce17d11a198e0947fe3613e55c0ff7edb,ddaab7a2bfc7fb6f840c0952ac765560330b066cf94f80899a0c0a3a0a35efa2,2cccb6cb2939839cc67f2e9555656605456cd83a8a557110b9a6048c7c5460ba
6d1bf46c-4f10-5b33-aaca-6f6bdce8e5a2,102e660c-caa2-5212-8aee-8112fe77c643,bfa62ab8-5d12-57e2-8469-1bc2417e4ac6,a0b97187-3568-5620-bb3d-bc4df42430b7,2025-10-25,heavyweight,1,2,oof_1,0.48552817106246948,7f16e390cb5de36b62b39f2e7f05044e7d8a13e599b2806f6dddd6c0078455fa,fabe89bdec6ed15c0c5e6f3077a3b65ce17d11a198e0947fe3613e55c0ff7edb,ddaab7a2bfc7fb6f840c0952ac765560330b066cf94f80899a0c0a3a0a35efa2,2cccb6cb2939839cc67f2e9555656605456cd83a8a557110b9a6048c7c5460ba
a21119f8-47a5-5b2e-bba3-ee13b1873850,102e660c-caa2-5212-8aee-8112fe77c643,156ab68a-e884-5b71-b7ad-f0648a4b46d9,ece6d877-6432-5453-9c50-4e8859355223,2025-10-25,middleweight,1,2,oof_1,0.65873318910598755,7f16e390cb5de36b62b39f2e7f05044e7d8a13e599b2806f6dddd6c0078455fa,fabe89bdec6ed15c0c5e6f3077a3b65ce17d11a198e0947fe3613e55c0ff7edb,ddaab7a2bfc7fb6f840c0952ac765560330b066cf94f80899a0c0a3a0a35efa2,2cccb6cb2939839cc67f2e9555656605456cd83a8a557110b9a6048c7c5460ba
ba3eeae0-48e0-5608-a6e4-fe371660ed1d,102e660c-caa2-5212-8aee-8112fe77c643,5c007fc4-aa3a-5d71-bf09-e9e09ca989ad,7096b83b-e332-5c07-8cdf-14507f96bb6c,2025-10-25,flyweight,0,2,oof_1,0.38523915410041809,7f16e390cb5de36b62b39f2e7f05044e7d8a13e599b2806f6dddd6c0078455fa,fabe89bdec6ed15c0c5e6f3077a3b65ce17d11a198e0947fe3613e55c0ff7edb,ddaab7a2bfc7fb6f840c0952ac765560330b066cf94f80899a0c0a3a0a35efa2,2cccb6cb2939839cc67f2e9555656605456cd83a8a557110b9a6048c7c5460ba
c07010c6-12fa-5371-b15a-b31a32d42ca7,102e660c-caa2-5212-8aee-8112fe77c643,f4369173-d4d0-5a1a-b58f-64690f9837ec,dc6fa7b9-6ee2-5230-a371-fcb339a7a27a,2025-10-25,heavyweight,1,2,oof_1,0.81241166591644287,7f16e390cb5de36b62b39f2e7f05044e7d8a13e599b2806f6dddd6c0078455fa,fabe89bdec6ed15c0c5e6f3077a3b65ce17d11a198e0947fe3613e55c0ff7edb,ddaab7a2bfc7fb6f840c0952ac765560330b066cf94f80899a0c0a3a0a35efa2,2cccb6cb2939839cc67f2e9555656605456cd83a8a557110b9a6048c7c5460ba
e78ce20c-da5b-5f35-98b3-2547e6a8425b,102e660c-caa2-5212-8aee-8112fe77c643,b2735b09-979b-5d62-8e38-c47ee63f9865,af151ba8-797a-5a37-8125-89e8705bc01f,2025-10-25,lightweight,1,2,oof_1,0.69959717988967896,7f16e390cb5de36b62b39f2e7f05044e7d8a13e599b2806f6dddd6c0078455fa,fabe89bdec6ed15c0c5e6f3077a3b65ce17d11a198e0947fe3613e55c0ff7edb,ddaab7a2bfc7fb6f840c0952ac765560330b066cf94f80899a0c0a3a0a35efa2,2cccb6cb2939839cc67f2e9555656605456cd83a8a557110b9a6048c7c5460ba
06ad5439-0c27-5eb0-9325-8aca8433598d,37960e4d-8a08-50e8-810f-a2e90763957c,d6749d39-4863-5d70-9593-d8749915fce5,72d9aece-0475-5fb5-a558-c0ac519028d3,2025-11-01,featherweight,1,2,oof_1,0.66645932197570801,7f16e390cb5de36b62b39f2e7f05044e7d8a13e599b2806f6dddd6c0078455fa,fabe89bdec6ed15c0c5e6f3077a3b65ce17d11a198e0947fe3613e55c0ff7edb,ddaab7a2bfc7fb6f840c0952ac765560330b066cf94f80899a0c0a3a0a35efa2,2cccb6cb2939839cc67f2e9555656605456cd83a8a557110b9a6048c7c5460ba
0820769a-9c05-5cc2-a588-ce46e2316637,37960e4d-8a08-50e8-810f-a2e90763957c,4b7beade-def7-50ff-9acd-e08a42863a71,cec138fc-95d9-590a-9bf1-949ce07102a3,2025-11-01,women_bantamweight,0,2,oof_1,0.5063590407371521,7f16e390cb5de36b62b39f2e7f05044e7d8a13e599b2806f6dddd6c0078455fa,fabe89bdec6ed15c0c5e6f3077a3b65ce17d11a198e0947fe3613e55c0ff7edb,ddaab7a2bfc7fb6f840c0952ac765560330b066cf94f80899a0c0a3a0a35efa2,2cccb6cb2939839cc67f2e9555656605456cd83a8a557110b9a6048c7c5460ba
210260c2-8ccd-5ea6-9786-e9d142163616,37960e4d-8a08-50e8-810f-a2e90763957c,472994ad-f8a7-5723-82ca-d21a2c00eb88,44729fb0-6059-556f-a461-d5ee652dbc60,2025-11-01,featherweight,0,2,oof_1,0.59421801567077637,7f16e390cb5de36b62b39f2e7f05044e7d8a13e599b2806f6dddd6c0078455fa,fabe89bdec6ed15c0c5e6f3077a3b65ce17d11a198e0947fe3613e55c0ff7edb,ddaab7a2bfc7fb6f840c0952ac765560330b066cf94f80899a0c0a3a0a35efa2,2cccb6cb2939839cc67f2e9555656605456cd83a8a557110b9a6048c7c5460ba
38af04ea-667e-52de-bc83-e7c62d3abffa,37960e4d-8a08-50e8-810f-a2e90763957c,c6a5c210-03cc-5aff-b654-4273eb86bb46,831d90e1-94dd-5665-aa8d-9c05487754e0,2025-11-01,welterweight,1,2,oof_1,0.41647276282310486,7f16e390cb5de36b62b39f2e7f05044e7d8a13e599b2806f6dddd6c0078455fa,fabe89bdec6ed15c0c5e6f3077a3b65ce17d11a198e0947fe3613e55c0ff7edb,ddaab7a2bfc7fb6f840c0952ac765560330b066cf94f80899a0c0a3a0a35efa2,2cccb6cb2939839cc67f2e9555656605456cd83a8a557110b9a6048c7c5460ba
417bb0f1-fd27-5ced-a360-34786b227a5a,37960e4d-8a08-50e8-810f-a2e90763957c,5526f2c2-b2a1-5626-8f9d-b7221830cddb,402bdbd6-20ff-5dad-b8d6-6411633c4358,2025-11-01,women_strawweight,1,2,oof_1,0.69222885370254517,7f16e390cb5de36b62b39f2e7f05044e7d8a13e599b2806f6dddd6c0078455fa,fabe89bdec6ed15c0c5e6f3077a3b65ce17d11a198e0947fe3613e55c0ff7edb,ddaab7a2bfc7fb6f840c0952ac765560330b066cf94f80899a0c0a3a0a35efa2,2cccb6cb2939839cc67f2e9555656605456cd83a8a557110b9a6048c7c5460ba
482dc0c0-89e2-522c-9b9a-8b0a0021ef23,37960e4d-8a08-50e8-810f-a2e90763957c,d29d9ae3-3a51-549b-afa4-4baa9f0c83d5,07ac90d8-b3be-5008-a4ad-defe55d72eb0,2025-11-01,welterweight,1,2,oof_1,0.62752288579940796,7f16e390cb5de36b62b39f2e7f05044e7d8a13e599b2806f6dddd6c0078455fa,fabe89bdec6ed15c0c5e6f3077a3b65ce17d11a198e0947fe3613e55c0ff7edb,ddaab7a2bfc7fb6f840c0952ac765560330b066cf94f80899a0c0a3a0a35efa2,2cccb6cb2939839cc67f2e9555656605456cd83a8a557110b9a6048c7c5460ba
7a388f3e-ce77-5f25-a707-631d60c2441a,37960e4d-8a08-50e8-810f-a2e90763957c,65918409-f6ab-5c39-a8e7-fb89cbe7ce4a,05630e35-6b44-54c7-bf15-47f5c660a792,2025-11-01,bantamweight,1,2,oof_1,0.73178678750991821,7f16e390cb5de36b62b39f2e7f05044e7d8a13e599b2806f6dddd6c0078455fa,fabe89bdec6ed15c0c5e6f3077a3b65ce17d11a198e0947fe3613e55c0ff7edb,ddaab7a2bfc7fb6f840c0952ac765560330b066cf94f80899a0c0a3a0a35efa2,2cccb6cb2939839cc67f2e9555656605456cd83a8a557110b9a6048c7c5460ba
8d7e8b16-4e01-5c70-bcc6-af1fca024c44,37960e4d-8a08-50e8-810f-a2e90763957c,76f2a31c-6632-5201-a77a-f3a609e286da,e855585c-e963-58cc-b005-4658513f38d3,2025-11-01,welterweight,0,2,oof_1,0.68252426385879517,7f16e390cb5de36b62b39f2e7f05044e7d8a13e599b2806f6dddd6c0078455fa,fabe89bdec6ed15c0c5e6f3077a3b65ce17d11a198e0947fe3613e55c0ff7edb,ddaab7a2bfc7fb6f840c0952ac765560330b066cf94f80899a0c0a3a0a35efa2,2cccb6cb2939839cc67f2e9555656605456cd83a8a557110b9a6048c7c5460ba
987fee12-6f8b-5c5f-914f-dca993a20a16,37960e4d-8a08-50e8-810f-a2e90763957c,8fefaeec-28cf-5a1f-835f-8fa2e25f4770,2625edc5-1bac-5b3b-9054-fba0a894bf67,2025-11-01,women_strawweight,1,2,oof_1,0.706859290599823,7f16e390cb5de36b62b39f2e7f05044e7d8a13e599b2806f6dddd6c0078455fa,fabe89bdec6ed15c0c5e6f3077a3b65ce17d11a198e0947fe3613e55c0ff7edb,ddaab7a2bfc7fb6f840c0952ac765560330b066cf94f80899a0c0a3a0a35efa2,2cccb6cb2939839cc67f2e9555656605456cd83a8a557110b9a6048c7c5460ba
ae7ecb09-7095-5211-a04f-64f08e52426c,37960e4d-8a08-50e8-810f-a2e90763957c,312b2727-3f2d-5dcf-aa48-48b6ff869071,efeddc63-3719-5a49-b970-793b8d2b5a56,2025-11-01,light_heavyweight,1,2,oof_1,0.69287455081939697,7f16e390cb5de36b62b39f2e7f05044e7d8a13e599b2806f6dddd6c0078455fa,fabe89bdec6ed15c0c5e6f3077a3b65ce17d11a198e0947fe3613e55c0ff7edb,ddaab7a2bfc7fb6f840c0952ac765560330b066cf94f80899a0c0a3a0a35efa2,2cccb6cb2939839cc67f2e9555656605456cd83a8a557110b9a6048c7c5460ba
affa2397-ba3c-52dd-81eb-d3ab436471cc,37960e4d-8a08-50e8-810f-a2e90763957c,c02298b4-029f-5cd4-8049-4a4fb48e4bd9,b76e3de2-a091-579d-9a00-25c2e56783c3,2025-11-01,middleweight,1,2,oof_1,0.76018822193145752,7f16e390cb5de36b62b39f2e7f05044e7d8a13e599b2806f6dddd6c0078455fa,fabe89bdec6ed15c0c5e6f3077a3b65ce17d11a198e0947fe3613e55c0ff7edb,ddaab7a2bfc7fb6f840c0952ac765560330b066cf94f80899a0c0a3a0a35efa2,2cccb6cb2939839cc67f2e9555656605456cd83a8a557110b9a6048c7c5460ba
dc746d10-acd6-5ba3-a919-71a3bb887782,37960e4d-8a08-50e8-810f-a2e90763957c,0b5c07a8-ab60-5218-aacf-fbb37163f327,696053ca-59f1-5176-94fc-e1ca32a0bf96,2025-11-01,heavyweight,1,2,oof_1,0.5646594762802124,7f16e390cb5de36b62b39f2e7f05044e7d8a13e599b2806f6dddd6c0078455fa,fabe89bdec6ed15c0c5e6f3077a3b65ce17d11a198e0947fe3613e55c0ff7edb,ddaab7a2bfc7fb6f840c0952ac765560330b066cf94f80899a0c0a3a0a35efa2,2cccb6cb2939839cc67f2e9555656605456cd83a8a557110b9a6048c7c5460ba
f8454d58-2347-541f-af7e-2bc8109cf2af,37960e4d-8a08-50e8-810f-a2e90763957c,678aa9db-95dc-5ddb-a823-778c32e0172a,20f62d5d-9c30-5d81-8948-d7a50b875cc5,2025-11-01,catch_weight,1,2,oof_1,0.74593853950500488,7f16e390cb5de36b62b39f2e7f05044e7d8a13e599b2806f6dddd6c0078455fa,fabe89bdec6ed15c0c5e6f3077a3b65ce17d11a198e0947fe3613e55c0ff7edb,ddaab7a2bfc7fb6f840c0952ac765560330b066cf94f80899a0c0a3a0a35efa2,2cccb6cb2939839cc67f2e9555656605456cd83a8a557110b9a6048c7c5460ba
0541c369-4ab7-5348-b357-7fac39674911,cbf4d392-7af6-530b-a737-aa25e023c4b4,e9a17afe-ac82-57c4-9db7-32295a7223c5,2c21ae8d-d9ce-558f-bc6f-aca57fe93e62,2025-11-08,lightweight,1,2,oof_1,0.62247121334075928,7f16e390cb5de36b62b39f2e7f05044e7d8a13e599b2806f6dddd6c0078455fa,fabe89bdec6ed15c0c5e6f3077a3b65ce17d11a198e0947fe3613e55c0ff7edb,ddaab7a2bfc7fb6f840c0952ac765560330b066cf94f80899a0c0a3a0a35efa2,2cccb6cb2939839cc67f2e9555656605456cd83a8a557110b9a6048c7c5460ba
2b22154b-14c5-5102-8bf1-36c8aa3f619f,cbf4d392-7af6-530b-a737-aa25e023c4b4,6c157abd-68fd-51fc-b606-47ad2d34d8ec,c5e55a0a-4452-5e23-8d18-3059dd704c2b,2025-11-08,flyweight,0,2,oof_1,0.39087173342704773,7f16e390cb5de36b62b39f2e7f05044e7d8a13e599b2806f6dddd6c0078455fa,fabe89bdec6ed15c0c5e6f3077a3b65ce17d11a198e0947fe3613e55c0ff7edb,ddaab7a2bfc7fb6f840c0952ac765560330b066cf94f80899a0c0a3a0a35efa2,2cccb6cb2939839cc67f2e9555656605456cd83a8a557110b9a6048c7c5460ba
33d4c32d-3dba-58ee-a48b-0b7a1f3bfe7e,cbf4d392-7af6-530b-a737-aa25e023c4b4,684e54eb-6391-552a-b3b2-c011fcd5c56b,5d79cfa7-6f44-52d3-aa0c-e66b5f6f6955,2025-11-08,welterweight,0,2,oof_1,0.45236843824386597,7f16e390cb5de36b62b39f2e7f05044e7d8a13e599b2806f6dddd6c0078455fa,fabe89bdec6ed15c0c5e6f3077a3b65ce17d11a198e0947fe3613e55c0ff7edb,ddaab7a2bfc7fb6f840c0952ac765560330b066cf94f80899a0c0a3a0a35efa2,2cccb6cb2939839cc67f2e9555656605456cd83a8a557110b9a6048c7c5460ba
3caf1e33-3dfc-5247-9554-33d94302d0ce,cbf4d392-7af6-530b-a737-aa25e023c4b4,ca9b330b-bb8d-5512-ba99-06b741e93441,82192e00-b948-5285-81f9-ec2bf478f8dc,2025-11-08,women_strawweight,0,2,oof_1,0.32718774676322937,7f16e390cb5de36b62b39f2e7f05044e7d8a13e599b2806f6dddd6c0078455fa,fabe89bdec6ed15c0c5e6f3077a3b65ce17d11a198e0947fe3613e55c0ff7edb,ddaab7a2bfc7fb6f840c0952ac765560330b066cf94f80899a0c0a3a0a35efa2,2cccb6cb2939839cc67f2e9555656605456cd83a8a557110b9a6048c7c5460ba
4a2660e1-6325-529e-86af-1b0d61671d49,cbf4d392-7af6-530b-a737-aa25e023c4b4,5677e09c-ed77-5104-8f51-960acfa189cb,886804a2-086c-50e3-8e41-08f8fb6a1b7c,2025-11-08,welterweight,1,2,oof_1,0.81226694583892822,7f16e390cb5de36b62b39f2e7f05044e7d8a13e599b2806f6dddd6c0078455fa,fabe89bdec6ed15c0c5e6f3077a3b65ce17d11a198e0947fe3613e55c0ff7edb,ddaab7a2bfc7fb6f840c0952ac765560330b066cf94f80899a0c0a3a0a35efa2,2cccb6cb2939839cc67f2e9555656605456cd83a8a557110b9a6048c7c5460ba
529ee492-bfbf-56a3-bee6-3307e3c5943a,cbf4d392-7af6-530b-a737-aa25e023c4b4,8f5f5229-f5fc-5e42-98d6-2240406ced61,4beefb63-0564-5199-8b9c-d63415f1ec7c,2025-11-08,featherweight,0,2,oof_1,0.5985567569732666,7f16e390cb5de36b62b39f2e7f05044e7d8a13e599b2806f6dddd6c0078455fa,fabe89bdec6ed15c0c5e6f3077a3b65ce17d11a198e0947fe3613e55c0ff7edb,ddaab7a2bfc7fb6f840c0952ac765560330b066cf94f80899a0c0a3a0a35efa2,2cccb6cb2939839cc67f2e9555656605456cd83a8a557110b9a6048c7c5460ba
619ddafd-3f44-53f5-8db9-3557dc8f9e6c,cbf4d392-7af6-530b-a737-aa25e023c4b4,deeceac7-0a60-5928-a5ec-af438b1562c0,75dbedcf-6ee6-5c63-8c19-4f8acf11651c,2025-11-08,heavyweight,1,2,oof_1,0.69371271133422852,7f16e390cb5de36b62b39f2e7f05044e7d8a13e599b2806f6dddd6c0078455fa,fabe89bdec6ed15c0c5e6f3077a3b65ce17d11a198e0947fe3613e55c0ff7edb,ddaab7a2bfc7fb6f840c0952ac765560330b066cf94f80899a0c0a3a0a35efa2,2cccb6cb2939839cc67f2e9555656605456cd83a8a557110b9a6048c7c5460ba
73ea06bd-63bb-5117-aa23-4ce6b93a2fd4,cbf4d392-7af6-530b-a737-aa25e023c4b4,e4ec7470-40b4-5021-99d9-5eec9ada124c,7d46a861-bbf7-5cc5-becc-ee33b93574c7,2025-11-08,bantamweight,0,2,oof_1,0.47624120116233826,7f16e390cb5de36b62b39f2e7f05044e7d8a13e599b2806f6dddd6c0078455fa,fabe89bdec6ed15c0c5e6f3077a3b65ce17d11a198e0947fe3613e55c0ff7edb,ddaab7a2bfc7fb6f840c0952ac765560330b066cf94f80899a0c0a3a0a35efa2,2cccb6cb2939839cc67f2e9555656605456cd83a8a557110b9a6048c7c5460ba
9579e289-8b0a-50fd-b7d3-0f5cdb9c2e91,cbf4d392-7af6-530b-a737-aa25e023c4b4,e2afade8-c976-5168-872b-c43e98b80c7e,db789b37-6242-5382-aa50-e03deed8450a,2025-11-08,catch_weight,1,2,oof_1,0.59471207857131958,7f16e390cb5de36b62b39f2e7f05044e7d8a13e599b2806f6dddd6c0078455fa,fabe89bdec6ed15c0c5e6f3077a3b65ce17d11a198e0947fe3613e55c0ff7edb,ddaab7a2bfc7fb6f840c0952ac765560330b066cf94f80899a0c0a3a0a35efa2,2cccb6cb2939839cc67f2e9555656605456cd83a8a557110b9a6048c7c5460ba
c29762d4-b6c5-5650-a148-efe1ecadae98,cbf4d392-7af6-530b-a737-aa25e023c4b4,13cb2251-408c-5763-a486-eac6062d5b4b,ca6e7616-e175-5ef9-bc89-7d2bcb448ccc,2025-11-08,women_bantamweight,0,2,oof_1,0.38590958714485168,7f16e390cb5de36b62b39f2e7f05044e7d8a13e599b2806f6dddd6c0078455fa,fabe89bdec6ed15c0c5e6f3077a3b65ce17d11a198e0947fe3613e55c0ff7edb,ddaab7a2bfc7fb6f840c0952ac765560330b066cf94f80899a0c0a3a0a35efa2,2cccb6cb2939839cc67f2e9555656605456cd83a8a557110b9a6048c7c5460ba
dd2176ab-a5ca-5e60-bc6d-68c50cf6e8e6,cbf4d392-7af6-530b-a737-aa25e023c4b4,404bd1c9-c183-5701-87e2-a55e1d18cec8,e0cd5d4f-e2bb-5098-bd10-2bbfa7489865,2025-11-08,bantamweight,0,2,oof_1,0.67702621221542358,7f16e390cb5de36b62b39f2e7f05044e7d8a13e599b2806f6dddd6c0078455fa,fabe89bdec6ed15c0c5e6f3077a3b65ce17d11a198e0947fe3613e55c0ff7edb,ddaab7a2bfc7fb6f840c0952ac765560330b066cf94f80899a0c0a3a0a35efa2,2cccb6cb2939839cc67f2e9555656605456cd83a8a557110b9a6048c7c5460ba
f8baa53b-3586-5cb0-8344-43eb9727c2f5,cbf4d392-7af6-530b-a737-aa25e023c4b4,364ad7d6-2d46-5e3c-a5f9-5696d76b73a9,8e029f95-dc44-50ce-918a-94c9c5924374,2025-11-08,middleweight,1,2,oof_1,0.623604416847229,7f16e390cb5de36b62b39f2e7f05044e7d8a13e599b2806f6dddd6c0078455fa,fabe89bdec6ed15c0c5e6f3077a3b65ce17d11a198e0947fe3613e55c0ff7edb,ddaab7a2bfc7fb6f840c0952ac765560330b066cf94f80899a0c0a3a0a35efa2,2cccb6cb2939839cc67f2e9555656605456cd83a8a557110b9a6048c7c5460ba
03fc65ef-1a64-527f-ae0d-4b43ca4b7f3b,a4dae78f-7f94-57ff-9135-4a9d0a507eff,d15258cb-d0f4-5a5e-a300-50ec5eda186b,60b37a9f-41e1-5078-a8d8-ae8f11d9b644,2025-11-15,women_flyweight,1,2,oof_1,0.69771528244018555,7f16e390cb5de36b62b39f2e7f05044e7d8a13e599b2806f6dddd6c0078455fa,fabe89bdec6ed15c0c5e6f3077a3b65ce17d11a198e0947fe3613e55c0ff7edb,ddaab7a2bfc7fb6f840c0952ac765560330b066cf94f80899a0c0a3a0a35efa2,2cccb6cb2939839cc67f2e9555656605456cd83a8a557110b9a6048c7c5460ba
105c5939-d416-5eee-882d-bff1f7b8cd9d,a4dae78f-7f94-57ff-9135-4a9d0a507eff,a98761e4-b493-57e5-ac1b-c2786312df25,caa9069c-29c1-5aa0-93b5-c24227eb2ac7,2025-11-15,welterweight,0,2,oof_1,0.58382534980773926,7f16e390cb5de36b62b39f2e7f05044e7d8a13e599b2806f6dddd6c0078455fa,fabe89bdec6ed15c0c5e6f3077a3b65ce17d11a198e0947fe3613e55c0ff7edb,ddaab7a2bfc7fb6f840c0952ac765560330b066cf94f80899a0c0a3a0a35efa2,2cccb6cb2939839cc67f2e9555656605456cd83a8a557110b9a6048c7c5460ba
1aca51af-2cc7-5037-897d-bab34e7e6c3a,a4dae78f-7f94-57ff-9135-4a9d0a507eff,bf9eab44-5c58-5ef9-a0bd-c9153734005c,8a315de9-b6c0-57dc-aace-c2cbfcea76fc,2025-11-15,welterweight,0,2,oof_1,0.59003347158432007,7f16e390cb5de36b62b39f2e7f05044e7d8a13e599b2806f6dddd6c0078455fa,fabe89bdec6ed15c0c5e6f3077a3b65ce17d11a198e0947fe3613e55c0ff7edb,ddaab7a2bfc7fb6f840c0952ac765560330b066cf94f80899a0c0a3a0a35efa2,2cccb6cb2939839cc67f2e9555656605456cd83a8a557110b9a6048c7c5460ba
21a946e6-257c-5674-bb58-e8c1de52e34e,a4dae78f-7f94-57ff-9135-4a9d0a507eff,90a9742b-68e2-5cd1-9f1d-28899ef4a1fa,fde53ea8-271c-5adc-b7e0-011ae07069ff,2025-11-15,middleweight,1,2,oof_1,0.84438860416412354,7f16e390cb5de36b62b39f2e7f05044e7d8a13e599b2806f6dddd6c0078455fa,fabe89bdec6ed15c0c5e6f3077a3b65ce17d11a198e0947fe3613e55c0ff7edb,ddaab7a2bfc7fb6f840c0952ac765560330b066cf94f80899a0c0a3a0a35efa2,2cccb6cb2939839cc67f2e9555656605456cd83a8a557110b9a6048c7c5460ba
477e6229-4ca7-5374-a7c7-b4469e19b0e3,a4dae78f-7f94-57ff-9135-4a9d0a507eff,407e3b81-e0a5-551c-98cf-2bf98ad57969,f7aa7c5f-5cbf-5e88-a868-383272563b67,2025-11-15,middleweight,1,2,oof_1,0.77299410104751587,7f16e390cb5de36b62b39f2e7f05044e7d8a13e599b2806f6dddd6c0078455fa,fabe89bdec6ed15c0c5e6f3077a3b65ce17d11a198e0947fe3613e55c0ff7edb,ddaab7a2bfc7fb6f840c0952ac765560330b066cf94f80899a0c0a3a0a35efa2,2cccb6cb2939839cc67f2e9555656605456cd83a8a557110b9a6048c7c5460ba
601541f5-6ebe-5016-97a1-b6eef3a1d699,a4dae78f-7f94-57ff-9135-4a9d0a507eff,837c3440-99f8-51be-b164-d759796bf644,65570629-af24-54cd-a569-fefa66ad135a,2025-11-15,middleweight,1,2,oof_1,0.758186936378479,7f16e390cb5de36b62b39f2e7f05044e7d8a13e599b2806f6dddd6c0078455fa,fabe89bdec6ed15c0c5e6f3077a3b65ce17d11a198e0947fe3613e55c0ff7edb,ddaab7a2bfc7fb6f840c0952ac765560330b066cf94f80899a0c0a3a0a35efa2,2cccb6cb2939839cc67f2e9555656605456cd83a8a557110b9a6048c7c5460ba
6b745c67-82fb-5c53-8431-f99547155ef4,a4dae78f-7f94-57ff-9135-4a9d0a507eff,373d67e8-3ce5-556b-b264-9c68b9a243e6,5669be42-4cb6-52e8-ae09-3f429d87e970,2025-11-15,welterweight,0,2,oof_1,0.59242719411849976,7f16e390cb5de36b62b39f2e7f05044e7d8a13e599b2806f6dddd6c0078455fa,fabe89bdec6ed15c0c5e6f3077a3b65ce17d11a198e0947fe3613e55c0ff7edb,ddaab7a2bfc7fb6f840c0952ac765560330b066cf94f80899a0c0a3a0a35efa2,2cccb6cb2939839cc67f2e9555656605456cd83a8a557110b9a6048c7c5460ba
7265d8f6-05da-5481-baf4-16493bb5c37f,a4dae78f-7f94-57ff-9135-4a9d0a507eff,5a2b65de-1091-5fc4-b1fd-f10ab99e7805,e1cc47a8-2367-53a1-9d75-70e29c25bb75,2025-11-15,lightweight,0,2,oof_1,0.31690797209739685,7f16e390cb5de36b62b39f2e7f05044e7d8a13e599b2806f6dddd6c0078455fa,fabe89bdec6ed15c0c5e6f3077a3b65ce17d11a198e0947fe3613e55c0ff7edb,ddaab7a2bfc7fb6f840c0952ac765560330b066cf94f80899a0c0a3a0a35efa2,2cccb6cb2939839cc67f2e9555656605456cd83a8a557110b9a6048c7c5460ba
780f3200-183e-51f1-a617-62d6243a0529,a4dae78f-7f94-57ff-9135-4a9d0a507eff,17d32617-8cb2-56e0-9bfd-7c8b01303b28,25277ec0-c285-5c5c-88ff-9006496d1a15,2025-11-15,women_strawweight,0,2,oof_1,0.28211429715156555,7f16e390cb5de36b62b39f2e7f05044e7d8a13e599b2806f6dddd6c0078455fa,fabe89bdec6ed15c0c5e6f3077a3b65ce17d11a198e0947fe3613e55c0ff7edb,ddaab7a2bfc7fb6f840c0952ac765560330b066cf94f80899a0c0a3a0a35efa2,2cccb6cb2939839cc67f2e9555656605456cd83a8a557110b9a6048c7c5460ba
91a0e3d5-5f63-5721-bac8-beb660d677a0,a4dae78f-7f94-57ff-9135-4a9d0a507eff,e6b6a3dc-de59-515c-bc15-8c3cac101eca,b4a2a44a-4c4f-5c91-bd7c-352196f590e3,2025-11-15,women_flyweight,1,2,oof_1,0.52876144647598267,7f16e390cb5de36b62b39f2e7f05044e7d8a13e599b2806f6dddd6c0078455fa,fabe89bdec6ed15c0c5e6f3077a3b65ce17d11a198e0947fe3613e55c0ff7edb,ddaab7a2bfc7fb6f840c0952ac765560330b066cf94f80899a0c0a3a0a35efa2,2cccb6cb2939839cc67f2e9555656605456cd83a8a557110b9a6048c7c5460ba
a8451b53-b43f-5213-a03f-17051530cc16,a4dae78f-7f94-57ff-9135-4a9d0a507eff,e2942548-1874-5c9c-a8c1-adfb929b8297,82cb2606-330f-554d-b0c7-ee2f024bc5d8,2025-11-15,middleweight,0,2,oof_1,0.56120908260345459,7f16e390cb5de36b62b39f2e7f05044e7d8a13e599b2806f6dddd6c0078455fa,fabe89bdec6ed15c0c5e6f3077a3b65ce17d11a198e0947fe3613e55c0ff7edb,ddaab7a2bfc7fb6f840c0952ac765560330b066cf94f80899a0c0a3a0a35efa2,2cccb6cb2939839cc67f2e9555656605456cd83a8a557110b9a6048c7c5460ba
b5f33cea-fc4f-5f11-83b7-0052f9a136d6,a4dae78f-7f94-57ff-9135-4a9d0a507eff,fe803c88-b604-587c-9811-a07552a4f45a,99376c9c-5a7a-5ce6-a66f-e64630100040,2025-11-15,lightweight,0,2,oof_1,0.50165301561355591,7f16e390cb5de36b62b39f2e7f05044e7d8a13e599b2806f6dddd6c0078455fa,fabe89bdec6ed15c0c5e6f3077a3b65ce17d11a198e0947fe3613e55c0ff7edb,ddaab7a2bfc7fb6f840c0952ac765560330b066cf94f80899a0c0a3a0a35efa2,2cccb6cb2939839cc67f2e9555656605456cd83a8a557110b9a6048c7c5460ba
e20745b5-ea8d-5445-8339-49c931b89884,a4dae78f-7f94-57ff-9135-4a9d0a507eff,fbb548d0-b3cf-5a4c-baa4-8518279d55fc,9bdd4e2a-c5bd-5b78-8553-fa4717c82c81,2025-11-15,featherweight,1,2,oof_1,0.47816851735115051,7f16e390cb5de36b62b39f2e7f05044e7d8a13e599b2806f6dddd6c0078455fa,fabe89bdec6ed15c0c5e6f3077a3b65ce17d11a198e0947fe3613e55c0ff7edb,ddaab7a2bfc7fb6f840c0952ac765560330b066cf94f80899a0c0a3a0a35efa2,2cccb6cb2939839cc67f2e9555656605456cd83a8a557110b9a6048c7c5460ba
e72f0b8f-4e3d-5dda-a2a0-d88ea9234655,a4dae78f-7f94-57ff-9135-4a9d0a507eff,f7b24236-4a3d-5dd8-879c-35648719dc93,935309b0-86c6-54a3-abf0-ee4ada20b274,2025-11-15,featherweight,0,2,oof_1,0.66934269666671753,7f16e390cb5de36b62b39f2e7f05044e7d8a13e599b2806f6dddd6c0078455fa,fabe89bdec6ed15c0c5e6f3077a3b65ce17d11a198e0947fe3613e55c0ff7edb,ddaab7a2bfc7fb6f840c0952ac765560330b066cf94f80899a0c0a3a0a35efa2,2cccb6cb2939839cc67f2e9555656605456cd83a8a557110b9a6048c7c5460ba
000cc544-5c78-5dcf-93c6-75737957c194,c94c1077-7478-52b2-810d-4f8148470c6e,91790c5b-3bc9-5224-bbc4-d738eb19168a,68f3b8d8-2f65-5f69-9acd-07340347d698,2025-11-22,light_heavyweight,1,2,oof_1,0.83719277381896973,7f16e390cb5de36b62b39f2e7f05044e7d8a13e599b2806f6dddd6c0078455fa,fabe89bdec6ed15c0c5e6f3077a3b65ce17d11a198e0947fe3613e55c0ff7edb,ddaab7a2bfc7fb6f840c0952ac765560330b066cf94f80899a0c0a3a0a35efa2,2cccb6cb2939839cc67f2e9555656605456cd83a8a557110b9a6048c7c5460ba
11085008-5262-5439-95de-6b0f9cf5aff3,c94c1077-7478-52b2-810d-4f8148470c6e,23610fd3-4616-5dfd-bb39-8315c3301349,e0b5d199-cdf2-524d-9130-f979ec8c5635,2025-11-22,bantamweight,0,2,oof_1,0.51467108726501465,7f16e390cb5de36b62b39f2e7f05044e7d8a13e599b2806f6dddd6c0078455fa,fabe89bdec6ed15c0c5e6f3077a3b65ce17d11a198e0947fe3613e55c0ff7edb,ddaab7a2bfc7fb6f840c0952ac765560330b066cf94f80899a0c0a3a0a35efa2,2cccb6cb2939839cc67f2e9555656605456cd83a8a557110b9a6048c7c5460ba
18e27151-f758-53ff-98d9-e6b6e8368503,c94c1077-7478-52b2-810d-4f8148470c6e,11a2dabc-9051-5dff-9e1c-322b746333ef,736ac5a4-c325-5b8a-a48d-787d16f1445f,2025-11-22,flyweight,0,2,oof_1,0.65875458717346191,7f16e390cb5de36b62b39f2e7f05044e7d8a13e599b2806f6dddd6c0078455fa,fabe89bdec6ed15c0c5e6f3077a3b65ce17d11a198e0947fe3613e55c0ff7edb,ddaab7a2bfc7fb6f840c0952ac765560330b066cf94f80899a0c0a3a0a35efa2,2cccb6cb2939839cc67f2e9555656605456cd83a8a557110b9a6048c7c5460ba
2d6d7e12-b0b2-5ae0-adc5-91629860b868,c94c1077-7478-52b2-810d-4f8148470c6e,1f2ca711-b218-5d42-8abd-cd23623abf5f,2e29b4ae-a45f-5b6b-a351-f23d862f13b1,2025-11-22,featherweight,0,2,oof_1,0.52225726842880249,7f16e390cb5de36b62b39f2e7f05044e7d8a13e599b2806f6dddd6c0078455fa,fabe89bdec6ed15c0c5e6f3077a3b65ce17d11a198e0947fe3613e55c0ff7edb,ddaab7a2bfc7fb6f840c0952ac765560330b066cf94f80899a0c0a3a0a35efa2,2cccb6cb2939839cc67f2e9555656605456cd83a8a557110b9a6048c7c5460ba
3697a53c-49cf-5113-935b-901c41c1ea67,c94c1077-7478-52b2-810d-4f8148470c6e,ef7d88ce-5ae9-5fbd-ae5b-56bd38ad7f7c,c79f4b19-6d56-5373-a513-83f440161eea,2025-11-22,flyweight,0,2,oof_1,0.50766503810882568,7f16e390cb5de36b62b39f2e7f05044e7d8a13e599b2806f6dddd6c0078455fa,fabe89bdec6ed15c0c5e6f3077a3b65ce17d11a198e0947fe3613e55c0ff7edb,ddaab7a2bfc7fb6f840c0952ac765560330b066cf94f80899a0c0a3a0a35efa2,2cccb6cb2939839cc67f2e9555656605456cd83a8a557110b9a6048c7c5460ba
3da6fb20-8db4-54c9-8860-6ac147adfc2c,c94c1077-7478-52b2-810d-4f8148470c6e,11a3b86a-21ef-5c5d-afad-45af35c4e7f9,217e3f5d-dc9c-529e-981a-dbba88404d09,2025-11-22,light_heavyweight,1,2,oof_1,0.62876158952713013,7f16e390cb5de36b62b39f2e7f05044e7d8a13e599b2806f6dddd6c0078455fa,fabe89bdec6ed15c0c5e6f3077a3b65ce17d11a198e0947fe3613e55c0ff7edb,ddaab7a2bfc7fb6f840c0952ac765560330b066cf94f80899a0c0a3a0a35efa2,2cccb6cb2939839cc67f2e9555656605456cd83a8a557110b9a6048c7c5460ba
4167b078-ef99-5c37-9885-2c9435a10565,c94c1077-7478-52b2-810d-4f8148470c6e,ae548665-dc72-5f63-b9cd-a228426ebc47,7656d82f-69ae-5658-988b-3c3b4a4a097a,2025-11-22,welterweight,0,2,oof_1,0.38765358924865723,7f16e390cb5de36b62b39f2e7f05044e7d8a13e599b2806f6dddd6c0078455fa,fabe89bdec6ed15c0c5e6f3077a3b65ce17d11a198e0947fe3613e55c0ff7edb,ddaab7a2bfc7fb6f840c0952ac765560330b066cf94f80899a0c0a3a0a35efa2,2cccb6cb2939839cc67f2e9555656605456cd83a8a557110b9a6048c7c5460ba
5315cd05-0f53-54e0-82e8-2085e87a8896,c94c1077-7478-52b2-810d-4f8148470c6e,ad2bebcf-8752-5190-9e25-4fe6a0ef7346,74440985-f1bb-5c97-a0ab-df3ef2e0917b,2025-11-22,lightweight,1,2,oof_1,0.81817054748535156,7f16e390cb5de36b62b39f2e7f05044e7d8a13e599b2806f6dddd6c0078455fa,fabe89bdec6ed15c0c5e6f3077a3b65ce17d11a198e0947fe3613e55c0ff7edb,ddaab7a2bfc7fb6f840c0952ac765560330b066cf94f80899a0c0a3a0a35efa2,2cccb6cb2939839cc67f2e9555656605456cd83a8a557110b9a6048c7c5460ba
5463216c-c4bc-5ec7-bfda-53c448675ff2,c94c1077-7478-52b2-810d-4f8148470c6e,d721ac66-2291-5109-852b-934e4c011c8c,dff31b3a-0311-5fa4-9a43-64d33c5c4c94,2025-11-22,lightweight,1,2,oof_1,0.81635862588882446,7f16e390cb5de36b62b39f2e7f05044e7d8a13e599b2806f6dddd6c0078455fa,fabe89bdec6ed15c0c5e6f3077a3b65ce17d11a198e0947fe3613e55c0ff7edb,ddaab7a2bfc7fb6f840c0952ac765560330b066cf94f80899a0c0a3a0a35efa2,2cccb6cb2939839cc67f2e9555656605456cd83a8a557110b9a6048c7c5460ba
77ca0feb-1632-52ac-ba9e-ef8c160d6dc7,c94c1077-7478-52b2-810d-4f8148470c6e,d9aa6b4e-2956-52f6-9009-10c40369ddb7,036c7062-f424-591a-bcb2-b91779d8f8ff,2025-11-22,middleweight,1,2,oof_1,0.6847689151763916,7f16e390cb5de36b62b39f2e7f05044e7d8a13e599b2806f6dddd6c0078455fa,fabe89bdec6ed15c0c5e6f3077a3b65ce17d11a198e0947fe3613e55c0ff7edb,ddaab7a2bfc7fb6f840c0952ac765560330b066cf94f80899a0c0a3a0a35efa2,2cccb6cb2939839cc67f2e9555656605456cd83a8a557110b9a6048c7c5460ba
864182c2-f6b6-52d6-9bda-2d9d5aaa575e,c94c1077-7478-52b2-810d-4f8148470c6e,6282287e-51df-59b7-94c0-0ecc46854400,85d09744-d985-527a-ba86-7c8334f194dd,2025-11-22,heavyweight,0,2,oof_1,0.65399050712585449,7f16e390cb5de36b62b39f2e7f05044e7d8a13e599b2806f6dddd6c0078455fa,fabe89bdec6ed15c0c5e6f3077a3b65ce17d11a198e0947fe3613e55c0ff7edb,ddaab7a2bfc7fb6f840c0952ac765560330b066cf94f80899a0c0a3a0a35efa2,2cccb6cb2939839cc67f2e9555656605456cd83a8a557110b9a6048c7c5460ba
98e46b31-8cba-53c2-92dc-dc63919dada1,c94c1077-7478-52b2-810d-4f8148470c6e,f1e8474a-8f13-514e-aa23-e816b449124e,61eef600-2211-557a-aaed-f64e93ad2543,2025-11-22,welterweight,0,2,oof_1,0.43541175127029419,7f16e390cb5de36b62b39f2e7f05044e7d8a13e599b2806f6dddd6c0078455fa,fabe89bdec6ed15c0c5e6f3077a3b65ce17d11a198e0947fe3613e55c0ff7edb,ddaab7a2bfc7fb6f840c0952ac765560330b066cf94f80899a0c0a3a0a35efa2,2cccb6cb2939839cc67f2e9555656605456cd83a8a557110b9a6048c7c5460ba
a2413af0-a738-5bf7-bfbf-c9a266c7b9bc,c94c1077-7478-52b2-810d-4f8148470c6e,55260b30-afc3-5791-a6a4-6f15ddc6c2f2,34fd6cc8-feca-5627-a537-40fa651af56d,2025-11-22,welterweight,1,2,oof_1,0.498514324426651,7f16e390cb5de36b62b39f2e7f05044e7d8a13e599b2806f6dddd6c0078455fa,fabe89bdec6ed15c0c5e6f3077a3b65ce17d11a198e0947fe3613e55c0ff7edb,ddaab7a2bfc7fb6f840c0952ac765560330b066cf94f80899a0c0a3a0a35efa2,2cccb6cb2939839cc67f2e9555656605456cd83a8a557110b9a6048c7c5460ba
cd84bdf7-3c4e-5b05-ba67-7f28149f198c,c94c1077-7478-52b2-810d-4f8148470c6e,0b5c07a8-ab60-5218-aacf-fbb37163f327,a4e4beff-909b-546f-96c4-0300e4997331,2025-11-22,heavyweight,1,2,oof_1,0.67862522602081299,7f16e390cb5de36b62b39f2e7f05044e7d8a13e599b2806f6dddd6c0078455fa,fabe89bdec6ed15c0c5e6f3077a3b65ce17d11a198e0947fe3613e55c0ff7edb,ddaab7a2bfc7fb6f840c0952ac765560330b066cf94f80899a0c0a3a0a35efa2,2cccb6cb2939839cc67f2e9555656605456cd83a8a557110b9a6048c7c5460ba
2ce11c1e-7833-5173-a1a9-3a9b3807962f,1108ee47-097f-5c8d-952b-fa7c2accabb1,ca9600ed-6881-5379-b8c6-b1fa2994a435,07d3e0c2-ca0d-5ac2-8cdd-58fd2a1e7623,2025-12-06,bantamweight,0,2,oof_1,0.35593673586845398,7f16e390cb5de36b62b39f2e7f05044e7d8a13e599b2806f6dddd6c0078455fa,fabe89bdec6ed15c0c5e6f3077a3b65ce17d11a198e0947fe3613e55c0ff7edb,ddaab7a2bfc7fb6f840c0952ac765560330b066cf94f80899a0c0a3a0a35efa2,2cccb6cb2939839cc67f2e9555656605456cd83a8a557110b9a6048c7c5460ba
312e34b7-133d-562e-9069-4e1f0d4153e6,1108ee47-097f-5c8d-952b-fa7c2accabb1,146eba14-fc03-529d-a39c-2f8403bc9df1,f432eb2c-78c6-5dd2-a470-b5247c052171,2025-12-06,flyweight,0,2,oof_1,0.47977527976036072,7f16e390cb5de36b62b39f2e7f05044e7d8a13e599b2806f6dddd6c0078455fa,fabe89bdec6ed15c0c5e6f3077a3b65ce17d11a198e0947fe3613e55c0ff7edb,ddaab7a2bfc7fb6f840c0952ac765560330b066cf94f80899a0c0a3a0a35efa2,2cccb6cb2939839cc67f2e9555656605456cd83a8a557110b9a6048c7c5460ba
4229fcc9-5d96-5491-bb6d-5fd562b2c8b2,1108ee47-097f-5c8d-952b-fa7c2accabb1,2910510b-f977-5dbe-a3c2-7a06f842ed72,03a42351-bbfc-59ad-9df2-bdef589765e8,2025-12-06,featherweight,0,2,oof_1,0.46268865466117859,7f16e390cb5de36b62b39f2e7f05044e7d8a13e599b2806f6dddd6c0078455fa,fabe89bdec6ed15c0c5e6f3077a3b65ce17d11a198e0947fe3613e55c0ff7edb,ddaab7a2bfc7fb6f840c0952ac765560330b066cf94f80899a0c0a3a0a35efa2,2cccb6cb2939839cc67f2e9555656605456cd83a8a557110b9a6048c7c5460ba
4e5df93f-b616-5199-b0ee-ed4e15860c33,1108ee47-097f-5c8d-952b-fa7c2accabb1,824807a4-162c-577e-a2ca-42ce0b60c6f0,472a8a56-68fa-5e9d-8924-bf7780d9e407,2025-12-06,middleweight,0,2,oof_1,0.65519428253173828,7f16e390cb5de36b62b39f2e7f05044e7d8a13e599b2806f6dddd6c0078455fa,fabe89bdec6ed15c0c5e6f3077a3b65ce17d11a198e0947fe3613e55c0ff7edb,ddaab7a2bfc7fb6f840c0952ac765560330b066cf94f80899a0c0a3a0a35efa2,2cccb6cb2939839cc67f2e9555656605456cd83a8a557110b9a6048c7c5460ba
50dd2dc4-3ece-5e4a-b400-48f8f1391671,1108ee47-097f-5c8d-952b-fa7c2accabb1,805ba04f-9f9c-513c-be74-0f7572a78c68,65b7dcf0-f166-531c-bcf1-9ae464e7cc2a,2025-12-06,bantamweight,0,2,oof_1,0.66697078943252563,7f16e390cb5de36b62b39f2e7f05044e7d8a13e599b2806f6dddd6c0078455fa,fabe89bdec6ed15c0c5e6f3077a3b65ce17d11a198e0947fe3613e55c0ff7edb,ddaab7a2bfc7fb6f840c0952ac765560330b066cf94f80899a0c0a3a0a35efa2,2cccb6cb2939839cc67f2e9555656605456cd83a8a557110b9a6048c7c5460ba
7819208a-4239-5756-aaa7-cee58fe75a27,1108ee47-097f-5c8d-952b-fa7c2accabb1,fd464441-5b9a-593c-a8e8-c2ee93da14e2,cdf457b3-fad7-5c6a-ab9f-db9f81adc66c,2025-12-06,lightweight,0,2,oof_1,0.43588840961456299,7f16e390cb5de36b62b39f2e7f05044e7d8a13e599b2806f6dddd6c0078455fa,fabe89bdec6ed15c0c5e6f3077a3b65ce17d11a198e0947fe3613e55c0ff7edb,ddaab7a2bfc7fb6f840c0952ac765560330b066cf94f80899a0c0a3a0a35efa2,2cccb6cb2939839cc67f2e9555656605456cd83a8a557110b9a6048c7c5460ba
875bc13c-3f59-5010-9163-ece57de7a580,1108ee47-097f-5c8d-952b-fa7c2accabb1,1600b449-69c6-524a-a47c-a8692b067628,26ad9944-0194-5ba9-8744-2471ff01e799,2025-12-06,flyweight,0,2,oof_1,0.43842646479606628,7f16e390cb5de36b62b39f2e7f05044e7d8a13e599b2806f6dddd6c0078455fa,fabe89bdec6ed15c0c5e6f3077a3b65ce17d11a198e0947fe3613e55c0ff7edb,ddaab7a2bfc7fb6f840c0952ac765560330b066cf94f80899a0c0a3a0a35efa2,2cccb6cb2939839cc67f2e9555656605456cd83a8a557110b9a6048c7c5460ba
8b2c5926-3765-503c-84f3-3347890a662c,1108ee47-097f-5c8d-952b-fa7c2accabb1,660a25e8-4298-57e4-a9a9-02da929f4391,7ddd2036-f89d-5d64-9526-81cebd7e5513,2025-12-06,lightweight,0,2,oof_1,0.61250263452529907,7f16e390cb5de36b62b39f2e7f05044e7d8a13e599b2806f6dddd6c0078455fa,fabe89bdec6ed15c0c5e6f3077a3b65ce17d11a198e0947fe3613e55c0ff7edb,ddaab7a2bfc7fb6f840c0952ac765560330b066cf94f80899a0c0a3a0a35efa2,2cccb6cb2939839cc67f2e9555656605456cd83a8a557110b9a6048c7c5460ba
9b37acb3-5149-584e-81f5-f40179cc34f1,1108ee47-097f-5c8d-952b-fa7c2accabb1,6864343b-26e5-5d4f-af7d-06c5b02f993b,6e830732-87f1-54ec-8f69-8864563cd81a,2025-12-06,middleweight,1,2,oof_1,0.85431921482086182,7f16e390cb5de36b62b39f2e7f05044e7d8a13e599b2806f6dddd6c0078455fa,fabe89bdec6ed15c0c5e6f3077a3b65ce17d11a198e0947fe3613e55c0ff7edb,ddaab7a2bfc7fb6f840c0952ac765560330b066cf94f80899a0c0a3a0a35efa2,2cccb6cb2939839cc67f2e9555656605456cd83a8a557110b9a6048c7c5460ba
a3d3e914-b501-5af1-925e-7e0824108b51,1108ee47-097f-5c8d-952b-fa7c2accabb1,6e74531e-878c-59c8-bb0e-63201254ee41,937b3052-d0f6-5774-a2ee-d4f2488cc9df,2025-12-06,light_heavyweight,1,2,oof_1,0.75099337100982666,7f16e390cb5de36b62b39f2e7f05044e7d8a13e599b2806f6dddd6c0078455fa,fabe89bdec6ed15c0c5e6f3077a3b65ce17d11a198e0947fe3613e55c0ff7edb,ddaab7a2bfc7fb6f840c0952ac765560330b066cf94f80899a0c0a3a0a35efa2,2cccb6cb2939839cc67f2e9555656605456cd83a8a557110b9a6048c7c5460ba
cdc6cf66-14af-55b9-94c6-96288db41d52,1108ee47-097f-5c8d-952b-fa7c2accabb1,63c2066f-1a74-5b3c-8fad-ecc16796acca,20829f27-3084-5b92-ad78-4c6193a5a967,2025-12-06,lightweight,0,2,oof_1,0.65227121114730835,7f16e390cb5de36b62b39f2e7f05044e7d8a13e599b2806f6dddd6c0078455fa,fabe89bdec6ed15c0c5e6f3077a3b65ce17d11a198e0947fe3613e55c0ff7edb,ddaab7a2bfc7fb6f840c0952ac765560330b066cf94f80899a0c0a3a0a35efa2,2cccb6cb2939839cc67f2e9555656605456cd83a8a557110b9a6048c7c5460ba
d3269b7e-0f77-5331-b782-fa4df0de5ef8,1108ee47-097f-5c8d-952b-fa7c2accabb1,20f3cfbb-e664-537c-a0bf-29341a395b7a,ab27a10d-cb4b-5700-88c8-dd28b2168719,2025-12-06,lightweight,0,2,oof_1,0.38027501106262207,7f16e390cb5de36b62b39f2e7f05044e7d8a13e599b2806f6dddd6c0078455fa,fabe89bdec6ed15c0c5e6f3077a3b65ce17d11a198e0947fe3613e55c0ff7edb,ddaab7a2bfc7fb6f840c0952ac765560330b066cf94f80899a0c0a3a0a35efa2,2cccb6cb2939839cc67f2e9555656605456cd83a8a557110b9a6048c7c5460ba
fb134094-c1ee-55ca-8b41-2318873164e2,1108ee47-097f-5c8d-952b-fa7c2accabb1,cdcc8195-e912-5e68-9ebf-47237c2845c2,956a7351-0852-5a23-960e-cd70eb969bc5,2025-12-06,women_flyweight,1,2,oof_1,0.72935682535171509,7f16e390cb5de36b62b39f2e7f05044e7d8a13e599b2806f6dddd6c0078455fa,fabe89bdec6ed15c0c5e6f3077a3b65ce17d11a198e0947fe3613e55c0ff7edb,ddaab7a2bfc7fb6f840c0952ac765560330b066cf94f80899a0c0a3a0a35efa2,2cccb6cb2939839cc67f2e9555656605456cd83a8a557110b9a6048c7c5460ba
03597664-6ad5-5c4f-8494-296751fdf8c4,1750c654-0d85-562a-b706-acc8657cb3e6,f9516c93-bcbb-5518-a172-f9206d2b0a87,401cd724-e77f-594b-9ca9-5a7ad03a44b4,2025-12-13,heavyweight,0,2,oof_1,0.59079521894454956,7f16e390cb5de36b62b39f2e7f05044e7d8a13e599b2806f6dddd6c0078455fa,fabe89bdec6ed15c0c5e6f3077a3b65ce17d11a198e0947fe3613e55c0ff7edb,ddaab7a2bfc7fb6f840c0952ac765560330b066cf94f80899a0c0a3a0a35efa2,2cccb6cb2939839cc67f2e9555656605456cd83a8a557110b9a6048c7c5460ba
0abe5593-f5a7-5b03-bbd4-01d5b07c20d6,1750c654-0d85-562a-b706-acc8657cb3e6,2944c746-7ab7-50b6-a656-abad39141c33,1763c8f8-e72b-534d-9165-8f2ce8b81ebc,2025-12-13,featherweight,1,2,oof_1,0.69386523962020874,7f16e390cb5de36b62b39f2e7f05044e7d8a13e599b2806f6dddd6c0078455fa,fabe89bdec6ed15c0c5e6f3077a3b65ce17d11a198e0947fe3613e55c0ff7edb,ddaab7a2bfc7fb6f840c0952ac765560330b066cf94f80899a0c0a3a0a35efa2,2cccb6cb2939839cc67f2e9555656605456cd83a8a557110b9a6048c7c5460ba
0f00b268-3750-558e-a545-972e2254ecb8,1750c654-0d85-562a-b706-acc8657cb3e6,cb26064a-f192-5fdf-a261-1756de62a566,73b6e57d-7b93-5111-9a7e-b5cf002d3aa4,2025-12-13,featherweight,0,2,oof_1,0.3649747371673584,7f16e390cb5de36b62b39f2e7f05044e7d8a13e599b2806f6dddd6c0078455fa,fabe89bdec6ed15c0c5e6f3077a3b65ce17d11a198e0947fe3613e55c0ff7edb,ddaab7a2bfc7fb6f840c0952ac765560330b066cf94f80899a0c0a3a0a35efa2,2cccb6cb2939839cc67f2e9555656605456cd83a8a557110b9a6048c7c5460ba
44a16de3-1b69-5ead-9177-5c2e48e18bff,1750c654-0d85-562a-b706-acc8657cb3e6,05b52933-2ba0-5c13-b71f-62208fba3378,f37a608d-9406-5d12-bf62-ae0bfb327d22,2025-12-13,women_bantamweight,0,2,oof_1,0.50822746753692627,7f16e390cb5de36b62b39f2e7f05044e7d8a13e599b2806f6dddd6c0078455fa,fabe89bdec6ed15c0c5e6f3077a3b65ce17d11a198e0947fe3613e55c0ff7edb,ddaab7a2bfc7fb6f840c0952ac765560330b066cf94f80899a0c0a3a0a35efa2,2cccb6cb2939839cc67f2e9555656605456cd83a8a557110b9a6048c7c5460ba
6941c2cc-8628-5234-beac-adab395fa824,1750c654-0d85-562a-b706-acc8657cb3e6,286c3351-743c-57a4-9cd7-45e6d509cf56,3efa06fd-57dd-5a42-8b71-8d8f480c1a50,2025-12-13,featherweight,1,2,oof_1,0.59173017740249634,7f16e390cb5de36b62b39f2e7f05044e7d8a13e599b2806f6dddd6c0078455fa,fabe89bdec6ed15c0c5e6f3077a3b65ce17d11a198e0947fe3613e55c0ff7edb,ddaab7a2bfc7fb6f840c0952ac765560330b066cf94f80899a0c0a3a0a35efa2,2cccb6cb2939839cc67f2e9555656605456cd83a8a557110b9a6048c7c5460ba
750cf375-ebfe-5669-af77-17cf71e2b3b4,1750c654-0d85-562a-b706-acc8657cb3e6,37d0f593-0c2f-525e-804b-72847f0fcf7c,3a8ab4e2-3d3e-5222-b0c9-f1b0d3bdb63c,2025-12-13,catch_weight,1,2,oof_1,0.50606614351272583,7f16e390cb5de36b62b39f2e7f05044e7d8a13e599b2806f6dddd6c0078455fa,fabe89bdec6ed15c0c5e6f3077a3b65ce17d11a198e0947fe3613e55c0ff7edb,ddaab7a2bfc7fb6f840c0952ac765560330b066cf94f80899a0c0a3a0a35efa2,2cccb6cb2939839cc67f2e9555656605456cd83a8a557110b9a6048c7c5460ba
9842520f-404b-5a52-bf39-96d031383671,1750c654-0d85-562a-b706-acc8657cb3e6,09cd8b8a-61ba-5644-a413-8631dae4b3e5,1153a400-3dec-5015-8f0d-e2a4590a9a81,2025-12-13,flyweight,0,2,oof_1,0.55778121948242188,7f16e390cb5de36b62b39f2e7f05044e7d8a13e599b2806f6dddd6c0078455fa,fabe89bdec6ed15c0c5e6f3077a3b65ce17d11a198e0947fe3613e55c0ff7edb,ddaab7a2bfc7fb6f840c0952ac765560330b066cf94f80899a0c0a3a0a35efa2,2cccb6cb2939839cc67f2e9555656605456cd83a8a557110b9a6048c7c5460ba
b1eef7a7-3f81-5b0d-aa79-a478014d1a37,1750c654-0d85-562a-b706-acc8657cb3e6,049cb528-be3f-5ec7-bc9c-968a95278cd7,8f9241f8-1fab-5bbf-9074-060948f1a501,2025-12-13,welterweight,0,2,oof_1,0.69751900434494019,7f16e390cb5de36b62b39f2e7f05044e7d8a13e599b2806f6dddd6c0078455fa,fabe89bdec6ed15c0c5e6f3077a3b65ce17d11a198e0947fe3613e55c0ff7edb,ddaab7a2bfc7fb6f840c0952ac765560330b066cf94f80899a0c0a3a0a35efa2,2cccb6cb2939839cc67f2e9555656605456cd83a8a557110b9a6048c7c5460ba
b4a20dac-5160-51bf-8368-551c8637070d,1750c654-0d85-562a-b706-acc8657cb3e6,e92d0659-c9b7-5720-a95d-244d3497bf76,c30b5473-d3b8-5f6e-bf6d-bd018c246e56,2025-12-13,middleweight,0,2,oof_1,0.5923505425453186,7f16e390cb5de36b62b39f2e7f05044e7d8a13e599b2806f6dddd6c0078455fa,fabe89bdec6ed15c0c5e6f3077a3b65ce17d11a198e0947fe3613e55c0ff7edb,ddaab7a2bfc7fb6f840c0952ac765560330b066cf94f80899a0c0a3a0a35efa2,2cccb6cb2939839cc67f2e9555656605456cd83a8a557110b9a6048c7c5460ba
c8de1d53-34ba-5679-aa19-db6e4439d13b,1750c654-0d85-562a-b706-acc8657cb3e6,1b8d08d2-5e00-5263-b4bd-37b41ad773a7,7980d962-13f5-515f-bf78-f8b3dc1f0425,2025-12-13,women_flyweight,1,2,oof_1,0.42207434773445129,7f16e390cb5de36b62b39f2e7f05044e7d8a13e599b2806f6dddd6c0078455fa,fabe89bdec6ed15c0c5e6f3077a3b65ce17d11a198e0947fe3613e55c0ff7edb,ddaab7a2bfc7fb6f840c0952ac765560330b066cf94f80899a0c0a3a0a35efa2,2cccb6cb2939839cc67f2e9555656605456cd83a8a557110b9a6048c7c5460ba
f5be340a-f204-5efd-b0dd-650ee4802ffe,1750c654-0d85-562a-b706-acc8657cb3e6,db70f81b-81fe-5f6e-bac9-d95ed5594426,f68e11ce-7adf-5127-afc4-89b51ec75569,2025-12-13,heavyweight,0,2,oof_1,0.68545466661453247,7f16e390cb5de36b62b39f2e7f05044e7d8a13e599b2806f6dddd6c0078455fa,fabe89bdec6ed15c0c5e6f3077a3b65ce17d11a198e0947fe3613e55c0ff7edb,ddaab7a2bfc7fb6f840c0952ac765560330b066cf94f80899a0c0a3a0a35efa2,2cccb6cb2939839cc67f2e9555656605456cd83a8a557110b9a6048c7c5460ba
0da4ef13-5666-5beb-850d-d1d7be6fbfa8,9026bc63-0a9b-546c-98c4-a2204b47e54f,ef7d88ce-5ae9-5fbd-ae5b-56bd38ad7f7c,509c9337-d525-53bc-a27f-5cd6937d5795,2026-01-24,flyweight,1,2,oof_2,0.65563809871673584,6c527d91a9d89f11f9c0aa38e094b842dbed0a51e304db67d09fc8a3bcc29c6d,432eefa6ddba6f3e5ae9bc7ad45247582c3f3c466b08293af192f6e39b1e8c7b,027363f411bb092a9c91611de3dcaa78b30536231fbf71f25653da49e09a653a,533fd1b19a6e00b91674b18d855ad438e5ac8a40bb3bd9392b541e946b279993
11f6a538-693d-5360-a300-3735d15880a8,9026bc63-0a9b-546c-98c4-a2204b47e54f,deeceac7-0a60-5928-a5ec-af438b1562c0,85d09744-d985-527a-ba86-7c8334f194dd,2026-01-24,heavyweight,1,2,oof_2,0.70754009485244751,6c527d91a9d89f11f9c0aa38e094b842dbed0a51e304db67d09fc8a3bcc29c6d,432eefa6ddba6f3e5ae9bc7ad45247582c3f3c466b08293af192f6e39b1e8c7b,027363f411bb092a9c91611de3dcaa78b30536231fbf71f25653da49e09a653a,533fd1b19a6e00b91674b18d855ad438e5ac8a40bb3bd9392b541e946b279993
1c8a2c51-2fbc-51ab-a11f-7ae657b8a4fe,9026bc63-0a9b-546c-98c4-a2204b47e54f,4558548e-3bc4-53d4-a71a-36c350e1e811,295728e1-a666-5e94-89c7-279982d29536,2026-01-24,bantamweight,1,2,oof_2,0.83979380130767822,6c527d91a9d89f11f9c0aa38e094b842dbed0a51e304db67d09fc8a3bcc29c6d,432eefa6ddba6f3e5ae9bc7ad45247582c3f3c466b08293af192f6e39b1e8c7b,027363f411bb092a9c91611de3dcaa78b30536231fbf71f25653da49e09a653a,533fd1b19a6e00b91674b18d855ad438e5ac8a40bb3bd9392b541e946b279993
65ae12cb-818f-53cf-a428-94572cc3bf40,9026bc63-0a9b-546c-98c4-a2204b47e54f,54e010a4-6193-5d3d-a6f4-94ba4fc2f2f3,609379a0-8163-5233-9d87-9c3eec196ec3,2026-01-24,women_flyweight,1,2,oof_2,0.68089163303375244,6c527d91a9d89f11f9c0aa38e094b842dbed0a51e304db67d09fc8a3bcc29c6d,432eefa6ddba6f3e5ae9bc7ad45247582c3f3c466b08293af192f6e39b1e8c7b,027363f411bb092a9c91611de3dcaa78b30536231fbf71f25653da49e09a653a,533fd1b19a6e00b91674b18d855ad438e5ac8a40bb3bd9392b541e946b279993
76d75e43-9f26-52e2-b293-074b9021fb8e,9026bc63-0a9b-546c-98c4-a2204b47e54f,a1be629f-fcb0-5fe3-8d34-a45af64ba5e5,64c91aed-c202-5c16-8ec0-4fb3c4de543f,2026-01-24,light_heavyweight,1,2,oof_2,0.52347344160079956,6c527d91a9d89f11f9c0aa38e094b842dbed0a51e304db67d09fc8a3bcc29c6d,432eefa6ddba6f3e5ae9bc7ad45247582c3f3c466b08293af192f6e39b1e8c7b,027363f411bb092a9c91611de3dcaa78b30536231fbf71f25653da49e09a653a,533fd1b19a6e00b91674b18d855ad438e5ac8a40bb3bd9392b541e946b279993
78937e01-fd03-57b4-9bdf-b98ae5a5b8a8,9026bc63-0a9b-546c-98c4-a2204b47e54f,8917d128-ee39-5542-ae1f-bcf013776a6f,b93414ee-85f2-5bdc-91e0-2d9e87c2fa48,2026-01-24,lightweight,1,2,oof_2,0.41215464472770691,6c527d91a9d89f11f9c0aa38e094b842dbed0a51e304db67d09fc8a3bcc29c6d,432eefa6ddba6f3e5ae9bc7ad45247582c3f3c466b08293af192f6e39b1e8c7b,027363f411bb092a9c91611de3dcaa78b30536231fbf71f25653da49e09a653a,533fd1b19a6e00b91674b18d855ad438e5ac8a40bb3bd9392b541e946b279993
a858f192-3499-55f2-a94b-e38a8d43cf09,9026bc63-0a9b-546c-98c4-a2204b47e54f,0d417949-a99d-5ab1-8c38-86eb9b2587f9,ee197917-80a9-5169-bcc2-3d2f35ae01f1,2026-01-24,featherweight,0,2,oof_2,0.60348039865493774,6c527d91a9d89f11f9c0aa38e094b842dbed0a51e304db67d09fc8a3bcc29c6d,432eefa6ddba6f3e5ae9bc7ad45247582c3f3c466b08293af192f6e39b1e8c7b,027363f411bb092a9c91611de3dcaa78b30536231fbf71f25653da49e09a653a,533fd1b19a6e00b91674b18d855ad438e5ac8a40bb3bd9392b541e946b279993
b26453ee-a9e8-54c4-911b-bb4c51a919ff,9026bc63-0a9b-546c-98c4-a2204b47e54f,0b5c07a8-ab60-5218-aacf-fbb37163f327,87dfb573-1ad2-54cf-aa6e-eea5415d1223,2026-01-24,heavyweight,1,2,oof_2,0.81953549385070801,6c527d91a9d89f11f9c0aa38e094b842dbed0a51e304db67d09fc8a3bcc29c6d,432eefa6ddba6f3e5ae9bc7ad45247582c3f3c466b08293af192f6e39b1e8c7b,027363f411bb092a9c91611de3dcaa78b30536231fbf71f25653da49e09a653a,533fd1b19a6e00b91674b18d855ad438e5ac8a40bb3bd9392b541e946b279993
d36d22b5-69ba-5872-b7af-681742b8b11c,9026bc63-0a9b-546c-98c4-a2204b47e54f,293ef081-7350-537d-ac22-07f1bad92019,12f5f0fe-0cdb-5ce4-83ab-4696dd28d76a,2026-01-24,welterweight,0,2,oof_2,0.46869984269142151,6c527d91a9d89f11f9c0aa38e094b842dbed0a51e304db67d09fc8a3bcc29c6d,432eefa6ddba6f3e5ae9bc7ad45247582c3f3c466b08293af192f6e39b1e8c7b,027363f411bb092a9c91611de3dcaa78b30536231fbf71f25653da49e09a653a,533fd1b19a6e00b91674b18d855ad438e5ac8a40bb3bd9392b541e946b279993
d578ed24-fd22-5063-8b5a-14fc86ee5817,9026bc63-0a9b-546c-98c4-a2204b47e54f,31c4500d-57d6-59cd-8dce-165c2eadd098,4aa7a6dd-1d3f-5141-b0ef-0823fa55f316,2026-01-24,middleweight,1,2,oof_2,0.74870043992996216,6c527d91a9d89f11f9c0aa38e094b842dbed0a51e304db67d09fc8a3bcc29c6d,432eefa6ddba6f3e5ae9bc7ad45247582c3f3c466b08293af192f6e39b1e8c7b,027363f411bb092a9c91611de3dcaa78b30536231fbf71f25653da49e09a653a,533fd1b19a6e00b91674b18d855ad438e5ac8a40bb3bd9392b541e946b279993
e64afd75-234d-5494-8ef7-3413718dfb80,9026bc63-0a9b-546c-98c4-a2204b47e54f,b4c849f7-4884-5fb4-a1d1-2de72e5a6a22,a7f92121-29e9-585b-b4e0-ae8c2921ca87,2026-01-24,bantamweight,1,2,oof_2,0.65848135948181152,6c527d91a9d89f11f9c0aa38e094b842dbed0a51e304db67d09fc8a3bcc29c6d,432eefa6ddba6f3e5ae9bc7ad45247582c3f3c466b08293af192f6e39b1e8c7b,027363f411bb092a9c91611de3dcaa78b30536231fbf71f25653da49e09a653a,533fd1b19a6e00b91674b18d855ad438e5ac8a40bb3bd9392b541e946b279993
00ffacbd-0301-50f7-8e60-495511fe8a69,24d3cc98-2d22-54c8-ac92-b7d3f8bf6a9b,05fca0dd-5e44-5f5c-9ac9-c57b2eaa2206,bb1528ff-105a-5528-af03-53018624ae46,2026-01-31,welterweight,1,2,oof_2,0.61124026775360107,6c527d91a9d89f11f9c0aa38e094b842dbed0a51e304db67d09fc8a3bcc29c6d,432eefa6ddba6f3e5ae9bc7ad45247582c3f3c466b08293af192f6e39b1e8c7b,027363f411bb092a9c91611de3dcaa78b30536231fbf71f25653da49e09a653a,533fd1b19a6e00b91674b18d855ad438e5ac8a40bb3bd9392b541e946b279993
4651d7fe-e76d-5948-86f1-94039abd0909,24d3cc98-2d22-54c8-ac92-b7d3f8bf6a9b,e3a71d3d-78f3-5868-96b9-66ba696d8348,58bb25f8-aa95-5560-be2e-dd7bc04871bf,2026-01-31,featherweight,1,2,oof_2,0.62354856729507446,6c527d91a9d89f11f9c0aa38e094b842dbed0a51e304db67d09fc8a3bcc29c6d,432eefa6ddba6f3e5ae9bc7ad45247582c3f3c466b08293af192f6e39b1e8c7b,027363f411bb092a9c91611de3dcaa78b30536231fbf71f25653da49e09a653a,533fd1b19a6e00b91674b18d855ad438e5ac8a40bb3bd9392b541e946b279993
682db9fe-1943-5d07-a63e-19ac2bc906ce,24d3cc98-2d22-54c8-ac92-b7d3f8bf6a9b,ec0365a0-98e8-5a80-a3cf-646ed740a866,63c5b479-664f-5196-8fd0-418754a80ba7,2026-01-31,lightweight,1,2,oof_2,0.77495664358139038,6c527d91a9d89f11f9c0aa38e094b842dbed0a51e304db67d09fc8a3bcc29c6d,432eefa6ddba6f3e5ae9bc7ad45247582c3f3c466b08293af192f6e39b1e8c7b,027363f411bb092a9c91611de3dcaa78b30536231fbf71f25653da49e09a653a,533fd1b19a6e00b91674b18d855ad438e5ac8a40bb3bd9392b541e946b279993
81bbfeae-5125-566b-b198-506618491fff,24d3cc98-2d22-54c8-ac92-b7d3f8bf6a9b,506925c2-7f2d-5fc3-a019-27b916c9fafc,eddcfe9a-edde-5659-a83f-5f0241e3ab95,2026-01-31,featherweight,1,2,oof_2,0.6727403998374939,6c527d91a9d89f11f9c0aa38e094b842dbed0a51e304db67d09fc8a3bcc29c6d,432eefa6ddba6f3e5ae9bc7ad45247582c3f3c466b08293af192f6e39b1e8c7b,027363f411bb092a9c91611de3dcaa78b30536231fbf71f25653da49e09a653a,533fd1b19a6e00b91674b18d855ad438e5ac8a40bb3bd9392b541e946b279993
8da9ac7f-c609-5149-995e-541188fd24fc,24d3cc98-2d22-54c8-ac92-b7d3f8bf6a9b,8dbd3137-274e-5bd5-82f5-5a0176286259,312b2727-3f2d-5dcf-aa48-48b6ff869071,2026-01-31,light_heavyweight,0,2,oof_2,0.67738741636276245,6c527d91a9d89f11f9c0aa38e094b842dbed0a51e304db67d09fc8a3bcc29c6d,432eefa6ddba6f3e5ae9bc7ad45247582c3f3c466b08293af192f6e39b1e8c7b,027363f411bb092a9c91611de3dcaa78b30536231fbf71f25653da49e09a653a,533fd1b19a6e00b91674b18d855ad438e5ac8a40bb3bd9392b541e946b279993
8f7d0dde-da55-5afb-bf94-122b100556df,24d3cc98-2d22-54c8-ac92-b7d3f8bf6a9b,b735d62f-632b-5477-9309-dce620d3f818,6b7d6f17-9760-5d35-862e-0bf685596147,2026-01-31,heavyweight,0,2,oof_2,0.32526823878288269,6c527d91a9d89f11f9c0aa38e094b842dbed0a51e304db67d09fc8a3bcc29c6d,432eefa6ddba6f3e5ae9bc7ad45247582c3f3c466b08293af192f6e39b1e8c7b,027363f411bb092a9c91611de3dcaa78b30536231fbf71f25653da49e09a653a,533fd1b19a6e00b91674b18d855ad438e5ac8a40bb3bd9392b541e946b279993
93740624-4cb1-593c-8420-d4838448ee04,24d3cc98-2d22-54c8-ac92-b7d3f8bf6a9b,dff31b3a-0311-5fa4-9a43-64d33c5c4c94,99376c9c-5a7a-5ce6-a66f-e64630100040,2026-01-31,lightweight,0,2,oof_2,0.35807555913925171,6c527d91a9d89f11f9c0aa38e094b842dbed0a51e304db67d09fc8a3bcc29c6d,432eefa6ddba6f3e5ae9bc7ad45247582c3f3c466b08293af192f6e39b1e8c7b,027363f411bb092a9c91611de3dcaa78b30536231fbf71f25653da49e09a653a,533fd1b19a6e00b91674b18d855ad438e5ac8a40bb3bd9392b541e946b279993
a6b5cd57-f91e-5438-a5fe-194e20573008,24d3cc98-2d22-54c8-ac92-b7d3f8bf6a9b,fb8050f0-02b5-50ec-b444-dc358add4edd,78d0388e-0a8e-5f08-92ec-0e6be31bab5b,2026-01-31,lightweight,0,2,oof_2,0.43357428908348083,6c527d91a9d89f11f9c0aa38e094b842dbed0a51e304db67d09fc8a3bcc29c6d,432eefa6ddba6f3e5ae9bc7ad45247582c3f3c466b08293af192f6e39b1e8c7b,027363f411bb092a9c91611de3dcaa78b30536231fbf71f25653da49e09a653a,533fd1b19a6e00b91674b18d855ad438e5ac8a40bb3bd9392b541e946b279993
d95750ef-61b4-53ee-8b4f-b11ef8dc26be,24d3cc98-2d22-54c8-ac92-b7d3f8bf6a9b,c7345ad2-0e17-518d-85f5-b087dc6042bc,31a89045-c578-59cc-851d-d85601115981,2026-01-31,lightweight,0,2,oof_2,0.5283394455909729,6c527d91a9d89f11f9c0aa38e094b842dbed0a51e304db67d09fc8a3bcc29c6d,432eefa6ddba6f3e5ae9bc7ad45247582c3f3c466b08293af192f6e39b1e8c7b,027363f411bb092a9c91611de3dcaa78b30536231fbf71f25653da49e09a653a,533fd1b19a6e00b91674b18d855ad438e5ac8a40bb3bd9392b541e946b279993
da8c4527-2daf-5814-abde-f14a6558dadf,24d3cc98-2d22-54c8-ac92-b7d3f8bf6a9b,b65fc188-e56e-5218-82a7-f19aade7dcec,d7602871-136d-5010-b00f-dbe6993f1ee5,2026-01-31,middleweight,1,2,oof_2,0.57873350381851196,6c527d91a9d89f11f9c0aa38e094b842dbed0a51e304db67d09fc8a3bcc29c6d,432eefa6ddba6f3e5ae9bc7ad45247582c3f3c466b08293af192f6e39b1e8c7b,027363f411bb092a9c91611de3dcaa78b30536231fbf71f25653da49e09a653a,533fd1b19a6e00b91674b18d855ad438e5ac8a40bb3bd9392b541e946b279993
e2283048-2411-58cf-a264-0591acfbcf9e,24d3cc98-2d22-54c8-ac92-b7d3f8bf6a9b,dc5b74c5-6635-54b2-b959-9079c746b911,72552516-f565-5e58-b2da-cb89fb3d58fc,2026-01-31,bantamweight,0,2,oof_2,0.73306500911712646,6c527d91a9d89f11f9c0aa38e094b842dbed0a51e304db67d09fc8a3bcc29c6d,432eefa6ddba6f3e5ae9bc7ad45247582c3f3c466b08293af192f6e39b1e8c7b,027363f411bb092a9c91611de3dcaa78b30536231fbf71f25653da49e09a653a,533fd1b19a6e00b91674b18d855ad438e5ac8a40bb3bd9392b541e946b279993
eb161d9f-8d83-5876-9ecf-8409fbeb2e85,24d3cc98-2d22-54c8-ac92-b7d3f8bf6a9b,948f973a-3a36-557b-95b0-92203af7f017,aab4eca8-c119-5665-b169-30e9afae10bf,2026-01-31,middleweight,1,2,oof_2,0.70437252521514893,6c527d91a9d89f11f9c0aa38e094b842dbed0a51e304db67d09fc8a3bcc29c6d,432eefa6ddba6f3e5ae9bc7ad45247582c3f3c466b08293af192f6e39b1e8c7b,027363f411bb092a9c91611de3dcaa78b30536231fbf71f25653da49e09a653a,533fd1b19a6e00b91674b18d855ad438e5ac8a40bb3bd9392b541e946b279993
ff57fb59-20e8-5775-8e2d-f2f8bfac3c35,24d3cc98-2d22-54c8-ac92-b7d3f8bf6a9b,f25e938c-c419-54df-bf9d-1256a389f90f,77ec82b4-8f7a-52f6-964d-7b17db54c2be,2026-01-31,featherweight,1,2,oof_2,0.67718547582626343,6c527d91a9d89f11f9c0aa38e094b842dbed0a51e304db67d09fc8a3bcc29c6d,432eefa6ddba6f3e5ae9bc7ad45247582c3f3c466b08293af192f6e39b1e8c7b,027363f411bb092a9c91611de3dcaa78b30536231fbf71f25653da49e09a653a,533fd1b19a6e00b91674b18d855ad438e5ac8a40bb3bd9392b541e946b279993
0559956d-a7cd-59fc-9d8e-da9cb8d9db81,dbb7c126-5bd9-5e64-a734-b819b5a45a20,59e2f808-b73e-5c33-b845-8a3acc52c897,2fc5aa80-58ec-5c70-b680-12759e392545,2026-02-07,women_bantamweight,1,2,oof_2,0.8240584135055542,6c527d91a9d89f11f9c0aa38e094b842dbed0a51e304db67d09fc8a3bcc29c6d,432eefa6ddba6f3e5ae9bc7ad45247582c3f3c466b08293af192f6e39b1e8c7b,027363f411bb092a9c91611de3dcaa78b30536231fbf71f25653da49e09a653a,533fd1b19a6e00b91674b18d855ad438e5ac8a40bb3bd9392b541e946b279993
0948ed1b-27d3-5180-b11f-eeea9cf33d03,dbb7c126-5bd9-5e64-a734-b819b5a45a20,9efb5d2c-abd0-5e9b-836c-7cfd97392ff0,01e7c1f6-58e3-5e87-acd5-acfa2e8239cb,2026-02-07,women_strawweight,0,2,oof_2,0.52768576145172119,6c527d91a9d89f11f9c0aa38e094b842dbed0a51e304db67d09fc8a3bcc29c6d,432eefa6ddba6f3e5ae9bc7ad45247582c3f3c466b08293af192f6e39b1e8c7b,027363f411bb092a9c91611de3dcaa78b30536231fbf71f25653da49e09a653a,533fd1b19a6e00b91674b18d855ad438e5ac8a40bb3bd9392b541e946b279993
0b485943-3acb-502b-807f-a9c408266cc7,dbb7c126-5bd9-5e64-a734-b819b5a45a20,a0b97187-3568-5620-bb3d-bc4df42430b7,bbdef6b6-d6fa-59b2-9c62-19c6a7ccd2da,2026-02-07,heavyweight,0,2,oof_2,0.77430564165115356,6c527d91a9d89f11f9c0aa38e094b842dbed0a51e304db67d09fc8a3bcc29c6d,432eefa6ddba6f3e5ae9bc7ad45247582c3f3c466b08293af192f6e39b1e8c7b,027363f411bb092a9c91611de3dcaa78b30536231fbf71f25653da49e09a653a,533fd1b19a6e00b91674b18d855ad438e5ac8a40bb3bd9392b541e946b279993
153f6445-87b3-5c9e-8d27-e7f439adac27,dbb7c126-5bd9-5e64-a734-b819b5a45a20,9c3a90ef-5d56-5cf8-878a-e3469b9d2763,0c5f7a6b-1dbf-577f-a485-37eb7efeb425,2026-02-07,bantamweight,1,2,oof_2,0.39496210217475891,6c527d91a9d89f11f9c0aa38e094b842dbed0a51e304db67d09fc8a3bcc29c6d,432eefa6ddba6f3e5ae9bc7ad45247582c3f3c466b08293af192f6e39b1e8c7b,027363f411bb092a9c91611de3dcaa78b30536231fbf71f25653da49e09a653a,533fd1b19a6e00b91674b18d855ad438e5ac8a40bb3bd9392b541e946b279993
32d869d3-1d86-505e-90ad-42dbeaff0eb0,dbb7c126-5bd9-5e64-a734-b819b5a45a20,69da3266-70a9-5c59-b1e2-eb0c65fe3621,aac3558e-0d93-575f-91de-fb62fc92615a,2026-02-07,welterweight,1,2,oof_2,0.53783649206161499,6c527d91a9d89f11f9c0aa38e094b842dbed0a51e304db67d09fc8a3bcc29c6d,432eefa6ddba6f3e5ae9bc7ad45247582c3f3c466b08293af192f6e39b1e8c7b,027363f411bb092a9c91611de3dcaa78b30536231fbf71f25653da49e09a653a,533fd1b19a6e00b91674b18d855ad438e5ac8a40bb3bd9392b541e946b279993
3f06f631-300c-5b88-9e39-d94556bf1ec7,dbb7c126-5bd9-5e64-a734-b819b5a45a20,4d435a5d-abe5-53d9-9916-bd357398ebe3,ddfa7470-1c7a-5bf6-b9fb-f92f736a2713,2026-02-07,light_heavyweight,1,2,oof_2,0.41625684499740601,6c527d91a9d89f11f9c0aa38e094b842dbed0a51e304db67d09fc8a3bcc29c6d,432eefa6ddba6f3e5ae9bc7ad45247582c3f3c466b08293af192f6e39b1e8c7b,027363f411bb092a9c91611de3dcaa78b30536231fbf71f25653da49e09a653a,533fd1b19a6e00b91674b18d855ad438e5ac8a40bb3bd9392b541e946b279993
470f3b55-5e28-5fa3-a00f-00130391bbf1,dbb7c126-5bd9-5e64-a734-b819b5a45a20,2fcd8735-20af-5d83-88e2-624e113f5f1b,d10d773d-b760-5797-876a-3ab6a42dd94a,2026-02-07,bantamweight,0,2,oof_2,0.66373217105865479,6c527d91a9d89f11f9c0aa38e094b842dbed0a51e304db67d09fc8a3bcc29c6d,432eefa6ddba6f3e5ae9bc7ad45247582c3f3c466b08293af192f6e39b1e8c7b,027363f411bb092a9c91611de3dcaa78b30536231fbf71f25653da49e09a653a,533fd1b19a6e00b91674b18d855ad438e5ac8a40bb3bd9392b541e946b279993
4e543cd1-2a82-509a-b863-f9b384b6cf4b,dbb7c126-5bd9-5e64-a734-b819b5a45a20,882c40aa-6728-5341-ad03-3745ca98aef3,3d3f3ccd-6a55-5f04-8fab-13419acea9f9,2026-02-07,bantamweight,0,2,oof_2,0.48800700902938843,6c527d91a9d89f11f9c0aa38e094b842dbed0a51e304db67d09fc8a3bcc29c6d,432eefa6ddba6f3e5ae9bc7ad45247582c3f3c466b08293af192f6e39b1e8c7b,027363f411bb092a9c91611de3dcaa78b30536231fbf71f25653da49e09a653a,533fd1b19a6e00b91674b18d855ad438e5ac8a40bb3bd9392b541e946b279993
9992d4bd-1d0b-57ee-9b7c-561dea3a0b8d,dbb7c126-5bd9-5e64-a734-b819b5a45a20,1a823658-f12c-5dca-abef-fb154d6af34e,4a23ffc2-f990-5f4d-a638-82d0f58397c1,2026-02-07,middleweight,1,2,oof_2,0.80669480562210083,6c527d91a9d89f11f9c0aa38e094b842dbed0a51e304db67d09fc8a3bcc29c6d,432eefa6ddba6f3e5ae9bc7ad45247582c3f3c466b08293af192f6e39b1e8c7b,027363f411bb092a9c91611de3dcaa78b30536231fbf71f25653da49e09a653a,533fd1b19a6e00b91674b18d855ad438e5ac8a40bb3bd9392b541e946b279993
a21f9c08-4b04-5819-aa5c-843f665f895a,dbb7c126-5bd9-5e64-a734-b819b5a45a20,444c6b4a-f077-5b70-8d9b-958f96a427c5,736ac5a4-c325-5b8a-a48d-787d16f1445f,2026-02-07,flyweight,0,2,oof_2,0.55210059881210327,6c527d91a9d89f11f9c0aa38e094b842dbed0a51e304db67d09fc8a3bcc29c6d,432eefa6ddba6f3e5ae9bc7ad45247582c3f3c466b08293af192f6e39b1e8c7b,027363f411bb092a9c91611de3dcaa78b30536231fbf71f25653da49e09a653a,533fd1b19a6e00b91674b18d855ad438e5ac8a40bb3bd9392b541e946b279993
a80f0da2-d704-50d5-95e0-eca80c2f6b4f,dbb7c126-5bd9-5e64-a734-b819b5a45a20,72be9b1d-4ec1-52dd-a4a9-ab4ee94ed469,95e5974d-926b-5f20-8178-a52530c80408,2026-02-07,bantamweight,1,2,oof_2,0.62666630744934082,6c527d91a9d89f11f9c0aa38e094b842dbed0a51e304db67d09fc8a3bcc29c6d,432eefa6ddba6f3e5ae9bc7ad45247582c3f3c466b08293af192f6e39b1e8c7b,027363f411bb092a9c91611de3dcaa78b30536231fbf71f25653da49e09a653a,533fd1b19a6e00b91674b18d855ad438e5ac8a40bb3bd9392b541e946b279993
b2ccca9d-b046-56b2-8e2d-bd84ea676127,dbb7c126-5bd9-5e64-a734-b819b5a45a20,3019935f-7428-5698-b88f-f062db349e0c,24120041-ba65-5283-a577-b1132c5be3bf,2026-02-07,catch_weight,1,2,oof_2,0.6944727897644043,6c527d91a9d89f11f9c0aa38e094b842dbed0a51e304db67d09fc8a3bcc29c6d,432eefa6ddba6f3e5ae9bc7ad45247582c3f3c466b08293af192f6e39b1e8c7b,027363f411bb092a9c91611de3dcaa78b30536231fbf71f25653da49e09a653a,533fd1b19a6e00b91674b18d855ad438e5ac8a40bb3bd9392b541e946b279993
be57caa3-01ae-555f-925f-a9e0c492510b,dbb7c126-5bd9-5e64-a734-b819b5a45a20,6a4f0879-7b04-56d9-b1bf-3078f8d0b1a9,85089c81-4487-5f63-88eb-93415464c024,2026-02-07,welterweight,0,2,oof_2,0.24615702033042908,6c527d91a9d89f11f9c0aa38e094b842dbed0a51e304db67d09fc8a3bcc29c6d,432eefa6ddba6f3e5ae9bc7ad45247582c3f3c466b08293af192f6e39b1e8c7b,027363f411bb092a9c91611de3dcaa78b30536231fbf71f25653da49e09a653a,533fd1b19a6e00b91674b18d855ad438e5ac8a40bb3bd9392b541e946b279993
0363b491-bb1d-5767-ad1b-40d846d901fd,58184674-5252-5dc2-966c-4f49ab87af33,cc08d7e7-3dda-5a30-bb64-9f59e9136e5e,658b15ad-1fd1-5484-8101-2abc08eef1b6,2026-02-21,welterweight,0,2,oof_2,0.60907751321792603,6c527d91a9d89f11f9c0aa38e094b842dbed0a51e304db67d09fc8a3bcc29c6d,432eefa6ddba6f3e5ae9bc7ad45247582c3f3c466b08293af192f6e39b1e8c7b,027363f411bb092a9c91611de3dcaa78b30536231fbf71f25653da49e09a653a,533fd1b19a6e00b91674b18d855ad438e5ac8a40bb3bd9392b541e946b279993
0a6a9976-1191-5b90-bccc-a6bec36382c6,58184674-5252-5dc2-966c-4f49ab87af33,76f2a31c-6632-5201-a77a-f3a609e286da,183d3f65-0f84-57f0-9bb9-32400e20e5fb,2026-02-21,welterweight,0,2,oof_2,0.75819700956344604,6c527d91a9d89f11f9c0aa38e094b842dbed0a51e304db67d09fc8a3bcc29c6d,432eefa6ddba6f3e5ae9bc7ad45247582c3f3c466b08293af192f6e39b1e8c7b,027363f411bb092a9c91611de3dcaa78b30536231fbf71f25653da49e09a653a,533fd1b19a6e00b91674b18d855ad438e5ac8a40bb3bd9392b541e946b279993
1f4e9078-acfe-578c-b9c4-d19c0545ac5b,58184674-5252-5dc2-966c-4f49ab87af33,74a68e93-6e51-569a-a3b8-a4c058935760,012659c9-4954-5740-9d91-c7d0b082eae3,2026-02-21,welterweight,0,2,oof_2,0.52880460023880005,6c527d91a9d89f11f9c0aa38e094b842dbed0a51e304db67d09fc8a3bcc29c6d,432eefa6ddba6f3e5ae9bc7ad45247582c3f3c466b08293af192f6e39b1e8c7b,027363f411bb092a9c91611de3dcaa78b30536231fbf71f25653da49e09a653a,533fd1b19a6e00b91674b18d855ad438e5ac8a40bb3bd9392b541e946b279993
4cc3e189-efda-5807-a787-3785ae9bd48f,58184674-5252-5dc2-966c-4f49ab87af33,e2afade8-c976-5168-872b-c43e98b80c7e,0f7d68b9-70e2-5b54-8358-e88b8c1d0ace,2026-02-21,middleweight,0,2,oof_2,0.59590345621109009,6c527d91a9d89f11f9c0aa38e094b842dbed0a51e304db67d09fc8a3bcc29c6d,432eefa6ddba6f3e5ae9bc7ad45247582c3f3c466b08293af192f6e39b1e8c7b,027363f411bb092a9c91611de3dcaa78b30536231fbf71f25653da49e09a653a,533fd1b19a6e00b91674b18d855ad438e5ac8a40bb3bd9392b541e946b279993
7e114c56-4565-5298-903c-9d8ae7b73925,58184674-5252-5dc2-966c-4f49ab87af33,cd320a8b-729d-5932-a8c4-ceefb3beb0fb,2944c746-7ab7-50b6-a656-abad39141c33,2026-02-21,featherweight,0,2,oof_2,0.27453228831291199,6c527d91a9d89f11f9c0aa38e094b842dbed0a51e304db67d09fc8a3bcc29c6d,432eefa6ddba6f3e5ae9bc7ad45247582c3f3c466b08293af192f6e39b1e8c7b,027363f411bb092a9c91611de3dcaa78b30536231fbf71f25653da49e09a653a,533fd1b19a6e00b91674b18d855ad438e5ac8a40bb3bd9392b541e946b279993
8fa38453-5d48-599b-9d5f-d5845afe188c,58184674-5252-5dc2-966c-4f49ab87af33,ceffeffd-40ed-5ba8-9ba2-28c1f982e5f0,696053ca-59f1-5176-94fc-e1ca32a0bf96,2026-02-21,heavyweight,1,2,oof_2,0.62936145067214966,6c527d91a9d89f11f9c0aa38e094b842dbed0a51e304db67d09fc8a3bcc29c6d,432eefa6ddba6f3e5ae9bc7ad45247582c3f3c466b08293af192f6e39b1e8c7b,027363f411bb092a9c91611de3dcaa78b30536231fbf71f25653da49e09a653a,533fd1b19a6e00b91674b18d855ad438e5ac8a40bb3bd9392b541e946b279993
929125c0-16b9-5bbe-8048-16cf7c4e8b49,58184674-5252-5dc2-966c-4f49ab87af33,dc6dd2e2-c348-543b-8530-df481bf20cd8,5d79cfa7-6f44-52d3-aa0c-e66b5f6f6955,2026-02-21,welterweight,0,2,oof_2,0.54558616876602173,6c527d91a9d89f11f9c0aa38e094b842dbed0a51e304db67d09fc8a3bcc29c6d,432eefa6ddba6f3e5ae9bc7ad45247582c3f3c466b08293af192f6e39b1e8c7b,027363f411bb092a9c91611de3dcaa78b30536231fbf71f25653da49e09a653a,533fd1b19a6e00b91674b18d855ad438e5ac8a40bb3bd9392b541e946b279993
98b4d30b-7a32-588e-a65c-cb263b2366fd,58184674-5252-5dc2-966c-4f49ab87af33,8f376dcf-34a9-5d3a-97fd-6fcf5cbbb442,a2857ebc-ab7d-52fe-ac89-1c320c52e7bf,2026-02-21,women_bantamweight,0,2,oof_2,0.57017791271209717,6c527d91a9d89f11f9c0aa38e094b842dbed0a51e304db67d09fc8a3bcc29c6d,432eefa6ddba6f3e5ae9bc7ad45247582c3f3c466b08293af192f6e39b1e8c7b,027363f411bb092a9c91611de3dcaa78b30536231fbf71f25653da49e09a653a,533fd1b19a6e00b91674b18d855ad438e5ac8a40bb3bd9392b541e946b279993
a64b0ca1-fedd-5b59-8d6f-fb6ad7e5a8e8,58184674-5252-5dc2-966c-4f49ab87af33,f6ce62bb-1b53-561c-9bdf-5cb8e014e053,407912df-949c-53f4-a8fd-1b46d7bc5a73,2026-02-21,middleweight,1,2,oof_2,0.3905918300151825,6c527d91a9d89f11f9c0aa38e094b842dbed0a51e304db67d09fc8a3bcc29c6d,432eefa6ddba6f3e5ae9bc7ad45247582c3f3c466b08293af192f6e39b1e8c7b,027363f411bb092a9c91611de3dcaa78b30536231fbf71f25653da49e09a653a,533fd1b19a6e00b91674b18d855ad438e5ac8a40bb3bd9392b541e946b279993
ca2f5747-2a28-5bec-b65b-f974c04d2519,58184674-5252-5dc2-966c-4f49ab87af33,6b9eab40-37ab-5d89-9a51-dcce3fa41358,5d794318-39ab-5c52-85d5-2d5107f06920,2026-02-21,welterweight,1,2,oof_2,0.7502676248550415,6c527d91a9d89f11f9c0aa38e094b842dbed0a51e304db67d09fc8a3bcc29c6d,432eefa6ddba6f3e5ae9bc7ad45247582c3f3c466b08293af192f6e39b1e8c7b,027363f411bb092a9c91611de3dcaa78b30536231fbf71f25653da49e09a653a,533fd1b19a6e00b91674b18d855ad438e5ac8a40bb3bd9392b541e946b279993
ed8a3b62-8a30-5ce3-813d-08a4a2c3a91a,58184674-5252-5dc2-966c-4f49ab87af33,1e7398a9-772f-5756-b968-b9bf8e6419a8,aa1ccfcd-2847-58e0-b1b2-878ab573b57a,2026-02-21,women_flyweight,0,2,oof_2,0.42001378536224365,6c527d91a9d89f11f9c0aa38e094b842dbed0a51e304db67d09fc8a3bcc29c6d,432eefa6ddba6f3e5ae9bc7ad45247582c3f3c466b08293af192f6e39b1e8c7b,027363f411bb092a9c91611de3dcaa78b30536231fbf71f25653da49e09a653a,533fd1b19a6e00b91674b18d855ad438e5ac8a40bb3bd9392b541e946b279993
f48a5d3d-e744-5f9e-87bf-954799f8fc37,58184674-5252-5dc2-966c-4f49ab87af33,376a38d6-f109-51c9-8178-f6abe5269171,9241fbb1-b4fc-5596-b8ad-7f374311f788,2026-02-21,flyweight,1,2,oof_2,0.79428219795227051,6c527d91a9d89f11f9c0aa38e094b842dbed0a51e304db67d09fc8a3bcc29c6d,432eefa6ddba6f3e5ae9bc7ad45247582c3f3c466b08293af192f6e39b1e8c7b,027363f411bb092a9c91611de3dcaa78b30536231fbf71f25653da49e09a653a,533fd1b19a6e00b91674b18d855ad438e5ac8a40bb3bd9392b541e946b279993
f9d81274-4a81-5b44-92a7-acd977709eba,58184674-5252-5dc2-966c-4f49ab87af33,6a34b301-865f-5994-a7e5-cb03230ba6c2,44729fb0-6059-556f-a461-d5ee652dbc60,2026-02-21,featherweight,1,2,oof_2,0.39181938767433167,6c527d91a9d89f11f9c0aa38e094b842dbed0a51e304db67d09fc8a3bcc29c6d,432eefa6ddba6f3e5ae9bc7ad45247582c3f3c466b08293af192f6e39b1e8c7b,027363f411bb092a9c91611de3dcaa78b30536231fbf71f25653da49e09a653a,533fd1b19a6e00b91674b18d855ad438e5ac8a40bb3bd9392b541e946b279993
04ac07b7-14c2-58df-936b-c12df609def7,45033062-9852-5cd4-889d-b90833d19658,146eba14-fc03-529d-a39c-2f8403bc9df1,683b731a-a123-55c8-b634-73326fba6010,2026-02-28,flyweight,0,2,oof_2,0.53562045097351074,6c527d91a9d89f11f9c0aa38e094b842dbed0a51e304db67d09fc8a3bcc29c6d,432eefa6ddba6f3e5ae9bc7ad45247582c3f3c466b08293af192f6e39b1e8c7b,027363f411bb092a9c91611de3dcaa78b30536231fbf71f25653da49e09a653a,533fd1b19a6e00b91674b18d855ad438e5ac8a40bb3bd9392b541e946b279993
0cad18e9-62cd-5480-92a7-b3f752ff9996,45033062-9852-5cd4-889d-b90833d19658,3030a101-167b-59f7-bb5a-580335e2f5e0,45b42751-497a-574c-8ff9-3392312a6b86,2026-02-28,flyweight,1,2,oof_2,0.70960795879364014,6c527d91a9d89f11f9c0aa38e094b842dbed0a51e304db67d09fc8a3bcc29c6d,432eefa6ddba6f3e5ae9bc7ad45247582c3f3c466b08293af192f6e39b1e8c7b,027363f411bb092a9c91611de3dcaa78b30536231fbf71f25653da49e09a653a,533fd1b19a6e00b91674b18d855ad438e5ac8a40bb3bd9392b541e946b279993
522f7eec-78d6-537b-96eb-f1e08bfc5964,45033062-9852-5cd4-889d-b90833d19658,a3157006-442a-5f99-89f2-9249b34fe7b9,ab88b16e-a844-51a1-ae25-9a42ae4ff3f8,2026-02-28,catch_weight,1,2,oof_2,0.81346023082733154,6c527d91a9d89f11f9c0aa38e094b842dbed0a51e304db67d09fc8a3bcc29c6d,432eefa6ddba6f3e5ae9bc7ad45247582c3f3c466b08293af192f6e39b1e8c7b,027363f411bb092a9c91611de3dcaa78b30536231fbf71f25653da49e09a653a,533fd1b19a6e00b91674b18d855ad438e5ac8a40bb3bd9392b541e946b279993
5a5d2a2b-2ca7-5158-8d11-3aa65bcc6efd,45033062-9852-5cd4-889d-b90833d19658,e84ae733-0e6b-594e-9064-ecbddca6d8b1,eb085c07-4968-59bd-b127-4a08ea3b01f4,2026-02-28,middleweight,1,2,oof_2,0.69184964895248413,6c527d91a9d89f11f9c0aa38e094b842dbed0a51e304db67d09fc8a3bcc29c6d,432eefa6ddba6f3e5ae9bc7ad45247582c3f3c466b08293af192f6e39b1e8c7b,027363f411bb092a9c91611de3dcaa78b30536231fbf71f25653da49e09a653a,533fd1b19a6e00b91674b18d855ad438e5ac8a40bb3bd9392b541e946b279993
7d794d6e-0699-52f3-ba74-64908bc96a13,45033062-9852-5cd4-889d-b90833d19658,efa4c5c7-2033-5ef8-a6c0-fb7d7a02e5d6,3421e62f-2638-5fc5-b9f3-71b5d47c101b,2026-02-28,bantamweight,1,2,oof_2,0.79681450128555298,6c527d91a9d89f11f9c0aa38e094b842dbed0a51e304db67d09fc8a3bcc29c6d,432eefa6ddba6f3e5ae9bc7ad45247582c3f3c466b08293af192f6e39b1e8c7b,027363f411bb092a9c91611de3dcaa78b30536231fbf71f25653da49e09a653a,533fd1b19a6e00b91674b18d855ad438e5ac8a40bb3bd9392b541e946b279993
86c4f5e7-0815-582d-8b57-9332434088e3,45033062-9852-5cd4-889d-b90833d19658,7da32b5e-f3b1-5ddb-a732-9ae379aba088,7da0827a-d303-5d10-91a6-b6779525a981,2026-02-28,flyweight,1,2,oof_2,0.64034312963485718,6c527d91a9d89f11f9c0aa38e094b842dbed0a51e304db67d09fc8a3bcc29c6d,432eefa6ddba6f3e5ae9bc7ad45247582c3f3c466b08293af192f6e39b1e8c7b,027363f411bb092a9c91611de3dcaa78b30536231fbf71f25653da49e09a653a,533fd1b19a6e00b91674b18d855ad438e5ac8a40bb3bd9392b541e946b279993
8c2f71c0-d601-5f8f-8be5-f381955fab21,45033062-9852-5cd4-889d-b90833d19658,4fd2c90f-6f25-56e8-8b12-3f256fc3be5a,21026cf2-ddd6-5cb5-879d-51ac8379467b,2026-02-28,featherweight,0,2,oof_2,0.33369076251983643,6c527d91a9d89f11f9c0aa38e094b842dbed0a51e304db67d09fc8a3bcc29c6d,432eefa6ddba6f3e5ae9bc7ad45247582c3f3c466b08293af192f6e39b1e8c7b,027363f411bb092a9c91611de3dcaa78b30536231fbf71f25653da49e09a653a,533fd1b19a6e00b91674b18d855ad438e5ac8a40bb3bd9392b541e946b279993
965c7348-e062-55c1-ba43-f73fa9f436ff,45033062-9852-5cd4-889d-b90833d19658,4f26f048-3410-5414-b08a-bce22b354040,db80bfda-b551-5c1c-9ee9-61e25ace1ffd,2026-02-28,middleweight,1,2,oof_2,0.76363950967788696,6c527d91a9d89f11f9c0aa38e094b842dbed0a51e304db67d09fc8a3bcc29c6d,432eefa6ddba6f3e5ae9bc7ad45247582c3f3c466b08293af192f6e39b1e8c7b,027363f411bb092a9c91611de3dcaa78b30536231fbf71f25653da49e09a653a,533fd1b19a6e00b91674b18d855ad438e5ac8a40bb3bd9392b541e946b279993
bafcc312-8ee0-5488-965d-5572ab5f7f03,45033062-9852-5cd4-889d-b90833d19658,0efa87cf-7b56-5a3f-8ace-1155ed48f3a3,3116c028-8ad0-5ec2-a1db-831d935cc221,2026-02-28,featherweight,0,2,oof_2,0.45635703206062317,6c527d91a9d89f11f9c0aa38e094b842dbed0a51e304db67d09fc8a3bcc29c6d,432eefa6ddba6f3e5ae9bc7ad45247582c3f3c466b08293af192f6e39b1e8c7b,027363f411bb092a9c91611de3dcaa78b30536231fbf71f25653da49e09a653a,533fd1b19a6e00b91674b18d855ad438e5ac8a40bb3bd9392b541e946b279993
d80d8b32-9569-5d61-a8a0-e50f859c41a8,45033062-9852-5cd4-889d-b90833d19658,5fed9ca6-a095-5403-a819-b984a11460c1,3d9328ba-d1c6-5aea-93f8-fedb15bd22e9,2026-02-28,women_bantamweight,1,2,oof_2,0.71995282173156738,6c527d91a9d89f11f9c0aa38e094b842dbed0a51e304db67d09fc8a3bcc29c6d,432eefa6ddba6f3e5ae9bc7ad45247582c3f3c466b08293af192f6e39b1e8c7b,027363f411bb092a9c91611de3dcaa78b30536231fbf71f25653da49e09a653a,533fd1b19a6e00b91674b18d855ad438e5ac8a40bb3bd9392b541e946b279993
edd909e8-db58-5da6-acc8-e917b0de5b6d,45033062-9852-5cd4-889d-b90833d19658,b816c68b-7dba-55b0-817e-febdbf6cdbc6,7f5c1015-2e58-599d-928d-ffe29dbcc75a,2026-02-28,bantamweight,0,2,oof_2,0.30060014128684998,6c527d91a9d89f11f9c0aa38e094b842dbed0a51e304db67d09fc8a3bcc29c6d,432eefa6ddba6f3e5ae9bc7ad45247582c3f3c466b08293af192f6e39b1e8c7b,027363f411bb092a9c91611de3dcaa78b30536231fbf71f25653da49e09a653a,533fd1b19a6e00b91674b18d855ad438e5ac8a40bb3bd9392b541e946b279993
f2410f2a-e03d-5ec2-8e16-4c0c928a5962,45033062-9852-5cd4-889d-b90833d19658,a892ddb9-02d7-51ed-80cf-fbdea753bb20,37d0f593-0c2f-525e-804b-72847f0fcf7c,2026-02-28,lightweight,0,2,oof_2,0.59592866897583008,6c527d91a9d89f11f9c0aa38e094b842dbed0a51e304db67d09fc8a3bcc29c6d,432eefa6ddba6f3e5ae9bc7ad45247582c3f3c466b08293af192f6e39b1e8c7b,027363f411bb092a9c91611de3dcaa78b30536231fbf71f25653da49e09a653a,533fd1b19a6e00b91674b18d855ad438e5ac8a40bb3bd9392b541e946b279993
fcb6cd62-59b8-52d8-8c7e-ed34e4bfca80,45033062-9852-5cd4-889d-b90833d19658,daf18d1a-bff3-557a-9c25-8619ed0d066e,d067cee2-a1fb-5cf2-b61e-5ad138e0f0cc,2026-02-28,bantamweight,1,2,oof_2,0.7337380051612854,6c527d91a9d89f11f9c0aa38e094b842dbed0a51e304db67d09fc8a3bcc29c6d,432eefa6ddba6f3e5ae9bc7ad45247582c3f3c466b08293af192f6e39b1e8c7b,027363f411bb092a9c91611de3dcaa78b30536231fbf71f25653da49e09a653a,533fd1b19a6e00b91674b18d855ad438e5ac8a40bb3bd9392b541e946b279993
15ae2752-138f-5140-a9c1-626616ea2111,2816ee97-2b58-5e5f-ab02-b466a37a4722,48eed8e6-2fc1-5dea-9868-e55137f4b804,5bd99496-426b-5e1c-b2b9-10da1cec9c6a,2026-03-07,flyweight,1,2,oof_2,0.80427688360214233,6c527d91a9d89f11f9c0aa38e094b842dbed0a51e304db67d09fc8a3bcc29c6d,432eefa6ddba6f3e5ae9bc7ad45247582c3f3c466b08293af192f6e39b1e8c7b,027363f411bb092a9c91611de3dcaa78b30536231fbf71f25653da49e09a653a,533fd1b19a6e00b91674b18d855ad438e5ac8a40bb3bd9392b541e946b279993
1b7cd706-f316-58f3-b97b-f7ccb88f4da1,2816ee97-2b58-5e5f-ab02-b466a37a4722,20f62d5d-9c30-5d81-8948-d7a50b875cc5,7164ce98-1188-5a1d-99ad-16865eac5bed,2026-03-07,flyweight,0,2,oof_2,0.38157740235328674,6c527d91a9d89f11f9c0aa38e094b842dbed0a51e304db67d09fc8a3bcc29c6d,432eefa6ddba6f3e5ae9bc7ad45247582c3f3c466b08293af192f6e39b1e8c7b,027363f411bb092a9c91611de3dcaa78b30536231fbf71f25653da49e09a653a,533fd1b19a6e00b91674b18d855ad438e5ac8a40bb3bd9392b541e946b279993
20b4e544-4585-5f1a-bc7e-d20852e0b226,2816ee97-2b58-5e5f-ab02-b466a37a4722,c02298b4-029f-5cd4-8049-4a4fb48e4bd9,aab4eca8-c119-5665-b169-30e9afae10bf,2026-03-07,middleweight,1,2,oof_2,0.83164972066879272,6c527d91a9d89f11f9c0aa38e094b842dbed0a51e304db67d09fc8a3bcc29c6d,432eefa6ddba6f3e5ae9bc7ad45247582c3f3c466b08293af192f6e39b1e8c7b,027363f411bb092a9c91611de3dcaa78b30536231fbf71f25653da49e09a653a,533fd1b19a6e00b91674b18d855ad438e5ac8a40bb3bd9392b541e946b279993
30a21967-e24d-536e-a8ec-0b4035080e3a,2816ee97-2b58-5e5f-ab02-b466a37a4722,febded63-7cc3-5c8c-a402-afa23cc20333,2de69ae1-e29b-515b-a837-0b7bcd09294c,2026-03-07,lightweight,0,2,oof_2,0.60950332880020142,6c527d91a9d89f11f9c0aa38e094b842dbed0a51e304db67d09fc8a3bcc29c6d,432eefa6ddba6f3e5ae9bc7ad45247582c3f3c466b08293af192f6e39b1e8c7b,027363f411bb092a9c91611de3dcaa78b30536231fbf71f25653da49e09a653a,533fd1b19a6e00b91674b18d855ad438e5ac8a40bb3bd9392b541e946b279993
419e1af0-65f5-5dfb-a549-8ddccc837a15,2816ee97-2b58-5e5f-ab02-b466a37a4722,07119e76-54a4-5fe6-8e7d-1ab521d29f45,34b4d1c0-7797-5c0b-a508-c6958126da31,2026-03-07,light_heavyweight,0,2,oof_2,0.73199385404586792,6c527d91a9d89f11f9c0aa38e094b842dbed0a51e304db67d09fc8a3bcc29c6d,432eefa6ddba6f3e5ae9bc7ad45247582c3f3c466b08293af192f6e39b1e8c7b,027363f411bb092a9c91611de3dcaa78b30536231fbf71f25653da49e09a653a,533fd1b19a6e00b91674b18d855ad438e5ac8a40bb3bd9392b541e946b279993
5f4cf617-cce8-55d0-bb96-60ecc57455f6,2816ee97-2b58-5e5f-ab02-b466a37a4722,04b0f39e-febc-5235-bba4-778a6a0c9a7a,782df58a-5e09-55d3-9b9d-79e59417c0ff,2026-03-07,bantamweight,1,2,oof_2,0.43431061506271362,6c527d91a9d89f11f9c0aa38e094b842dbed0a51e304db67d09fc8a3bcc29c6d,432eefa6ddba6f3e5ae9bc7ad45247582c3f3c466b08293af192f6e39b1e8c7b,027363f411bb092a9c91611de3dcaa78b30536231fbf71f25653da49e09a653a,533fd1b19a6e00b91674b18d855ad438e5ac8a40bb3bd9392b541e946b279993
643daad2-6fd7-50fb-9dfd-8da64000c883,2816ee97-2b58-5e5f-ab02-b466a37a4722,d965808a-7e76-56e1-b147-6cbc20d3679d,e2558ec3-b38d-58c2-8636-30c41e1aa15d,2026-03-07,light_heavyweight,0,2,oof_2,0.79478448629379272,6c527d91a9d89f11f9c0aa38e094b842dbed0a51e304db67d09fc8a3bcc29c6d,432eefa6ddba6f3e5ae9bc7ad45247582c3f3c466b08293af192f6e39b1e8c7b,027363f411bb092a9c91611de3dcaa78b30536231fbf71f25653da49e09a653a,533fd1b19a6e00b91674b18d855ad438e5ac8a40bb3bd9392b541e946b279993
6697796e-8618-5b6a-a0c6-4828255ed7f9,2816ee97-2b58-5e5f-ab02-b466a37a4722,82cb2606-330f-554d-b0c7-ee2f024bc5d8,472a8a56-68fa-5e9d-8924-bf7780d9e407,2026-03-07,middleweight,1,2,oof_2,0.63802915811538696,6c527d91a9d89f11f9c0aa38e094b842dbed0a51e304db67d09fc8a3bcc29c6d,432eefa6ddba6f3e5ae9bc7ad45247582c3f3c466b08293af192f6e39b1e8c7b,027363f411bb092a9c91611de3dcaa78b30536231fbf71f25653da49e09a653a,533fd1b19a6e00b91674b18d855ad438e5ac8a40bb3bd9392b541e946b279993
6c945b71-c76d-542a-9eb3-0d4ae7ae2410,2816ee97-2b58-5e5f-ab02-b466a37a4722,df1b04a2-1b78-53be-9487-208090001215,ef928ca1-1687-5572-8e81-9d9eae66e85f,2026-03-07,middleweight,1,2,oof_2,0.74650806188583374,6c527d91a9d89f11f9c0aa38e094b842dbed0a51e304db67d09fc8a3bcc29c6d,432eefa6ddba6f3e5ae9bc7ad45247582c3f3c466b08293af192f6e39b1e8c7b,027363f411bb092a9c91611de3dcaa78b30536231fbf71f25653da49e09a653a,533fd1b19a6e00b91674b18d855ad438e5ac8a40bb3bd9392b541e946b279993
95fa0f55-341b-557d-ba0f-3751a2c830d9,2816ee97-2b58-5e5f-ab02-b466a37a4722,63cebaf9-c50f-5311-94ff-08f282687d35,c1310bc4-1ae3-5907-81ce-a170f05c9f38,2026-03-07,featherweight,0,2,oof_2,0.48122051358222961,6c527d91a9d89f11f9c0aa38e094b842dbed0a51e304db67d09fc8a3bcc29c6d,432eefa6ddba6f3e5ae9bc7ad45247582c3f3c466b08293af192f6e39b1e8c7b,027363f411bb092a9c91611de3dcaa78b30536231fbf71f25653da49e09a653a,533fd1b19a6e00b91674b18d855ad438e5ac8a40bb3bd9392b541e946b279993
ef981ad9-80f8-55f1-83fe-72db8d2458e9,2816ee97-2b58-5e5f-ab02-b466a37a4722,97fdad3c-166c-503e-90dc-c235b857a415,c5bb3984-b367-5bfc-9f9e-b0a5c6877c67,2026-03-07,bantamweight,0,2,oof_2,0.35635572671890259,6c527d91a9d89f11f9c0aa38e094b842dbed0a51e304db67d09fc8a3bcc29c6d,432eefa6ddba6f3e5ae9bc7ad45247582c3f3c466b08293af192f6e39b1e8c7b,027363f411bb092a9c91611de3dcaa78b30536231fbf71f25653da49e09a653a,533fd1b19a6e00b91674b18d855ad438e5ac8a40bb3bd9392b541e946b279993
f6a808ad-f5d9-5096-9b74-628b17ddbc79,2816ee97-2b58-5e5f-ab02-b466a37a4722,c3ea8f65-095d-5555-ac15-ece2528326d7,d1de1522-cea8-549b-9059-5a688e230cad,2026-03-07,lightweight,1,2,oof_2,0.59683483839035034,6c527d91a9d89f11f9c0aa38e094b842dbed0a51e304db67d09fc8a3bcc29c6d,432eefa6ddba6f3e5ae9bc7ad45247582c3f3c466b08293af192f6e39b1e8c7b,027363f411bb092a9c91611de3dcaa78b30536231fbf71f25653da49e09a653a,533fd1b19a6e00b91674b18d855ad438e5ac8a40bb3bd9392b541e946b279993
0d2ee251-09c0-5d6f-8a74-7f52831c1598,036df227-b9c2-5231-a7e1-8e5e68436c3b,92fa95cc-048b-5d21-89c6-044c92562649,401cd724-e77f-594b-9ca9-5a7ad03a44b4,2026-03-14,heavyweight,1,2,oof_2,0.68115842342376709,6c527d91a9d89f11f9c0aa38e094b842dbed0a51e304db67d09fc8a3bcc29c6d,432eefa6ddba6f3e5ae9bc7ad45247582c3f3c466b08293af192f6e39b1e8c7b,027363f411bb092a9c91611de3dcaa78b30536231fbf71f25653da49e09a653a,533fd1b19a6e00b91674b18d855ad438e5ac8a40bb3bd9392b541e946b279993
1e10f5b0-59c1-589b-91fe-9fdb36058360,036df227-b9c2-5231-a7e1-8e5e68436c3b,a917fc2e-6cc5-509c-96e0-efbe9d7c99eb,995ea82c-1a6c-5177-929d-12adf2ae33ee,2026-03-14,women_strawweight,1,2,oof_2,0.5534660816192627,6c527d91a9d89f11f9c0aa38e094b842dbed0a51e304db67d09fc8a3bcc29c6d,432eefa6ddba6f3e5ae9bc7ad45247582c3f3c466b08293af192f6e39b1e8c7b,027363f411bb092a9c91611de3dcaa78b30536231fbf71f25653da49e09a653a,533fd1b19a6e00b91674b18d855ad438e5ac8a40bb3bd9392b541e946b279993
340797c7-ede1-5715-8bd1-fba4451db628,036df227-b9c2-5231-a7e1-8e5e68436c3b,1702f6c1-4cc9-568f-8843-c72f1d674054,539807d0-6eb5-57a1-bdd0-bc57e50644fd,2026-03-14,bantamweight,0,2,oof_2,0.46643999218940735,6c527d91a9d89f11f9c0aa38e094b842dbed0a51e304db67d09fc8a3bcc29c6d,432eefa6ddba6f3e5ae9bc7ad45247582c3f3c466b08293af192f6e39b1e8c7b,027363f411bb092a9c91611de3dcaa78b30536231fbf71f25653da49e09a653a,533fd1b19a6e00b91674b18d855ad438e5ac8a40bb3bd9392b541e946b279993
381ae32f-19a4-5374-a9bc-7495483d12b0,036df227-b9c2-5231-a7e1-8e5e68436c3b,f7272638-d01e-504a-9302-3c161cb217df,340eb8d3-8d23-5183-afb2-4370550803f3,2026-03-14,light_heavyweight,1,2,oof_2,0.29751208424568176,6c527d91a9d89f11f9c0aa38e094b842dbed0a51e304db67d09fc8a3bcc29c6d,432eefa6ddba6f3e5ae9bc7ad45247582c3f3c466b08293af192f6e39b1e8c7b,027363f411bb092a9c91611de3dcaa78b30536231fbf71f25653da49e09a653a,533fd1b19a6e00b91674b18d855ad438e5ac8a40bb3bd9392b541e946b279993
4492861f-4e36-51d1-942d-e697fa3b7858,036df227-b9c2-5231-a7e1-8e5e68436c3b,5f40b21e-3efb-56f1-8b36-d65373f9b0d8,eb27d7e8-8729-5921-902a-71e8e8f19ce7,2026-03-14,lightweight,0,2,oof_2,0.60113334655761719,6c527d91a9d89f11f9c0aa38e094b842dbed0a51e304db67d09fc8a3bcc29c6d,432eefa6ddba6f3e5ae9bc7ad45247582c3f3c466b08293af192f6e39b1e8c7b,027363f411bb092a9c91611de3dcaa78b30536231fbf71f25653da49e09a653a,533fd1b19a6e00b91674b18d855ad438e5ac8a40bb3bd9392b541e946b279993
51d8a7f1-9ac2-5951-94bc-da22b2558f85,036df227-b9c2-5231-a7e1-8e5e68436c3b,965e7f39-b30a-5405-a388-aa2e7687a8fb,3c650376-51b8-54db-8cb3-218b26918b1c,2026-03-14,women_bantamweight,1,2,oof_2,0.72599881887435913,6c527d91a9d89f11f9c0aa38e094b842dbed0a51e304db67d09fc8a3bcc29c6d,432eefa6ddba6f3e5ae9bc7ad45247582c3f3c466b08293af192f6e39b1e8c7b,027363f411bb092a9c91611de3dcaa78b30536231fbf71f25653da49e09a653a,533fd1b19a6e00b91674b18d855ad438e5ac8a40bb3bd9392b541e946b279993
5b400cec-1e61-5e38-9548-4460b53004f6,036df227-b9c2-5231-a7e1-8e5e68436c3b,01ccba4f-b129-5df9-83e2-9b9351a9c26f,73b6e57d-7b93-5111-9a7e-b5cf002d3aa4,2026-03-14,featherweight,0,2,oof_2,0.22810043394565582,6c527d91a9d89f11f9c0aa38e094b842dbed0a51e304db67d09fc8a3bcc29c6d,432eefa6ddba6f3e5ae9bc7ad45247582c3f3c466b08293af192f6e39b1e8c7b,027363f411bb092a9c91611de3dcaa78b30536231fbf71f25653da49e09a653a,533fd1b19a6e00b91674b18d855ad438e5ac8a40bb3bd9392b541e946b279993
6752fd7f-bbab-5920-976c-7443b4c0914f,036df227-b9c2-5231-a7e1-8e5e68436c3b,b61278c5-6f19-598b-8993-0c8ee8a38f39,f7870042-9074-521b-b36b-ec1fcfe88151,2026-03-14,featherweight,1,2,oof_2,0.71546435356140137,6c527d91a9d89f11f9c0aa38e094b842dbed0a51e304db67d09fc8a3bcc29c6d,432eefa6ddba6f3e5ae9bc7ad45247582c3f3c466b08293af192f6e39b1e8c7b,027363f411bb092a9c91611de3dcaa78b30536231fbf71f25653da49e09a653a,533fd1b19a6e00b91674b18d855ad438e5ac8a40bb3bd9392b541e946b279993
828bfd2a-2a4a-59a1-8d70-a7365094c5d7,036df227-b9c2-5231-a7e1-8e5e68436c3b,509c9337-d525-53bc-a27f-5cd6937d5795,243c64b6-7efe-50da-9bf8-0bb6f6fb34d7,2026-03-14,flyweight,1,2,oof_2,0.56140553951263428,6c527d91a9d89f11f9c0aa38e094b842dbed0a51e304db67d09fc8a3bcc29c6d,432eefa6ddba6f3e5ae9bc7ad45247582c3f3c466b08293af192f6e39b1e8c7b,027363f411bb092a9c91611de3dcaa78b30536231fbf71f25653da49e09a653a,533fd1b19a6e00b91674b18d855ad438e5ac8a40bb3bd9392b541e946b279993
8486dba0-859c-5a53-92cf-943b5f78a82a,036df227-b9c2-5231-a7e1-8e5e68436c3b,afe06ba3-215f-5801-aa77-0ffc2cfb7898,bb216159-7c98-51c2-95c3-40c80b07b741,2026-03-14,featherweight,0,2,oof_2,0.31628715991973877,6c527d91a9d89f11f9c0aa38e094b842dbed0a51e304db67d09fc8a3bcc29c6d,432eefa6ddba6f3e5ae9bc7ad45247582c3f3c466b08293af192f6e39b1e8c7b,027363f411bb092a9c91611de3dcaa78b30536231fbf71f25653da49e09a653a,533fd1b19a6e00b91674b18d855ad438e5ac8a40bb3bd9392b541e946b279993
9215ac22-86cb-5e47-a4e4-6e24ca5c826b,036df227-b9c2-5231-a7e1-8e5e68436c3b,502ca2ef-a7a7-584e-8561-f6ad6ffe21c9,4a80cd8d-8d59-5ddc-b947-0ac033395b5c,2026-03-14,women_strawweight,0,2,oof_2,0.50933331251144409,6c527d91a9d89f11f9c0aa38e094b842dbed0a51e304db67d09fc8a3bcc29c6d,432eefa6ddba6f3e5ae9bc7ad45247582c3f3c466b08293af192f6e39b1e8c7b,027363f411bb092a9c91611de3dcaa78b30536231fbf71f25653da49e09a653a,533fd1b19a6e00b91674b18d855ad438e5ac8a40bb3bd9392b541e946b279993
9d2109a2-b39d-59d5-b7f8-b7873dc4327b,036df227-b9c2-5231-a7e1-8e5e68436c3b,7a10b026-525a-5309-ad1c-f2f60a68f5aa,7656d82f-69ae-5658-988b-3c3b4a4a097a,2026-03-14,welterweight,0,2,oof_2,0.40065819025039673,6c527d91a9d89f11f9c0aa38e094b842dbed0a51e304db67d09fc8a3bcc29c6d,432eefa6ddba6f3e5ae9bc7ad45247582c3f3c466b08293af192f6e39b1e8c7b,027363f411bb092a9c91611de3dcaa78b30536231fbf71f25653da49e09a653a,533fd1b19a6e00b91674b18d855ad438e5ac8a40bb3bd9392b541e946b279993
aa1244c7-5b2b-560c-a225-0a5eab770409,036df227-b9c2-5231-a7e1-8e5e68436c3b,6eb56ea7-9230-5cd3-9346-f105b7d93e0d,3e0efe95-eea8-5cca-aa45-76ea494437ed,2026-03-14,bantamweight,1,2,oof_2,0.67846429347991943,6c527d91a9d89f11f9c0aa38e094b842dbed0a51e304db67d09fc8a3bcc29c6d,432eefa6ddba6f3e5ae9bc7ad45247582c3f3c466b08293af192f6e39b1e8c7b,027363f411bb092a9c91611de3dcaa78b30536231fbf71f25653da49e09a653a,533fd1b19a6e00b91674b18d855ad438e5ac8a40bb3bd9392b541e946b279993
e206dc66-0c61-5260-9236-bbd52bb42a77,036df227-b9c2-5231-a7e1-8e5e68436c3b,e82e3406-8474-5ad1-b3bd-3700728bbc62,d3456953-ab12-5367-869f-b6d16668e81e,2026-03-14,middleweight,0,2,oof_2,0.64100229740142822,6c527d91a9d89f11f9c0aa38e094b842dbed0a51e304db67d09fc8a3bcc29c6d,432eefa6ddba6f3e5ae9bc7ad45247582c3f3c466b08293af192f6e39b1e8c7b,027363f411bb092a9c91611de3dcaa78b30536231fbf71f25653da49e09a653a,533fd1b19a6e00b91674b18d855ad438e5ac8a40bb3bd9392b541e946b279993
13b9be53-7caa-5bfc-989c-17088c3a699b,10309540-2964-55de-b02d-ee5e73f8ddf9,74440985-f1bb-5c97-a0ab-df3ef2e0917b,cc187e46-f2b0-50da-8f99-3eda9a34b396,2026-03-21,lightweight,0,2,oof_2,0.62011849880218506,6c527d91a9d89f11f9c0aa38e094b842dbed0a51e304db67d09fc8a3bcc29c6d,432eefa6ddba6f3e5ae9bc7ad45247582c3f3c466b08293af192f6e39b1e8c7b,027363f411bb092a9c91611de3dcaa78b30536231fbf71f25653da49e09a653a,533fd1b19a6e00b91674b18d855ad438e5ac8a40bb3bd9392b541e946b279993
3c9d712e-2c20-55c7-9863-09662eca8687,10309540-2964-55de-b02d-ee5e73f8ddf9,6337ccd2-4592-5b50-80b4-049e185bb5ab,197b6dbd-2144-5784-99b4-e551f6a243fd,2026-03-21,women_strawweight,1,2,oof_2,0.69841945171356201,6c527d91a9d89f11f9c0aa38e094b842dbed0a51e304db67d09fc8a3bcc29c6d,432eefa6ddba6f3e5ae9bc7ad45247582c3f3c466b08293af192f6e39b1e8c7b,027363f411bb092a9c91611de3dcaa78b30536231fbf71f25653da49e09a653a,533fd1b19a6e00b91674b18d855ad438e5ac8a40bb3bd9392b541e946b279993
3f16039a-171f-5f23-a44e-f7e6dececeb8,10309540-2964-55de-b02d-ee5e73f8ddf9,7e152e59-dc63-5a25-aab1-cd15879af1b3,c7408cf5-b34f-52ab-8818-ac2064854c65,2026-03-21,featherweight,1,2,oof_2,0.63657385110855103,6c527d91a9d89f11f9c0aa38e094b842dbed0a51e304db67d09fc8a3bcc29c6d,432eefa6ddba6f3e5ae9bc7ad45247582c3f3c466b08293af192f6e39b1e8c7b,027363f411bb092a9c91611de3dcaa78b30536231fbf71f25653da49e09a653a,533fd1b19a6e00b91674b18d855ad438e5ac8a40bb3bd9392b541e946b279993
565b5fe8-099e-50a3-943e-5aa99ba303d8,10309540-2964-55de-b02d-ee5e73f8ddf9,9adfa666-43b3-5cd6-a349-5926fe3c1069,6e830732-87f1-54ec-8f69-8864563cd81a,2026-03-21,middleweight,1,2,oof_2,0.79531192779541016,6c527d91a9d89f11f9c0aa38e094b842dbed0a51e304db67d09fc8a3bcc29c6d,432eefa6ddba6f3e5ae9bc7ad45247582c3f3c466b08293af192f6e39b1e8c7b,027363f411bb092a9c91611de3dcaa78b30536231fbf71f25653da49e09a653a,533fd1b19a6e00b91674b18d855ad438e5ac8a40bb3bd9392b541e946b279993
76e007e7-f93b-54fc-9268-235dc487c8da,10309540-2964-55de-b02d-ee5e73f8ddf9,6e74531e-878c-59c8-bb0e-63201254ee41,773e707f-78a4-57ef-a838-55048376f54b,2026-03-21,light_heavyweight,1,2,oof_2,0.75270038843154907,6c527d91a9d89f11f9c0aa38e094b842dbed0a51e304db67d09fc8a3bcc29c6d,432eefa6ddba6f3e5ae9bc7ad45247582c3f3c466b08293af192f6e39b1e8c7b,027363f411bb092a9c91611de3dcaa78b30536231fbf71f25653da49e09a653a,533fd1b19a6e00b91674b18d855ad438e5ac8a40bb3bd9392b541e946b279993
91c6919e-81fe-571e-a744-3658c8e9a57c,10309540-2964-55de-b02d-ee5e73f8ddf9,f4558912-51ac-5659-a537-0f4a5f2e3c24,52a3a260-5c92-5875-9e5d-92478589ad6c,2026-03-21,featherweight,1,2,oof_2,0.68413364887237549,6c527d91a9d89f11f9c0aa38e094b842dbed0a51e304db67d09fc8a3bcc29c6d,432eefa6ddba6f3e5ae9bc7ad45247582c3f3c466b08293af192f6e39b1e8c7b,027363f411bb092a9c91611de3dcaa78b30536231fbf71f25653da49e09a653a,533fd1b19a6e00b91674b18d855ad438e5ac8a40bb3bd9392b541e946b279993
9aa396d8-ad05-5c0c-94d5-7f37cd567ee6,10309540-2964-55de-b02d-ee5e73f8ddf9,e14b7b7b-593d-5f40-b5a1-66c2ae6a60b8,60c2b48b-5cb4-5014-b4f3-1714427e1ac7,2026-03-21,welterweight,1,2,oof_2,0.50080734491348267,6c527d91a9d89f11f9c0aa38e094b842dbed0a51e304db67d09fc8a3bcc29c6d,432eefa6ddba6f3e5ae9bc7ad45247582c3f3c466b08293af192f6e39b1e8c7b,027363f411bb092a9c91611de3dcaa78b30536231fbf71f25653da49e09a653a,533fd1b19a6e00b91674b18d855ad438e5ac8a40bb3bd9392b541e946b279993
ba127ae4-603f-56bc-9c64-e06a1cc1bee5,10309540-2964-55de-b02d-ee5e73f8ddf9,ae8fada7-e54b-5cd1-a947-a30e6263919c,1694fc01-6315-5843-a3ae-7df151537b29,2026-03-21,featherweight,0,2,oof_2,0.70447206497192383,6c527d91a9d89f11f9c0aa38e094b842dbed0a51e304db67d09fc8a3bcc29c6d,432eefa6ddba6f3e5ae9bc7ad45247582c3f3c466b08293af192f6e39b1e8c7b,027363f411bb092a9c91611de3dcaa78b30536231fbf71f25653da49e09a653a,533fd1b19a6e00b91674b18d855ad438e5ac8a40bb3bd9392b541e946b279993
d616d23e-71de-545a-b0b9-d23f5a65b1f0,10309540-2964-55de-b02d-ee5e73f8ddf9,c993afb4-3955-5edb-a748-2f30c637f7ce,364ad7d6-2d46-5e3c-a5f9-5696d76b73a9,2026-03-21,middleweight,0,2,oof_2,0.34511587023735046,6c527d91a9d89f11f9c0aa38e094b842dbed0a51e304db67d09fc8a3bcc29c6d,432eefa6ddba6f3e5ae9bc7ad45247582c3f3c466b08293af192f6e39b1e8c7b,027363f411bb092a9c91611de3dcaa78b30536231fbf71f25653da49e09a653a,533fd1b19a6e00b91674b18d855ad438e5ac8a40bb3bd9392b541e946b279993
dadffc10-a697-52de-aac4-c750c910b36d,10309540-2964-55de-b02d-ee5e73f8ddf9,2e29b4ae-a45f-5b6b-a351-f23d862f13b1,f6b19eae-21e3-59f0-9f1e-0df448448170,2026-03-21,featherweight,1,2,oof_2,0.56874608993530273,6c527d91a9d89f11f9c0aa38e094b842dbed0a51e304db67d09fc8a3bcc29c6d,432eefa6ddba6f3e5ae9bc7ad45247582c3f3c466b08293af192f6e39b1e8c7b,027363f411bb092a9c91611de3dcaa78b30536231fbf71f25653da49e09a653a,533fd1b19a6e00b91674b18d855ad438e5ac8a40bb3bd9392b541e946b279993
e7ef07d3-7c43-5bae-be4a-32f0dab49e25,10309540-2964-55de-b02d-ee5e73f8ddf9,0aa7006c-e259-5980-a172-346522daa172,ae00efba-5d34-5055-a671-088736818950,2026-03-21,heavyweight,1,2,oof_2,0.76396256685256958,6c527d91a9d89f11f9c0aa38e094b842dbed0a51e304db67d09fc8a3bcc29c6d,432eefa6ddba6f3e5ae9bc7ad45247582c3f3c466b08293af192f6e39b1e8c7b,027363f411bb092a9c91611de3dcaa78b30536231fbf71f25653da49e09a653a,533fd1b19a6e00b91674b18d855ad438e5ac8a40bb3bd9392b541e946b279993
eaa674cd-baef-5583-a85b-3c79d0261879,10309540-2964-55de-b02d-ee5e73f8ddf9,dc6fa7b9-6ee2-5230-a371-fcb339a7a27a,20873349-3d1a-5579-9ffc-e8e392a0196f,2026-03-21,heavyweight,0,2,oof_2,0.51302701234817505,6c527d91a9d89f11f9c0aa38e094b842dbed0a51e304db67d09fc8a3bcc29c6d,432eefa6ddba6f3e5ae9bc7ad45247582c3f3c466b08293af192f6e39b1e8c7b,027363f411bb092a9c91611de3dcaa78b30536231fbf71f25653da49e09a653a,533fd1b19a6e00b91674b18d855ad438e5ac8a40bb3bd9392b541e946b279993
eef75cd0-13ad-54f8-85c1-bbe093480bf2,10309540-2964-55de-b02d-ee5e73f8ddf9,5587cf9d-f4d8-5937-9788-8055a4d48e37,dfbbc0ce-fcc6-51f5-aaa9-2a7263fe9fb2,2026-03-21,lightweight,1,2,oof_2,0.48139575123786926,6c527d91a9d89f11f9c0aa38e094b842dbed0a51e304db67d09fc8a3bcc29c6d,432eefa6ddba6f3e5ae9bc7ad45247582c3f3c466b08293af192f6e39b1e8c7b,027363f411bb092a9c91611de3dcaa78b30536231fbf71f25653da49e09a653a,533fd1b19a6e00b91674b18d855ad438e5ac8a40bb3bd9392b541e946b279993
2e0b7b79-e1ad-5c61-8c44-de006963bdfb,87595dd9-ee7e-5727-b721-c8e7fdfe9af8,6864343b-26e5-5d4f-af7d-06c5b02f993b,0b7da7d4-202b-5c4a-bd3c-d3c779108947,2026-03-28,middleweight,0,2,oof_2,0.66657161712646484,6c527d91a9d89f11f9c0aa38e094b842dbed0a51e304db67d09fc8a3bcc29c6d,432eefa6ddba6f3e5ae9bc7ad45247582c3f3c466b08293af192f6e39b1e8c7b,027363f411bb092a9c91611de3dcaa78b30536231fbf71f25653da49e09a653a,533fd1b19a6e00b91674b18d855ad438e5ac8a40bb3bd9392b541e946b279993
41e5da5d-1b3b-570d-91e0-cf4bbcfaa292,87595dd9-ee7e-5727-b721-c8e7fdfe9af8,0e6bdbf7-b388-5612-a7b3-f1da80a47c28,5a08d8f8-f00c-595d-af94-d1ead5ad175a,2026-03-28,light_heavyweight,1,2,oof_2,0.78438413143157959,6c527d91a9d89f11f9c0aa38e094b842dbed0a51e304db67d09fc8a3bcc29c6d,432eefa6ddba6f3e5ae9bc7ad45247582c3f3c466b08293af192f6e39b1e8c7b,027363f411bb092a9c91611de3dcaa78b30536231fbf71f25653da49e09a653a,533fd1b19a6e00b91674b18d855ad438e5ac8a40bb3bd9392b541e946b279993
5f7e52af-a771-56a4-b2fc-996fdbdb7a42,87595dd9-ee7e-5727-b721-c8e7fdfe9af8,660a25e8-4298-57e4-a9a9-02da929f4391,74805fa6-30cd-5729-b392-2f78f1ba1a66,2026-03-28,lightweight,1,2,oof_2,0.69203782081604004,6c527d91a9d89f11f9c0aa38e094b842dbed0a51e304db67d09fc8a3bcc29c6d,432eefa6ddba6f3e5ae9bc7ad45247582c3f3c466b08293af192f6e39b1e8c7b,027363f411bb092a9c91611de3dcaa78b30536231fbf71f25653da49e09a653a,533fd1b19a6e00b91674b18d855ad438e5ac8a40bb3bd9392b541e946b279993
6ac15cda-203f-5fe9-99c2-b7cc5257fabe,87595dd9-ee7e-5727-b721-c8e7fdfe9af8,29820283-ce69-5b83-9d9d-0021d752d6a9,b69f524f-5575-5b30-8794-1d805f6b283a,2026-03-28,featherweight,0,2,oof_2,0.56694871187210083,6c527d91a9d89f11f9c0aa38e094b842dbed0a51e304db67d09fc8a3bcc29c6d,432eefa6ddba6f3e5ae9bc7ad45247582c3f3c466b08293af192f6e39b1e8c7b,027363f411bb092a9c91611de3dcaa78b30536231fbf71f25653da49e09a653a,533fd1b19a6e00b91674b18d855ad438e5ac8a40bb3bd9392b541e946b279993
6fa01547-2962-53d1-afff-79d9b93f1110,87595dd9-ee7e-5727-b721-c8e7fdfe9af8,a923967f-bf08-5afb-92b8-f5be780e5a27,3a8ab4e2-3d3e-5222-b0c9-f1b0d3bdb63c,2026-03-28,lightweight,0,2,oof_2,0.76115572452545166,6c527d91a9d89f11f9c0aa38e094b842dbed0a51e304db67d09fc8a3bcc29c6d,432eefa6ddba6f3e5ae9bc7ad45247582c3f3c466b08293af192f6e39b1e8c7b,027363f411bb092a9c91611de3dcaa78b30536231fbf71f25653da49e09a653a,533fd1b19a6e00b91674b18d855ad438e5ac8a40bb3bd9392b541e946b279993
86c28ec0-0875-521a-ab53-d33fe768e3b8,87595dd9-ee7e-5727-b721-c8e7fdfe9af8,67dc21f8-5dbe-5977-a273-697ae70161f1,cdcc8195-e912-5e68-9ebf-47237c2845c2,2026-03-28,women_flyweight,1,2,oof_2,0.4229007363319397,6c527d91a9d89f11f9c0aa38e094b842dbed0a51e304db67d09fc8a3bcc29c6d,432eefa6ddba6f3e5ae9bc7ad45247582c3f3c466b08293af192f6e39b1e8c7b,027363f411bb092a9c91611de3dcaa78b30536231fbf71f25653da49e09a653a,533fd1b19a6e00b91674b18d855ad438e5ac8a40bb3bd9392b541e946b279993
94f8ef1c-8b96-5e36-9986-1292e38d6ff9,87595dd9-ee7e-5727-b721-c8e7fdfe9af8,77a534d8-d6d4-5a9e-b167-e538680158c4,d13c2a02-c873-55de-92b7-8f5ce040a5d1,2026-03-28,heavyweight,0,2,oof_2,0.75192838907241821,6c527d91a9d89f11f9c0aa38e094b842dbed0a51e304db67d09fc8a3bcc29c6d,432eefa6ddba6f3e5ae9bc7ad45247582c3f3c466b08293af192f6e39b1e8c7b,027363f411bb092a9c91611de3dcaa78b30536231fbf71f25653da49e09a653a,533fd1b19a6e00b91674b18d855ad438e5ac8a40bb3bd9392b541e946b279993
98c574c0-26b6-55ee-b7bf-71cd3e878621,87595dd9-ee7e-5727-b721-c8e7fdfe9af8,7a4290ac-4986-58ab-86ab-779b00d1a55d,9efb5d2c-abd0-5e9b-836c-7cfd97392ff0,2026-03-28,women_strawweight,1,2,oof_2,0.75473803281784058,6c527d91a9d89f11f9c0aa38e094b842dbed0a51e304db67d09fc8a3bcc29c6d,432eefa6ddba6f3e5ae9bc7ad45247582c3f3c466b08293af192f6e39b1e8c7b,027363f411bb092a9c91611de3dcaa78b30536231fbf71f25653da49e09a653a,533fd1b19a6e00b91674b18d855ad438e5ac8a40bb3bd9392b541e946b279993
c72aa29f-2197-536d-a892-e6ac9160fca8,87595dd9-ee7e-5727-b721-c8e7fdfe9af8,fbbdb4b0-ded3-52d1-8a1b-5439c0026844,da32ea28-6fa6-5cc6-b60e-17e46fa47b82,2026-03-28,middleweight,0,2,oof_2,0.46786385774612427,6c527d91a9d89f11f9c0aa38e094b842dbed0a51e304db67d09fc8a3bcc29c6d,432eefa6ddba6f3e5ae9bc7ad45247582c3f3c466b08293af192f6e39b1e8c7b,027363f411bb092a9c91611de3dcaa78b30536231fbf71f25653da49e09a653a,533fd1b19a6e00b91674b18d855ad438e5ac8a40bb3bd9392b541e946b279993
de1a78e7-b161-55f9-bfe7-89b47192daa3,87595dd9-ee7e-5727-b721-c8e7fdfe9af8,55cd042e-4dc8-5ced-9bb2-a67bd1b76efe,24e4f228-0a78-5485-b668-f27feb62eafc,2026-03-28,women_flyweight,1,2,oof_2,0.74079561233520508,6c527d91a9d89f11f9c0aa38e094b842dbed0a51e304db67d09fc8a3bcc29c6d,432eefa6ddba6f3e5ae9bc7ad45247582c3f3c466b08293af192f6e39b1e8c7b,027363f411bb092a9c91611de3dcaa78b30536231fbf71f25653da49e09a653a,533fd1b19a6e00b91674b18d855ad438e5ac8a40bb3bd9392b541e946b279993
e297ecd9-d1e6-5601-8a82-a9f70fc29840,87595dd9-ee7e-5727-b721-c8e7fdfe9af8,15d2cba6-9874-580a-bbda-f4225ef86948,baf4cbdf-a8ab-5faa-82ab-f01bb93e0384,2026-03-28,lightweight,0,2,oof_2,0.71592903137207031,6c527d91a9d89f11f9c0aa38e094b842dbed0a51e304db67d09fc8a3bcc29c6d,432eefa6ddba6f3e5ae9bc7ad45247582c3f3c466b08293af192f6e39b1e8c7b,027363f411bb092a9c91611de3dcaa78b30536231fbf71f25653da49e09a653a,533fd1b19a6e00b91674b18d855ad438e5ac8a40bb3bd9392b541e946b279993
f8176899-841a-5f42-8883-9f9b917b62d9,87595dd9-ee7e-5727-b721-c8e7fdfe9af8,c7233834-ca4e-5805-9647-fa619f747bc4,aac3558e-0d93-575f-91de-fb62fc92615a,2026-03-28,welterweight,1,2,oof_2,0.73756861686706543,6c527d91a9d89f11f9c0aa38e094b842dbed0a51e304db67d09fc8a3bcc29c6d,432eefa6ddba6f3e5ae9bc7ad45247582c3f3c466b08293af192f6e39b1e8c7b,027363f411bb092a9c91611de3dcaa78b30536231fbf71f25653da49e09a653a,533fd1b19a6e00b91674b18d855ad438e5ac8a40bb3bd9392b541e946b279993
1251f5d7-f442-5824-8dd8-924ad615d2ab,4198aeef-89b4-5900-94da-ab14d83eb96d,b0714561-c024-5d55-a2ff-28c3e6a9de8f,5cefb8c8-5576-51f0-a386-f978cad6d06d,2026-04-04,women_flyweight,1,2,oof_3,0.54743927717208862,985457ef7741e13ae4f99df6958c09cf7d253fdd35788220d5d9edf760acbc9b,223310cee0b1122e82ed150fb448cf3b287d16f10650757d0d7a57ae1ef1d984,4b90afa4858e06c8bc2d70b1d9a9496ca10a8389cf0fdfb0459fe9b63865940b,d45dad0a2f814dfc6d3a0ae609c9c15529008405e1cef918d20438e7856d9e7b
b635e57e-e4f0-5ccd-add0-e911f0158b60,4198aeef-89b4-5900-94da-ab14d83eb96d,ca53c43b-dac1-59df-86e5-eeccaef5648b,56bc2782-516b-52a8-9b50-7de224d2ec09,2026-04-04,lightweight,1,2,oof_3,0.52921587228775024,985457ef7741e13ae4f99df6958c09cf7d253fdd35788220d5d9edf760acbc9b,223310cee0b1122e82ed150fb448cf3b287d16f10650757d0d7a57ae1ef1d984,4b90afa4858e06c8bc2d70b1d9a9496ca10a8389cf0fdfb0459fe9b63865940b,d45dad0a2f814dfc6d3a0ae609c9c15529008405e1cef918d20438e7856d9e7b
8c094959-ccef-5668-9530-f9e49d8597af,d5873187-f2ab-568a-a182-b2fa8bb65731,d29d9ae3-3a51-549b-afa4-4baa9f0c83d5,989e4c6e-7a1e-5851-a110-336984535957,2026-04-11,welterweight,1,2,oof_3,0.61104929447174072,985457ef7741e13ae4f99df6958c09cf7d253fdd35788220d5d9edf760acbc9b,223310cee0b1122e82ed150fb448cf3b287d16f10650757d0d7a57ae1ef1d984,4b90afa4858e06c8bc2d70b1d9a9496ca10a8389cf0fdfb0459fe9b63865940b,d45dad0a2f814dfc6d3a0ae609c9c15529008405e1cef918d20438e7856d9e7b
1242c0bf-f437-5e37-84b1-59bcd1b3797a,f9fdb60d-f963-535d-a85d-6d782b6e17f4,7ebcc5c4-bf6c-5d65-8fce-a032c3a1d135,604a9af2-2ffe-5e0e-8aab-78f705b9ace9,2026-04-18,middleweight,0,2,oof_3,0.72765529155731201,985457ef7741e13ae4f99df6958c09cf7d253fdd35788220d5d9edf760acbc9b,223310cee0b1122e82ed150fb448cf3b287d16f10650757d0d7a57ae1ef1d984,4b90afa4858e06c8bc2d70b1d9a9496ca10a8389cf0fdfb0459fe9b63865940b,d45dad0a2f814dfc6d3a0ae609c9c15529008405e1cef918d20438e7856d9e7b
8d2cee6f-6140-5ab1-9496-24d524c18e5d,f9fdb60d-f963-535d-a85d-6d782b6e17f4,38cb4836-341f-574c-89a4-7f647b702f86,a90421a9-1cd3-5e5d-9b15-5ab0b2a8afd3,2026-04-18,heavyweight,0,2,oof_3,0.60382336378097534,985457ef7741e13ae4f99df6958c09cf7d253fdd35788220d5d9edf760acbc9b,223310cee0b1122e82ed150fb448cf3b287d16f10650757d0d7a57ae1ef1d984,4b90afa4858e06c8bc2d70b1d9a9496ca10a8389cf0fdfb0459fe9b63865940b,d45dad0a2f814dfc6d3a0ae609c9c15529008405e1cef918d20438e7856d9e7b
b533bdc1-19d8-56d9-89e5-09914428a94d,f9fdb60d-f963-535d-a85d-6d782b6e17f4,8dc79ce0-ee19-5d29-9fd0-6c5074adf87d,4c46cd26-70b7-532a-913b-ecd40f321d36,2026-04-18,bantamweight,0,2,oof_3,0.5676196813583374,985457ef7741e13ae4f99df6958c09cf7d253fdd35788220d5d9edf760acbc9b,223310cee0b1122e82ed150fb448cf3b287d16f10650757d0d7a57ae1ef1d984,4b90afa4858e06c8bc2d70b1d9a9496ca10a8389cf0fdfb0459fe9b63865940b,d45dad0a2f814dfc6d3a0ae609c9c15529008405e1cef918d20438e7856d9e7b
b7d0bb13-2d8d-5751-94b2-d1317cc562bb,f9fdb60d-f963-535d-a85d-6d782b6e17f4,9dcf4e6c-ddf7-5d4f-aef2-658ffe6cc4ae,c160c632-b49e-58f8-9671-94839631abb0,2026-04-18,lightweight,0,2,oof_3,0.37107056379318237,985457ef7741e13ae4f99df6958c09cf7d253fdd35788220d5d9edf760acbc9b,223310cee0b1122e82ed150fb448cf3b287d16f10650757d0d7a57ae1ef1d984,4b90afa4858e06c8bc2d70b1d9a9496ca10a8389cf0fdfb0459fe9b63865940b,d45dad0a2f814dfc6d3a0ae609c9c15529008405e1cef918d20438e7856d9e7b
69b54c87-9e31-5931-89d8-7f8e58339b85,3fe99c83-f413-56b9-a413-13e789a197f5,99109d47-fab0-510c-90fd-93f0d3433d5f,2472db31-9208-526d-b690-6c9833264558,2026-04-25,welterweight,0,2,oof_3,0.44752466678619385,985457ef7741e13ae4f99df6958c09cf7d253fdd35788220d5d9edf760acbc9b,223310cee0b1122e82ed150fb448cf3b287d16f10650757d0d7a57ae1ef1d984,4b90afa4858e06c8bc2d70b1d9a9496ca10a8389cf0fdfb0459fe9b63865940b,d45dad0a2f814dfc6d3a0ae609c9c15529008405e1cef918d20438e7856d9e7b
896f0caf-b776-5bd2-8d9c-518ad90fc3ed,3fe99c83-f413-56b9-a413-13e789a197f5,e1cc053c-f5ed-54e4-9d36-a35883847eb8,b67acbfd-3623-5bda-9c68-4209b335cb73,2026-04-25,heavyweight,0,2,oof_3,0.71514368057250977,985457ef7741e13ae4f99df6958c09cf7d253fdd35788220d5d9edf760acbc9b,223310cee0b1122e82ed150fb448cf3b287d16f10650757d0d7a57ae1ef1d984,4b90afa4858e06c8bc2d70b1d9a9496ca10a8389cf0fdfb0459fe9b63865940b,d45dad0a2f814dfc6d3a0ae609c9c15529008405e1cef918d20438e7856d9e7b
af32b91e-51eb-5f92-9c21-8fb103a98cc5,3fe99c83-f413-56b9-a413-13e789a197f5,470eb7aa-bd14-5599-9c7c-231141b7bf57,20f62d5d-9c30-5d81-8948-d7a50b875cc5,2026-04-25,bantamweight,0,2,oof_3,0.6236385703086853,985457ef7741e13ae4f99df6958c09cf7d253fdd35788220d5d9edf760acbc9b,223310cee0b1122e82ed150fb448cf3b287d16f10650757d0d7a57ae1ef1d984,4b90afa4858e06c8bc2d70b1d9a9496ca10a8389cf0fdfb0459fe9b63865940b,d45dad0a2f814dfc6d3a0ae609c9c15529008405e1cef918d20438e7856d9e7b
bc2de710-7f20-5c1f-9cd0-3f8f132cc49a,3fe99c83-f413-56b9-a413-13e789a197f5,21026cf2-ddd6-5cb5-879d-51ac8379467b,f00f4590-bd32-5dc5-a5c7-8e1928fe86e0,2026-04-25,lightweight,1,2,oof_3,0.51482069492340088,985457ef7741e13ae4f99df6958c09cf7d253fdd35788220d5d9edf760acbc9b,223310cee0b1122e82ed150fb448cf3b287d16f10650757d0d7a57ae1ef1d984,4b90afa4858e06c8bc2d70b1d9a9496ca10a8389cf0fdfb0459fe9b63865940b,d45dad0a2f814dfc6d3a0ae609c9c15529008405e1cef918d20438e7856d9e7b
e8bb8e80-f272-580e-bdbb-fc8e2e728e79,3fe99c83-f413-56b9-a413-13e789a197f5,34998cc8-0bec-5f56-b3eb-ef95c0d1d8b5,88dce9d6-792b-5378-ac09-45cab5d81751,2026-04-25,lightweight,1,2,oof_3,0.62549108266830444,985457ef7741e13ae4f99df6958c09cf7d253fdd35788220d5d9edf760acbc9b,223310cee0b1122e82ed150fb448cf3b287d16f10650757d0d7a57ae1ef1d984,4b90afa4858e06c8bc2d70b1d9a9496ca10a8389cf0fdfb0459fe9b63865940b,d45dad0a2f814dfc6d3a0ae609c9c15529008405e1cef918d20438e7856d9e7b
05e2d228-02e5-54fe-9bb3-9ca0752b5838,dee0f510-51ac-5484-85c1-add420b2bf4b,b61278c5-6f19-598b-8993-0c8ee8a38f39,fc1df4d0-9fd1-570f-8892-8a46e9287afb,2026-05-02,featherweight,1,2,oof_3,0.62982702255249023,985457ef7741e13ae4f99df6958c09cf7d253fdd35788220d5d9edf760acbc9b,223310cee0b1122e82ed150fb448cf3b287d16f10650757d0d7a57ae1ef1d984,4b90afa4858e06c8bc2d70b1d9a9496ca10a8389cf0fdfb0459fe9b63865940b,d45dad0a2f814dfc6d3a0ae609c9c15529008405e1cef918d20438e7856d9e7b
6260a86e-b7ac-5da9-a414-09d846d7b90f,dee0f510-51ac-5484-85c1-add420b2bf4b,05fca0dd-5e44-5f5c-9ac9-c57b2eaa2206,831d90e1-94dd-5665-aa8d-9c05487754e0,2026-05-02,welterweight,1,2,oof_3,0.74018639326095581,985457ef7741e13ae4f99df6958c09cf7d253fdd35788220d5d9edf760acbc9b,223310cee0b1122e82ed150fb448cf3b287d16f10650757d0d7a57ae1ef1d984,4b90afa4858e06c8bc2d70b1d9a9496ca10a8389cf0fdfb0459fe9b63865940b,d45dad0a2f814dfc6d3a0ae609c9c15529008405e1cef918d20438e7856d9e7b
74bee6a3-8f25-514a-bc75-8437de7025fa,dee0f510-51ac-5484-85c1-add420b2bf4b,5a2b8463-fbe2-5062-bd1b-2f7ca4c3aab7,eb085c07-4968-59bd-b127-4a08ea3b01f4,2026-05-02,middleweight,0,2,oof_3,0.64291036128997803,985457ef7741e13ae4f99df6958c09cf7d253fdd35788220d5d9edf760acbc9b,223310cee0b1122e82ed150fb448cf3b287d16f10650757d0d7a57ae1ef1d984,4b90afa4858e06c8bc2d70b1d9a9496ca10a8389cf0fdfb0459fe9b63865940b,d45dad0a2f814dfc6d3a0ae609c9c15529008405e1cef918d20438e7856d9e7b
963e5bcd-abd0-5c22-952d-56631959a7e0,dee0f510-51ac-5484-85c1-add420b2bf4b,d1801136-0086-52db-bec8-0dcff8a5334f,4239663e-2c99-5817-923d-f370b310b087,2026-05-02,bantamweight,1,2,oof_3,0.81683564186096191,985457ef7741e13ae4f99df6958c09cf7d253fdd35788220d5d9edf760acbc9b,223310cee0b1122e82ed150fb448cf3b287d16f10650757d0d7a57ae1ef1d984,4b90afa4858e06c8bc2d70b1d9a9496ca10a8389cf0fdfb0459fe9b63865940b,d45dad0a2f814dfc6d3a0ae609c9c15529008405e1cef918d20438e7856d9e7b
9b9a4edf-9b65-5ab3-b5d0-a5e1dbd861b2,dee0f510-51ac-5484-85c1-add420b2bf4b,a4e4beff-909b-546f-96c4-0300e4997331,20873349-3d1a-5579-9ffc-e8e392a0196f,2026-05-02,heavyweight,0,2,oof_3,0.52740883827209473,985457ef7741e13ae4f99df6958c09cf7d253fdd35788220d5d9edf760acbc9b,223310cee0b1122e82ed150fb448cf3b287d16f10650757d0d7a57ae1ef1d984,4b90afa4858e06c8bc2d70b1d9a9496ca10a8389cf0fdfb0459fe9b63865940b,d45dad0a2f814dfc6d3a0ae609c9c15529008405e1cef918d20438e7856d9e7b
ed7c2a7d-b7a5-58b9-82a7-edda5a41937b,dee0f510-51ac-5484-85c1-add420b2bf4b,b735d62f-632b-5477-9309-dce620d3f818,dc6fa7b9-6ee2-5230-a371-fcb339a7a27a,2026-05-02,heavyweight,0,2,oof_3,0.53838503360748291,985457ef7741e13ae4f99df6958c09cf7d253fdd35788220d5d9edf760acbc9b,223310cee0b1122e82ed150fb448cf3b287d16f10650757d0d7a57ae1ef1d984,4b90afa4858e06c8bc2d70b1d9a9496ca10a8389cf0fdfb0459fe9b63865940b,d45dad0a2f814dfc6d3a0ae609c9c15529008405e1cef918d20438e7856d9e7b
29f9f291-6d56-548b-9eb4-adf4ce0c2211,8bf7444e-d9a6-5c22-94d2-76ca71b1080c,fbb548d0-b3cf-5a4c-baa4-8518279d55fc,82c71e9c-d9db-5134-87fd-22a1ba3e9733,2026-05-09,featherweight,1,2,oof_3,0.54132461547851562,985457ef7741e13ae4f99df6958c09cf7d253fdd35788220d5d9edf760acbc9b,223310cee0b1122e82ed150fb448cf3b287d16f10650757d0d7a57ae1ef1d984,4b90afa4858e06c8bc2d70b1d9a9496ca10a8389cf0fdfb0459fe9b63865940b,d45dad0a2f814dfc6d3a0ae609c9c15529008405e1cef918d20438e7856d9e7b
64689707-4369-5a33-b6ac-77f91303f940,8bf7444e-d9a6-5c22-94d2-76ca71b1080c,53049461-2332-5cad-a2a2-c7b4a868b2db,8f9241f8-1fab-5bbf-9074-060948f1a501,2026-05-09,welterweight,0,2,oof_3,0.5720210075378418,985457ef7741e13ae4f99df6958c09cf7d253fdd35788220d5d9edf760acbc9b,223310cee0b1122e82ed150fb448cf3b287d16f10650757d0d7a57ae1ef1d984,4b90afa4858e06c8bc2d70b1d9a9496ca10a8389cf0fdfb0459fe9b63865940b,d45dad0a2f814dfc6d3a0ae609c9c15529008405e1cef918d20438e7856d9e7b
7f873f5e-8844-51a5-92d1-a941a8c70e6e,8bf7444e-d9a6-5c22-94d2-76ca71b1080c,b1e4c3c4-c91e-5725-b8b4-ccfd88e6d756,8531c9b8-a99d-59de-a486-64da43cec162,2026-05-09,lightweight,1,2,oof_3,0.39989900588989258,985457ef7741e13ae4f99df6958c09cf7d253fdd35788220d5d9edf760acbc9b,223310cee0b1122e82ed150fb448cf3b287d16f10650757d0d7a57ae1ef1d984,4b90afa4858e06c8bc2d70b1d9a9496ca10a8389cf0fdfb0459fe9b63865940b,d45dad0a2f814dfc6d3a0ae609c9c15529008405e1cef918d20438e7856d9e7b
beca0ee2-73e8-5e11-8266-664acb8c7e7f,8bf7444e-d9a6-5c22-94d2-76ca71b1080c,63c2066f-1a74-5b3c-8fad-ecc16796acca,af151ba8-797a-5a37-8125-89e8705bc01f,2026-05-09,lightweight,1,2,oof_3,0.74366867542266846,985457ef7741e13ae4f99df6958c09cf7d253fdd35788220d5d9edf760acbc9b,223310cee0b1122e82ed150fb448cf3b287d16f10650757d0d7a57ae1ef1d984,4b90afa4858e06c8bc2d70b1d9a9496ca10a8389cf0fdfb0459fe9b63865940b,d45dad0a2f814dfc6d3a0ae609c9c15529008405e1cef918d20438e7856d9e7b
0532946f-9788-5196-a7b5-5a91864928ba,f1e5063b-1038-5cc4-a825-4bfdaea5e8df,f7b24236-4a3d-5dd8-879c-35648719dc93,fcf99538-c8e7-5b9c-ad35-c0f4b5f27cdb,2026-05-16,bantamweight,0,2,oof_3,0.55817949771881104,985457ef7741e13ae4f99df6958c09cf7d253fdd35788220d5d9edf760acbc9b,223310cee0b1122e82ed150fb448cf3b287d16f10650757d0d7a57ae1ef1d984,4b90afa4858e06c8bc2d70b1d9a9496ca10a8389cf0fdfb0459fe9b63865940b,d45dad0a2f814dfc6d3a0ae609c9c15529008405e1cef918d20438e7856d9e7b
5a637b49-1c2b-5410-a492-f5646b717878,f1e5063b-1038-5cc4-a825-4bfdaea5e8df,88d3ab80-4e7e-50d5-8c2e-abb4327ef93f,6494f729-74f8-51f7-9987-84f9ab4c598f,2026-05-16,lightweight,1,2,oof_3,0.49980029463768005,985457ef7741e13ae4f99df6958c09cf7d253fdd35788220d5d9edf760acbc9b,223310cee0b1122e82ed150fb448cf3b287d16f10650757d0d7a57ae1ef1d984,4b90afa4858e06c8bc2d70b1d9a9496ca10a8389cf0fdfb0459fe9b63865940b,d45dad0a2f814dfc6d3a0ae609c9c15529008405e1cef918d20438e7856d9e7b
5b35d5a4-37c7-56fb-96c9-36837e0d77aa,f1e5063b-1038-5cc4-a825-4bfdaea5e8df,69da3266-70a9-5c59-b1e2-eb0c65fe3621,1f6c2124-fdc6-572e-a1e8-35c56edcb66f,2026-05-16,welterweight,0,2,oof_3,0.62347137928009033,985457ef7741e13ae4f99df6958c09cf7d253fdd35788220d5d9edf760acbc9b,223310cee0b1122e82ed150fb448cf3b287d16f10650757d0d7a57ae1ef1d984,4b90afa4858e06c8bc2d70b1d9a9496ca10a8389cf0fdfb0459fe9b63865940b,d45dad0a2f814dfc6d3a0ae609c9c15529008405e1cef918d20438e7856d9e7b
65127724-d0ac-5678-8b03-4ac4b8adb4dd,f1e5063b-1038-5cc4-a825-4bfdaea5e8df,45ff56c2-1882-5bad-84d1-fe139808da52,d1141647-9966-5410-8ec7-bf9f041091ce,2026-05-16,featherweight,1,2,oof_3,0.56366264820098877,985457ef7741e13ae4f99df6958c09cf7d253fdd35788220d5d9edf760acbc9b,223310cee0b1122e82ed150fb448cf3b287d16f10650757d0d7a57ae1ef1d984,4b90afa4858e06c8bc2d70b1d9a9496ca10a8389cf0fdfb0459fe9b63865940b,d45dad0a2f814dfc6d3a0ae609c9c15529008405e1cef918d20438e7856d9e7b
a617bc00-b8f3-5e13-9efa-99c0a0bdbbd0,f1e5063b-1038-5cc4-a825-4bfdaea5e8df,64c91aed-c202-5c16-8ec0-4fb3c4de543f,34dfd03d-d027-5b9b-93a8-58ec3d3837d4,2026-05-16,catch_weight,1,2,oof_3,0.65197908878326416,985457ef7741e13ae4f99df6958c09cf7d253fdd35788220d5d9edf760acbc9b,223310cee0b1122e82ed150fb448cf3b287d16f10650757d0d7a57ae1ef1d984,4b90afa4858e06c8bc2d70b1d9a9496ca10a8389cf0fdfb0459fe9b63865940b,d45dad0a2f814dfc6d3a0ae609c9c15529008405e1cef918d20438e7856d9e7b
e3e2d025-471e-5a69-8f25-6bf0b39e8353,f1e5063b-1038-5cc4-a825-4bfdaea5e8df,aab4eca8-c119-5665-b169-30e9afae10bf,554f6fa3-2f6c-561e-a4bb-f7238ddad37d,2026-05-16,middleweight,1,2,oof_3,0.66988396644592285,985457ef7741e13ae4f99df6958c09cf7d253fdd35788220d5d9edf760acbc9b,223310cee0b1122e82ed150fb448cf3b287d16f10650757d0d7a57ae1ef1d984,4b90afa4858e06c8bc2d70b1d9a9496ca10a8389cf0fdfb0459fe9b63865940b,d45dad0a2f814dfc6d3a0ae609c9c15529008405e1cef918d20438e7856d9e7b
01dc1499-9234-5284-8895-1f46909c5496,3ea8968a-169f-5183-b28d-4fcfeed9959a,17d32617-8cb2-56e0-9bfd-7c8b01303b28,190246d4-cb60-559f-a8b1-71ba19db7ca7,2026-05-30,women_strawweight,1,2,oof_3,0.41058835387229919,985457ef7741e13ae4f99df6958c09cf7d253fdd35788220d5d9edf760acbc9b,223310cee0b1122e82ed150fb448cf3b287d16f10650757d0d7a57ae1ef1d984,4b90afa4858e06c8bc2d70b1d9a9496ca10a8389cf0fdfb0459fe9b63865940b,d45dad0a2f814dfc6d3a0ae609c9c15529008405e1cef918d20438e7856d9e7b
0364f144-1c4e-58b5-b8ba-6c5b22db5581,3ea8968a-169f-5183-b28d-4fcfeed9959a,e87833d6-2e0e-5556-99bf-25e422a49727,bf90dbdf-d51b-51cc-980f-1bec40a7df4b,2026-05-30,welterweight,1,2,oof_3,0.79152536392211914,985457ef7741e13ae4f99df6958c09cf7d253fdd35788220d5d9edf760acbc9b,223310cee0b1122e82ed150fb448cf3b287d16f10650757d0d7a57ae1ef1d984,4b90afa4858e06c8bc2d70b1d9a9496ca10a8389cf0fdfb0459fe9b63865940b,d45dad0a2f814dfc6d3a0ae609c9c15529008405e1cef918d20438e7856d9e7b
32306d29-c377-56a1-ba44-6599dee1cebb,3ea8968a-169f-5183-b28d-4fcfeed9959a,7ac953df-a95c-553a-b283-10349ed85e1c,c1483700-d19f-57da-9730-2190e7ef7007,2026-05-30,welterweight,0,2,oof_3,0.52004241943359375,985457ef7741e13ae4f99df6958c09cf7d253fdd35788220d5d9edf760acbc9b,223310cee0b1122e82ed150fb448cf3b287d16f10650757d0d7a57ae1ef1d984,4b90afa4858e06c8bc2d70b1d9a9496ca10a8389cf0fdfb0459fe9b63865940b,d45dad0a2f814dfc6d3a0ae609c9c15529008405e1cef918d20438e7856d9e7b
345aa791-ecfc-517f-b9d7-689f9d01b5ea,3ea8968a-169f-5183-b28d-4fcfeed9959a,860190f9-a32a-5e2f-bdd2-0949f97a7ee7,65faa7e6-7926-575b-9ae9-b5f47ac6e8c3,2026-05-30,featherweight,0,2,oof_3,0.53339201211929321,985457ef7741e13ae4f99df6958c09cf7d253fdd35788220d5d9edf760acbc9b,223310cee0b1122e82ed150fb448cf3b287d16f10650757d0d7a57ae1ef1d984,4b90afa4858e06c8bc2d70b1d9a9496ca10a8389cf0fdfb0459fe9b63865940b,d45dad0a2f814dfc6d3a0ae609c9c15529008405e1cef918d20438e7856d9e7b
7655c3cb-6a64-53f7-9ada-b9911c0bf5a9,3ea8968a-169f-5183-b28d-4fcfeed9959a,e2420550-4ba3-5124-8faf-3b8ff58712ef,9241fbb1-b4fc-5596-b8ad-7f374311f788,2026-05-30,bantamweight,1,2,oof_3,0.6968303918838501,985457ef7741e13ae4f99df6958c09cf7d253fdd35788220d5d9edf760acbc9b,223310cee0b1122e82ed150fb448cf3b287d16f10650757d0d7a57ae1ef1d984,4b90afa4858e06c8bc2d70b1d9a9496ca10a8389cf0fdfb0459fe9b63865940b,d45dad0a2f814dfc6d3a0ae609c9c15529008405e1cef918d20438e7856d9e7b
ec9eefea-3f64-5f39-b8f8-4def2d693120,3ea8968a-169f-5183-b28d-4fcfeed9959a,ddfb6263-5eb1-5914-9b4e-2c56558b567a,757ef278-8fe7-5f18-9e11-e6210929f388,2026-05-30,middleweight,0,2,oof_3,0.68016862869262695,985457ef7741e13ae4f99df6958c09cf7d253fdd35788220d5d9edf760acbc9b,223310cee0b1122e82ed150fb448cf3b287d16f10650757d0d7a57ae1ef1d984,4b90afa4858e06c8bc2d70b1d9a9496ca10a8389cf0fdfb0459fe9b63865940b,d45dad0a2f814dfc6d3a0ae609c9c15529008405e1cef918d20438e7856d9e7b
002a60fe-e7eb-5c4e-942a-9e36eb1ff76b,51164b6d-22a2-5767-ab6a-84c59abfecb7,30b6d54a-da31-5d2c-b6e4-318ece40f46c,efa4c5c7-2033-5ef8-a6c0-fb7d7a02e5d6,2026-06-06,bantamweight,1,2,oof_3,0.41031533479690552,985457ef7741e13ae4f99df6958c09cf7d253fdd35788220d5d9edf760acbc9b,223310cee0b1122e82ed150fb448cf3b287d16f10650757d0d7a57ae1ef1d984,4b90afa4858e06c8bc2d70b1d9a9496ca10a8389cf0fdfb0459fe9b63865940b,d45dad0a2f814dfc6d3a0ae609c9c15529008405e1cef918d20438e7856d9e7b
2656f87f-a89d-5279-ada5-1b33b41c69c7,51164b6d-22a2-5767-ab6a-84c59abfecb7,cdf457b3-fad7-5c6a-ab9f-db9f81adc66c,2ab7d2a8-d517-5aa3-b11c-9f648ca07eb3,2026-06-06,lightweight,0,2,oof_3,0.66425794363021851,985457ef7741e13ae4f99df6958c09cf7d253fdd35788220d5d9edf760acbc9b,223310cee0b1122e82ed150fb448cf3b287d16f10650757d0d7a57ae1ef1d984,4b90afa4858e06c8bc2d70b1d9a9496ca10a8389cf0fdfb0459fe9b63865940b,d45dad0a2f814dfc6d3a0ae609c9c15529008405e1cef918d20438e7856d9e7b
98d1a70d-8eba-5680-b0d9-a8ab6dc91e20,51164b6d-22a2-5767-ab6a-84c59abfecb7,6c157abd-68fd-51fc-b606-47ad2d34d8ec,87e3b81e-fe88-5d3e-9818-f8cc19cf454e,2026-06-06,catch_weight,0,2,oof_3,0.41762268543243408,985457ef7741e13ae4f99df6958c09cf7d253fdd35788220d5d9edf760acbc9b,223310cee0b1122e82ed150fb448cf3b287d16f10650757d0d7a57ae1ef1d984,4b90afa4858e06c8bc2d70b1d9a9496ca10a8389cf0fdfb0459fe9b63865940b,d45dad0a2f814dfc6d3a0ae609c9c15529008405e1cef918d20438e7856d9e7b
9dd74c56-e820-582b-9a08-17cbb9aa1e3e,51164b6d-22a2-5767-ab6a-84c59abfecb7,6e74531e-878c-59c8-bb0e-63201254ee41,8dbd3137-274e-5bd5-82f5-5a0176286259,2026-06-06,light_heavyweight,1,2,oof_3,0.6259276270866394,985457ef7741e13ae4f99df6958c09cf7d253fdd35788220d5d9edf760acbc9b,223310cee0b1122e82ed150fb448cf3b287d16f10650757d0d7a57ae1ef1d984,4b90afa4858e06c8bc2d70b1d9a9496ca10a8389cf0fdfb0459fe9b63865940b,d45dad0a2f814dfc6d3a0ae609c9c15529008405e1cef918d20438e7856d9e7b
a78d9b13-711b-510e-8c44-061c7c6fc250,51164b6d-22a2-5767-ab6a-84c59abfecb7,2d954a60-721a-510f-892c-3d3df4e6a342,4c46cd26-70b7-532a-913b-ecd40f321d36,2026-06-06,bantamweight,1,2,oof_3,0.33591377735137939,985457ef7741e13ae4f99df6958c09cf7d253fdd35788220d5d9edf760acbc9b,223310cee0b1122e82ed150fb448cf3b287d16f10650757d0d7a57ae1ef1d984,4b90afa4858e06c8bc2d70b1d9a9496ca10a8389cf0fdfb0459fe9b63865940b,d45dad0a2f814dfc6d3a0ae609c9c15529008405e1cef918d20438e7856d9e7b
aec0fc82-a875-5c45-9bc2-f7ae1c93450e,51164b6d-22a2-5767-ab6a-84c59abfecb7,01e7c1f6-58e3-5e87-acd5-acfa2e8239cb,402bdbd6-20ff-5dad-b8d6-6411633c4358,2026-06-06,women_strawweight,1,2,oof_3,0.75775527954101562,985457ef7741e13ae4f99df6958c09cf7d253fdd35788220d5d9edf760acbc9b,223310cee0b1122e82ed150fb448cf3b287d16f10650757d0d7a57ae1ef1d984,4b90afa4858e06c8bc2d70b1d9a9496ca10a8389cf0fdfb0459fe9b63865940b,d45dad0a2f814dfc6d3a0ae609c9c15529008405e1cef918d20438e7856d9e7b
cb78e007-42f1-52f4-9fce-6d21f8b6cf8e,51164b6d-22a2-5767-ab6a-84c59abfecb7,6a34b301-865f-5994-a7e5-cb03230ba6c2,286c3351-743c-57a4-9cd7-45e6d509cf56,2026-06-06,featherweight,0,2,oof_3,0.65387427806854248,985457ef7741e13ae4f99df6958c09cf7d253fdd35788220d5d9edf760acbc9b,223310cee0b1122e82ed150fb448cf3b287d16f10650757d0d7a57ae1ef1d984,4b90afa4858e06c8bc2d70b1d9a9496ca10a8389cf0fdfb0459fe9b63865940b,d45dad0a2f814dfc6d3a0ae609c9c15529008405e1cef918d20438e7856d9e7b
dda9806d-ecfe-5705-857e-9686395509d8,51164b6d-22a2-5767-ab6a-84c59abfecb7,5d26bddf-51d3-5417-aeab-7329263c2e27,935ef993-3fce-585f-a3ec-0a8f1426a004,2026-06-06,middleweight,1,2,oof_3,0.71675193309783936,985457ef7741e13ae4f99df6958c09cf7d253fdd35788220d5d9edf760acbc9b,223310cee0b1122e82ed150fb448cf3b287d16f10650757d0d7a57ae1ef1d984,4b90afa4858e06c8bc2d70b1d9a9496ca10a8389cf0fdfb0459fe9b63865940b,d45dad0a2f814dfc6d3a0ae609c9c15529008405e1cef918d20438e7856d9e7b
f2d1e20d-e05b-52ff-86c0-524ac2c4502d,51164b6d-22a2-5767-ab6a-84c59abfecb7,2fc5aa80-58ec-5c70-b680-12759e392545,a0169bef-3b85-5e3d-8ddd-698addcfc690,2026-06-06,women_bantamweight,0,2,oof_3,0.38248130679130554,985457ef7741e13ae4f99df6958c09cf7d253fdd35788220d5d9edf760acbc9b,223310cee0b1122e82ed150fb448cf3b287d16f10650757d0d7a57ae1ef1d984,4b90afa4858e06c8bc2d70b1d9a9496ca10a8389cf0fdfb0459fe9b63865940b,d45dad0a2f814dfc6d3a0ae609c9c15529008405e1cef918d20438e7856d9e7b
f252d47a-6f3c-5a03-a0f6-7e02a9e568b9,aa7c03cc-8a0d-529c-afca-67b9d38e88da,deeceac7-0a60-5928-a5ec-af438b1562c0,87dfb573-1ad2-54cf-aa6e-eea5415d1223,2026-06-14,heavyweight,1,2,oof_3,0.73790556192398071,985457ef7741e13ae4f99df6958c09cf7d253fdd35788220d5d9edf760acbc9b,223310cee0b1122e82ed150fb448cf3b287d16f10650757d0d7a57ae1ef1d984,4b90afa4858e06c8bc2d70b1d9a9496ca10a8389cf0fdfb0459fe9b63865940b,d45dad0a2f814dfc6d3a0ae609c9c15529008405e1cef918d20438e7856d9e7b
347d3776-7af9-5de4-ac62-d97754f18b09,201e5010-4419-5a35-a96a-b24ae2c1c90c,678aa9db-95dc-5ddb-a823-778c32e0172a,7096b83b-e332-5c07-8cdf-14507f96bb6c,2026-06-20,flyweight,0,2,oof_3,0.6123126745223999,985457ef7741e13ae4f99df6958c09cf7d253fdd35788220d5d9edf760acbc9b,223310cee0b1122e82ed150fb448cf3b287d16f10650757d0d7a57ae1ef1d984,4b90afa4858e06c8bc2d70b1d9a9496ca10a8389cf0fdfb0459fe9b63865940b,d45dad0a2f814dfc6d3a0ae609c9c15529008405e1cef918d20438e7856d9e7b
3e219fd8-794b-5b8f-a745-1cdf93501409,201e5010-4419-5a35-a96a-b24ae2c1c90c,37224f86-460c-59ee-a137-6ceb6abf0529,f6b19eae-21e3-59f0-9f1e-0df448448170,2026-06-20,featherweight,1,2,oof_3,0.41246432065963745,985457ef7741e13ae4f99df6958c09cf7d253fdd35788220d5d9edf760acbc9b,223310cee0b1122e82ed150fb448cf3b287d16f10650757d0d7a57ae1ef1d984,4b90afa4858e06c8bc2d70b1d9a9496ca10a8389cf0fdfb0459fe9b63865940b,d45dad0a2f814dfc6d3a0ae609c9c15529008405e1cef918d20438e7856d9e7b
4453116f-2761-59e9-b1d4-2dd0ba25fe02,201e5010-4419-5a35-a96a-b24ae2c1c90c,1a5cebbb-1840-5d66-8c6b-d6c6e60615c4,45b42751-497a-574c-8ff9-3392312a6b86,2026-06-20,flyweight,0,2,oof_3,0.77097946405410767,985457ef7741e13ae4f99df6958c09cf7d253fdd35788220d5d9edf760acbc9b,223310cee0b1122e82ed150fb448cf3b287d16f10650757d0d7a57ae1ef1d984,4b90afa4858e06c8bc2d70b1d9a9496ca10a8389cf0fdfb0459fe9b63865940b,d45dad0a2f814dfc6d3a0ae609c9c15529008405e1cef918d20438e7856d9e7b
556a76b1-6501-5325-848e-c68c380681bd,201e5010-4419-5a35-a96a-b24ae2c1c90c,cb5f231b-e47b-5c52-ab58-815bce15a90a,f37a608d-9406-5d12-bf62-ae0bfb327d22,2026-06-20,women_bantamweight,0,2,oof_3,0.34220990538597107,985457ef7741e13ae4f99df6958c09cf7d253fdd35788220d5d9edf760acbc9b,223310cee0b1122e82ed150fb448cf3b287d16f10650757d0d7a57ae1ef1d984,4b90afa4858e06c8bc2d70b1d9a9496ca10a8389cf0fdfb0459fe9b63865940b,d45dad0a2f814dfc6d3a0ae609c9c15529008405e1cef918d20438e7856d9e7b
695f6b89-333b-55f4-a958-48767916091e,201e5010-4419-5a35-a96a-b24ae2c1c90c,f7272638-d01e-504a-9302-3c161cb217df,0e6bdbf7-b388-5612-a7b3-f1da80a47c28,2026-06-20,light_heavyweight,0,2,oof_3,0.34533891081809998,985457ef7741e13ae4f99df6958c09cf7d253fdd35788220d5d9edf760acbc9b,223310cee0b1122e82ed150fb448cf3b287d16f10650757d0d7a57ae1ef1d984,4b90afa4858e06c8bc2d70b1d9a9496ca10a8389cf0fdfb0459fe9b63865940b,d45dad0a2f814dfc6d3a0ae609c9c15529008405e1cef918d20438e7856d9e7b
6ea6146f-0e02-582c-a3fd-3a77526ad651,201e5010-4419-5a35-a96a-b24ae2c1c90c,8f5f5229-f5fc-5e42-98d6-2240406ced61,c390fb22-cb13-58c8-b52b-38e4f07abdc9,2026-06-20,featherweight,0,2,oof_3,0.41285392642021179,985457ef7741e13ae4f99df6958c09cf7d253fdd35788220d5d9edf760acbc9b,223310cee0b1122e82ed150fb448cf3b287d16f10650757d0d7a57ae1ef1d984,4b90afa4858e06c8bc2d70b1d9a9496ca10a8389cf0fdfb0459fe9b63865940b,d45dad0a2f814dfc6d3a0ae609c9c15529008405e1cef918d20438e7856d9e7b
7cbe57ee-f8f9-543e-92ae-72b2d124f549,201e5010-4419-5a35-a96a-b24ae2c1c90c,88c02e47-a951-50f6-99bf-3a2ac4bedc42,093a4c93-d2a0-58ed-aace-af3a5785fb10,2026-06-20,welterweight,0,2,oof_3,0.58541744947433472,985457ef7741e13ae4f99df6958c09cf7d253fdd35788220d5d9edf760acbc9b,223310cee0b1122e82ed150fb448cf3b287d16f10650757d0d7a57ae1ef1d984,4b90afa4858e06c8bc2d70b1d9a9496ca10a8389cf0fdfb0459fe9b63865940b,d45dad0a2f814dfc6d3a0ae609c9c15529008405e1cef918d20438e7856d9e7b
923b63e7-95e0-53cb-943a-698bcd26c253,201e5010-4419-5a35-a96a-b24ae2c1c90c,92153571-1d26-5fc7-9e07-5b88b394eadd,52a8a384-e4b9-5a2d-a4e4-3f9e720141ef,2026-06-20,featherweight,0,2,oof_3,0.50805437564849854,985457ef7741e13ae4f99df6958c09cf7d253fdd35788220d5d9edf760acbc9b,223310cee0b1122e82ed150fb448cf3b287d16f10650757d0d7a57ae1ef1d984,4b90afa4858e06c8bc2d70b1d9a9496ca10a8389cf0fdfb0459fe9b63865940b,d45dad0a2f814dfc6d3a0ae609c9c15529008405e1cef918d20438e7856d9e7b
963c14e1-ea90-595f-81f7-11e37e5012c7,201e5010-4419-5a35-a96a-b24ae2c1c90c,965e7f39-b30a-5405-a388-aa2e7687a8fb,441fcf69-d19a-5cd9-9037-40086859091a,2026-06-20,women_bantamweight,1,2,oof_3,0.73658919334411621,985457ef7741e13ae4f99df6958c09cf7d253fdd35788220d5d9edf760acbc9b,223310cee0b1122e82ed150fb448cf3b287d16f10650757d0d7a57ae1ef1d984,4b90afa4858e06c8bc2d70b1d9a9496ca10a8389cf0fdfb0459fe9b63865940b,d45dad0a2f814dfc6d3a0ae609c9c15529008405e1cef918d20438e7856d9e7b
9928cf3a-35a5-568a-b57d-2b117def80cb,201e5010-4419-5a35-a96a-b24ae2c1c90c,0c5f7a6b-1dbf-577f-a485-37eb7efeb425,afe06ba3-215f-5801-aa77-0ffc2cfb7898,2026-06-20,featherweight,1,2,oof_3,0.81832438707351685,985457ef7741e13ae4f99df6958c09cf7d253fdd35788220d5d9edf760acbc9b,223310cee0b1122e82ed150fb448cf3b287d16f10650757d0d7a57ae1ef1d984,4b90afa4858e06c8bc2d70b1d9a9496ca10a8389cf0fdfb0459fe9b63865940b,d45dad0a2f814dfc6d3a0ae609c9c15529008405e1cef918d20438e7856d9e7b
cf1a7af2-9c96-58d4-9906-3cf6b60b6f36,201e5010-4419-5a35-a96a-b24ae2c1c90c,1153a400-3dec-5015-8f0d-e2a4590a9a81,736ac5a4-c325-5b8a-a48d-787d16f1445f,2026-06-20,flyweight,1,2,oof_3,0.61218160390853882,985457ef7741e13ae4f99df6958c09cf7d253fdd35788220d5d9edf760acbc9b,223310cee0b1122e82ed150fb448cf3b287d16f10650757d0d7a57ae1ef1d984,4b90afa4858e06c8bc2d70b1d9a9496ca10a8389cf0fdfb0459fe9b63865940b,d45dad0a2f814dfc6d3a0ae609c9c15529008405e1cef918d20438e7856d9e7b
e04f3701-2142-58c2-b24f-defebf27c76f,201e5010-4419-5a35-a96a-b24ae2c1c90c,7d5e1359-965d-5d46-8e46-8ec83d949cae,e98d11ec-bc7b-5c5d-9761-e87bbb600c90,2026-06-20,featherweight,1,2,oof_3,0.53244304656982422,985457ef7741e13ae4f99df6958c09cf7d253fdd35788220d5d9edf760acbc9b,223310cee0b1122e82ed150fb448cf3b287d16f10650757d0d7a57ae1ef1d984,4b90afa4858e06c8bc2d70b1d9a9496ca10a8389cf0fdfb0459fe9b63865940b,d45dad0a2f814dfc6d3a0ae609c9c15529008405e1cef918d20438e7856d9e7b
0438318c-425f-5dd6-872a-5173007d3006,ab7ff981-0dc4-5e3f-a18b-4a68933697ac,c79f4b19-6d56-5373-a513-83f440161eea,509c9337-d525-53bc-a27f-5cd6937d5795,2026-06-27,flyweight,1,2,oof_3,0.69107198715209961,985457ef7741e13ae4f99df6958c09cf7d253fdd35788220d5d9edf760acbc9b,223310cee0b1122e82ed150fb448cf3b287d16f10650757d0d7a57ae1ef1d984,4b90afa4858e06c8bc2d70b1d9a9496ca10a8389cf0fdfb0459fe9b63865940b,d45dad0a2f814dfc6d3a0ae609c9c15529008405e1cef918d20438e7856d9e7b
31a3e9bb-d081-5d7a-9c3a-1174e1281090,ab7ff981-0dc4-5e3f-a18b-4a68933697ac,4917415c-1190-5ad5-94c9-18c004ff30e4,4aa7a6dd-1d3f-5141-b0ef-0823fa55f316,2026-06-27,middleweight,1,2,oof_3,0.54430723190307617,985457ef7741e13ae4f99df6958c09cf7d253fdd35788220d5d9edf760acbc9b,223310cee0b1122e82ed150fb448cf3b287d16f10650757d0d7a57ae1ef1d984,4b90afa4858e06c8bc2d70b1d9a9496ca10a8389cf0fdfb0459fe9b63865940b,d45dad0a2f814dfc6d3a0ae609c9c15529008405e1cef918d20438e7856d9e7b
3c73918a-0363-54f4-a6fb-e7e4965a159f,ab7ff981-0dc4-5e3f-a18b-4a68933697ac,23610fd3-4616-5dfd-bb39-8315c3301349,882c40aa-6728-5341-ad03-3745ca98aef3,2026-06-27,bantamweight,0,2,oof_3,0.40507304668426514,985457ef7741e13ae4f99df6958c09cf7d253fdd35788220d5d9edf760acbc9b,223310cee0b1122e82ed150fb448cf3b287d16f10650757d0d7a57ae1ef1d984,4b90afa4858e06c8bc2d70b1d9a9496ca10a8389cf0fdfb0459fe9b63865940b,d45dad0a2f814dfc6d3a0ae609c9c15529008405e1cef918d20438e7856d9e7b
49c681d2-1fa4-5974-872b-4f39945e0a46,ab7ff981-0dc4-5e3f-a18b-4a68933697ac,85089c81-4487-5f63-88eb-93415464c024,1e8aafb8-cebd-515d-830a-36494d719bf5,2026-06-27,welterweight,1,2,oof_3,0.76509708166122437,985457ef7741e13ae4f99df6958c09cf7d253fdd35788220d5d9edf760acbc9b,223310cee0b1122e82ed150fb448cf3b287d16f10650757d0d7a57ae1ef1d984,4b90afa4858e06c8bc2d70b1d9a9496ca10a8389cf0fdfb0459fe9b63865940b,d45dad0a2f814dfc6d3a0ae609c9c15529008405e1cef918d20438e7856d9e7b
51f8c513-37c1-5ca6-86ff-9034fe75493d,ab7ff981-0dc4-5e3f-a18b-4a68933697ac,31afbc80-7631-5064-b8f1-bdd8bc484c1b,284503b7-34bd-58b8-8e3c-ebf45b94802a,2026-06-27,welterweight,1,2,oof_3,0.64396136999130249,985457ef7741e13ae4f99df6958c09cf7d253fdd35788220d5d9edf760acbc9b,223310cee0b1122e82ed150fb448cf3b287d16f10650757d0d7a57ae1ef1d984,4b90afa4858e06c8bc2d70b1d9a9496ca10a8389cf0fdfb0459fe9b63865940b,d45dad0a2f814dfc6d3a0ae609c9c15529008405e1cef918d20438e7856d9e7b
64c97cfe-78cf-58e2-8cd5-7c57085e5544,ab7ff981-0dc4-5e3f-a18b-4a68933697ac,156ab68a-e884-5b71-b7ad-f0648a4b46d9,472a8a56-68fa-5e9d-8924-bf7780d9e407,2026-06-27,middleweight,1,2,oof_3,0.72312682867050171,985457ef7741e13ae4f99df6958c09cf7d253fdd35788220d5d9edf760acbc9b,223310cee0b1122e82ed150fb448cf3b287d16f10650757d0d7a57ae1ef1d984,4b90afa4858e06c8bc2d70b1d9a9496ca10a8389cf0fdfb0459fe9b63865940b,d45dad0a2f814dfc6d3a0ae609c9c15529008405e1cef918d20438e7856d9e7b
7223efb3-d5d9-5390-84f9-78b014e6b3f9,ab7ff981-0dc4-5e3f-a18b-4a68933697ac,945fa86c-afcf-5ba4-b763-ec8f758f29ee,1a823658-f12c-5dca-abef-fb154d6af34e,2026-06-27,middleweight,1,2,oof_3,0.52511656284332275,985457ef7741e13ae4f99df6958c09cf7d253fdd35788220d5d9edf760acbc9b,223310cee0b1122e82ed150fb448cf3b287d16f10650757d0d7a57ae1ef1d984,4b90afa4858e06c8bc2d70b1d9a9496ca10a8389cf0fdfb0459fe9b63865940b,d45dad0a2f814dfc6d3a0ae609c9c15529008405e1cef918d20438e7856d9e7b
81a46fdc-2000-5684-ad69-0b57bbbb4817,ab7ff981-0dc4-5e3f-a18b-4a68933697ac,fd464441-5b9a-593c-a8e8-c2ee93da14e2,e1cc47a8-2367-53a1-9d75-70e29c25bb75,2026-06-27,lightweight,0,2,oof_3,0.50444710254669189,985457ef7741e13ae4f99df6958c09cf7d253fdd35788220d5d9edf760acbc9b,223310cee0b1122e82ed150fb448cf3b287d16f10650757d0d7a57ae1ef1d984,4b90afa4858e06c8bc2d70b1d9a9496ca10a8389cf0fdfb0459fe9b63865940b,d45dad0a2f814dfc6d3a0ae609c9c15529008405e1cef918d20438e7856d9e7b
8b49a924-1ca7-5439-922a-216abc614a59,ab7ff981-0dc4-5e3f-a18b-4a68933697ac,e3a71d3d-78f3-5868-96b9-66ba696d8348,3116c028-8ad0-5ec2-a1db-831d935cc221,2026-06-27,featherweight,1,2,oof_3,0.60682028532028198,985457ef7741e13ae4f99df6958c09cf7d253fdd35788220d5d9edf760acbc9b,223310cee0b1122e82ed150fb448cf3b287d16f10650757d0d7a57ae1ef1d984,4b90afa4858e06c8bc2d70b1d9a9496ca10a8389cf0fdfb0459fe9b63865940b,d45dad0a2f814dfc6d3a0ae609c9c15529008405e1cef918d20438e7856d9e7b
d7bc6e38-5b71-5dfb-8f26-b94c405655f6,ab7ff981-0dc4-5e3f-a18b-4a68933697ac,fb8050f0-02b5-50ec-b444-dc358add4edd,20829f27-3084-5b92-ad78-4c6193a5a967,2026-06-27,lightweight,1,2,oof_3,0.39152634143829346,985457ef7741e13ae4f99df6958c09cf7d253fdd35788220d5d9edf760acbc9b,223310cee0b1122e82ed150fb448cf3b287d16f10650757d0d7a57ae1ef1d984,4b90afa4858e06c8bc2d70b1d9a9496ca10a8389cf0fdfb0459fe9b63865940b,d45dad0a2f814dfc6d3a0ae609c9c15529008405e1cef918d20438e7856d9e7b
f96f9677-098c-50fa-9a1a-948ea032385f,ab7ff981-0dc4-5e3f-a18b-4a68933697ac,91790c5b-3bc9-5224-bbc4-d738eb19168a,ddfa7470-1c7a-5bf6-b9fb-f92f736a2713,2026-06-27,light_heavyweight,1,2,oof_3,0.79971486330032349,985457ef7741e13ae4f99df6958c09cf7d253fdd35788220d5d9edf760acbc9b,223310cee0b1122e82ed150fb448cf3b287d16f10650757d0d7a57ae1ef1d984,4b90afa4858e06c8bc2d70b1d9a9496ca10a8389cf0fdfb0459fe9b63865940b,d45dad0a2f814dfc6d3a0ae609c9c15529008405e1cef918d20438e7856d9e7b
fc6402b8-33b6-5ea2-a25b-df6333e4bea8,ab7ff981-0dc4-5e3f-a18b-4a68933697ac,888419b4-35f1-5832-b9ce-f00f995d8aa7,0f7d68b9-70e2-5b54-8358-e88b8c1d0ace,2026-06-27,middleweight,1,2,oof_3,0.56758415699005127,985457ef7741e13ae4f99df6958c09cf7d253fdd35788220d5d9edf760acbc9b,223310cee0b1122e82ed150fb448cf3b287d16f10650757d0d7a57ae1ef1d984,4b90afa4858e06c8bc2d70b1d9a9496ca10a8389cf0fdfb0459fe9b63865940b,d45dad0a2f814dfc6d3a0ae609c9c15529008405e1cef918d20438e7856d9e7b
feb62f56-3ba4-5c60-a331-1bf5650c7b79,ab7ff981-0dc4-5e3f-a18b-4a68933697ac,1f87152a-525e-5649-a907-b63c3e730e01,dfbd6bdc-90b4-51eb-ad7e-e21751088fa6,2026-06-27,welterweight,1,2,oof_3,0.57602971792221069,985457ef7741e13ae4f99df6958c09cf7d253fdd35788220d5d9edf760acbc9b,223310cee0b1122e82ed150fb448cf3b287d16f10650757d0d7a57ae1ef1d984,4b90afa4858e06c8bc2d70b1d9a9496ca10a8389cf0fdfb0459fe9b63865940b,d45dad0a2f814dfc6d3a0ae609c9c15529008405e1cef918d20438e7856d9e7b
9a2b3390-57bf-50e5-b906-39d8e3fddb07,25be6b85-905a-5d37-9def-590a06062f74,4f26f048-3410-5414-b08a-bce22b354040,e2afade8-c976-5168-872b-c43e98b80c7e,2026-07-11,middleweight,1,2,oof_4,0.73515808582305908,1068c87b2ef1ce5c935baa4cf197aa0c7d09b1019a9835ea49f67a3ba49ed08a,8ce16f6f578a66a0c65e4d5d0f021236f13bb8c4e1b0673993a764ee8fbefa15,4b8b00c1de42d5aef80fbd0fcd48ab901350a573091ec5a5dcebe3cb83161982,f60b5cd90969809b2ee2e5b597713f66d7dbbbff3f179062ad37763dfb4af7f4
ba54fb45-8d1d-5675-b9d3-d2a87066b188,25be6b85-905a-5d37-9def-590a06062f74,37d0f593-0c2f-525e-804b-72847f0fcf7c,660a25e8-4298-57e4-a9a9-02da929f4391,2026-07-11,lightweight,1,2,oof_4,0.41332322359085083,1068c87b2ef1ce5c935baa4cf197aa0c7d09b1019a9835ea49f67a3ba49ed08a,8ce16f6f578a66a0c65e4d5d0f021236f13bb8c4e1b0673993a764ee8fbefa15,4b8b00c1de42d5aef80fbd0fcd48ab901350a573091ec5a5dcebe3cb83161982,f60b5cd90969809b2ee2e5b597713f66d7dbbbff3f179062ad37763dfb4af7f4
d90581c9-6f11-58b0-9ca0-52f48173484f,25be6b85-905a-5d37-9def-590a06062f74,87e3b81e-fe88-5d3e-9818-f8cc19cf454e,20f62d5d-9c30-5d81-8948-d7a50b875cc5,2026-07-11,flyweight,1,2,oof_4,0.73339766263961792,1068c87b2ef1ce5c935baa4cf197aa0c7d09b1019a9835ea49f67a3ba49ed08a,8ce16f6f578a66a0c65e4d5d0f021236f13bb8c4e1b0673993a764ee8fbefa15,4b8b00c1de42d5aef80fbd0fcd48ab901350a573091ec5a5dcebe3cb83161982,f60b5cd90969809b2ee2e5b597713f66d7dbbbff3f179062ad37763dfb4af7f4
de962113-f0f4-5fe8-8dac-022c253ce3e3,25be6b85-905a-5d37-9def-590a06062f74,3d3f3ccd-6a55-5f04-8fab-13419acea9f9,834b92cd-f4b2-547f-a94d-2e9f65517daf,2026-07-11,bantamweight,1,2,oof_4,0.69851458072662354,1068c87b2ef1ce5c935baa4cf197aa0c7d09b1019a9835ea49f67a3ba49ed08a,8ce16f6f578a66a0c65e4d5d0f021236f13bb8c4e1b0673993a764ee8fbefa15,4b8b00c1de42d5aef80fbd0fcd48ab901350a573091ec5a5dcebe3cb83161982,f60b5cd90969809b2ee2e5b597713f66d7dbbbff3f179062ad37763dfb4af7f4
3a0a3020-48c9-583b-8665-c4881fbaba7f,5f24d9e2-0bc2-5607-a012-fa37c2478319,f4369173-d4d0-5a1a-b58f-64690f9837ec,a8a1ae2f-3de4-52d6-9291-051bafb4617a,2026-07-25,heavyweight,1,2,oof_4,0.67445558309555054,1068c87b2ef1ce5c935baa4cf197aa0c7d09b1019a9835ea49f67a3ba49ed08a,8ce16f6f578a66a0c65e4d5d0f021236f13bb8c4e1b0673993a764ee8fbefa15,4b8b00c1de42d5aef80fbd0fcd48ab901350a573091ec5a5dcebe3cb83161982,f60b5cd90969809b2ee2e5b597713f66d7dbbbff3f179062ad37763dfb4af7f4
611cc150-ebfd-5778-983a-cec432695a39,5f24d9e2-0bc2-5607-a012-fa37c2478319,4d435a5d-abe5-53d9-9916-bd357398ebe3,800efa8e-8ebc-5742-8c70-95ceaf4b6f2e,2026-07-25,light_heavyweight,0,2,oof_4,0.69723540544509888,1068c87b2ef1ce5c935baa4cf197aa0c7d09b1019a9835ea49f67a3ba49ed08a,8ce16f6f578a66a0c65e4d5d0f021236f13bb8c4e1b0673993a764ee8fbefa15,4b8b00c1de42d5aef80fbd0fcd48ab901350a573091ec5a5dcebe3cb83161982,f60b5cd90969809b2ee2e5b597713f66d7dbbbff3f179062ad37763dfb4af7f4
6746b513-a235-5ade-8edd-1e3578a90a90,5f24d9e2-0bc2-5607-a012-fa37c2478319,a5f597d7-2e2e-5cc8-94fc-e691e770cd68,60c2b48b-5cb4-5014-b4f3-1714427e1ac7,2026-07-25,welterweight,0,2,oof_4,0.34232375025749207,1068c87b2ef1ce5c935baa4cf197aa0c7d09b1019a9835ea49f67a3ba49ed08a,8ce16f6f578a66a0c65e4d5d0f021236f13bb8c4e1b0673993a764ee8fbefa15,4b8b00c1de42d5aef80fbd0fcd48ab901350a573091ec5a5dcebe3cb83161982,f60b5cd90969809b2ee2e5b597713f66d7dbbbff3f179062ad37763dfb4af7f4
6bf4c7fa-15de-5985-ad3c-7c09922a85e9,5f24d9e2-0bc2-5607-a012-fa37c2478319,ad2bebcf-8752-5190-9e25-4fe6a0ef7346,2d633fbd-197f-5f55-aa55-b46f67dd047a,2026-07-25,lightweight,1,2,oof_4,0.80939954519271851,1068c87b2ef1ce5c935baa4cf197aa0c7d09b1019a9835ea49f67a3ba49ed08a,8ce16f6f578a66a0c65e4d5d0f021236f13bb8c4e1b0673993a764ee8fbefa15,4b8b00c1de42d5aef80fbd0fcd48ab901350a573091ec5a5dcebe3cb83161982,f60b5cd90969809b2ee2e5b597713f66d7dbbbff3f179062ad37763dfb4af7f4
9562e80c-73bf-53ce-877d-ec398e16f412,5f24d9e2-0bc2-5607-a012-fa37c2478319,c7813622-1310-5b5a-be52-318bade2b4f6,5326c1c5-9c72-5d2a-8c63-046f175ea029,2026-07-25,bantamweight,0,2,oof_4,0.37027028203010559,1068c87b2ef1ce5c935baa4cf197aa0c7d09b1019a9835ea49f67a3ba49ed08a,8ce16f6f578a66a0c65e4d5d0f021236f13bb8c4e1b0673993a764ee8fbefa15,4b8b00c1de42d5aef80fbd0fcd48ab901350a573091ec5a5dcebe3cb83161982,f60b5cd90969809b2ee2e5b597713f66d7dbbbff3f179062ad37763dfb4af7f4
9b3cfe09-a833-5571-a5de-e8573411e331,5f24d9e2-0bc2-5607-a012-fa37c2478319,a1beb71c-84b5-5e65-9f5f-d9a3cbb50401,34fd6cc8-feca-5627-a537-40fa651af56d,2026-07-25,welterweight,1,2,oof_4,0.60301750898361206,1068c87b2ef1ce5c935baa4cf197aa0c7d09b1019a9835ea49f67a3ba49ed08a,8ce16f6f578a66a0c65e4d5d0f021236f13bb8c4e1b0673993a764ee8fbefa15,4b8b00c1de42d5aef80fbd0fcd48ab901350a573091ec5a5dcebe3cb83161982,f60b5cd90969809b2ee2e5b597713f66d7dbbbff3f179062ad37763dfb4af7f4
a2075153-5c2f-5643-ba42-d0571e1633a3,5f24d9e2-0bc2-5607-a012-fa37c2478319,bbdef6b6-d6fa-59b2-9c62-19c6a7ccd2da,d13c2a02-c873-55de-92b7-8f5ce040a5d1,2026-07-25,heavyweight,1,2,oof_4,0.67700552940368652,1068c87b2ef1ce5c935baa4cf197aa0c7d09b1019a9835ea49f67a3ba49ed08a,8ce16f6f578a66a0c65e4d5d0f021236f13bb8c4e1b0673993a764ee8fbefa15,4b8b00c1de42d5aef80fbd0fcd48ab901350a573091ec5a5dcebe3cb83161982,f60b5cd90969809b2ee2e5b597713f66d7dbbbff3f179062ad37763dfb4af7f4
a6be8ec7-2b31-5e17-9fce-e6bcc90c40ed,5f24d9e2-0bc2-5607-a012-fa37c2478319,2c21ae8d-d9ce-558f-bc6f-aca57fe93e62,dfbbc0ce-fcc6-51f5-aaa9-2a7263fe9fb2,2026-07-25,lightweight,0,2,oof_4,0.50939357280731201,1068c87b2ef1ce5c935baa4cf197aa0c7d09b1019a9835ea49f67a3ba49ed08a,8ce16f6f578a66a0c65e4d5d0f021236f13bb8c4e1b0673993a764ee8fbefa15,4b8b00c1de42d5aef80fbd0fcd48ab901350a573091ec5a5dcebe3cb83161982,f60b5cd90969809b2ee2e5b597713f66d7dbbbff3f179062ad37763dfb4af7f4
bc527e3c-15b0-5f9c-aadb-8e95df708bfc,5f24d9e2-0bc2-5607-a012-fa37c2478319,7ca82325-ad60-550d-a710-eaa28b75049c,9ead3761-1bde-5d83-8c2c-542e895e4c45,2026-07-25,lightweight,1,2,oof_4,0.5106964111328125,1068c87b2ef1ce5c935baa4cf197aa0c7d09b1019a9835ea49f67a3ba49ed08a,8ce16f6f578a66a0c65e4d5d0f021236f13bb8c4e1b0673993a764ee8fbefa15,4b8b00c1de42d5aef80fbd0fcd48ab901350a573091ec5a5dcebe3cb83161982,f60b5cd90969809b2ee2e5b597713f66d7dbbbff3f179062ad37763dfb4af7f4
bcff998e-c1b6-59a3-a5cf-0f88bb9ba56c,5f24d9e2-0bc2-5607-a012-fa37c2478319,46a3d6f3-12bb-5676-8ead-728fea9e9686,7f56a5e9-98e9-56ae-a348-fc47dd488d75,2026-07-25,flyweight,0,2,oof_4,0.64398753643035889,1068c87b2ef1ce5c935baa4cf197aa0c7d09b1019a9835ea49f67a3ba49ed08a,8ce16f6f578a66a0c65e4d5d0f021236f13bb8c4e1b0673993a764ee8fbefa15,4b8b00c1de42d5aef80fbd0fcd48ab901350a573091ec5a5dcebe3cb83161982,f60b5cd90969809b2ee2e5b597713f66d7dbbbff3f179062ad37763dfb4af7f4
c9472104-0bdd-5973-9e06-0c20180d3b3f,5f24d9e2-0bc2-5607-a012-fa37c2478319,0454123e-f791-584a-a3e4-ae0a92a215c1,ab7fcf35-6b00-5ea0-8afe-810d3ae1702a,2026-07-25,light_heavyweight,1,2,oof_4,0.80405867099761963,1068c87b2ef1ce5c935baa4cf197aa0c7d09b1019a9835ea49f67a3ba49ed08a,8ce16f6f578a66a0c65e4d5d0f021236f13bb8c4e1b0673993a764ee8fbefa15,4b8b00c1de42d5aef80fbd0fcd48ab901350a573091ec5a5dcebe3cb83161982,f60b5cd90969809b2ee2e5b597713f66d7dbbbff3f179062ad37763dfb4af7f4
e00fae80-c64a-58fe-abfc-71dbcab993c5,5f24d9e2-0bc2-5607-a012-fa37c2478319,ac751de1-50b9-5e09-8385-e8a3a5411c6b,235616f6-1064-53a5-b1cd-1f23fd0ad3b8,2026-07-25,light_heavyweight,1,2,oof_4,0.74122029542922974,1068c87b2ef1ce5c935baa4cf197aa0c7d09b1019a9835ea49f67a3ba49ed08a,8ce16f6f578a66a0c65e4d5d0f021236f13bb8c4e1b0673993a764ee8fbefa15,4b8b00c1de42d5aef80fbd0fcd48ab901350a573091ec5a5dcebe3cb83161982,f60b5cd90969809b2ee2e5b597713f66d7dbbbff3f179062ad37763dfb4af7f4
9db6e199-baa4-5632-a10c-4e1c20608d8c,48962122-b1ec-54f5-bbe1-ab316e445778,509c9337-d525-53bc-a27f-5cd6937d5795,58b45c20-1387-5078-a740-49d55cf8dc97,2026-08-15,catch_weight,1,2,oof_4,0.6151432991027832,1068c87b2ef1ce5c935baa4cf197aa0c7d09b1019a9835ea49f67a3ba49ed08a,8ce16f6f578a66a0c65e4d5d0f021236f13bb8c4e1b0673993a764ee8fbefa15,4b8b00c1de42d5aef80fbd0fcd48ab901350a573091ec5a5dcebe3cb83161982,f60b5cd90969809b2ee2e5b597713f66d7dbbbff3f179062ad37763dfb4af7f4
1dcf2969-e4df-5aec-9d6c-3ec1aa112f84,8a903865-2e28-542d-850c-eca381684233,af2442fa-bcfc-5b6a-a1a2-3b49ded8c011,d7b08d42-543a-5319-ac37-8ffdf0c9521b,2026-08-29,light_heavyweight,1,2,oof_4,0.88514351844787598,1068c87b2ef1ce5c935baa4cf197aa0c7d09b1019a9835ea49f67a3ba49ed08a,8ce16f6f578a66a0c65e4d5d0f021236f13bb8c4e1b0673993a764ee8fbefa15,4b8b00c1de42d5aef80fbd0fcd48ab901350a573091ec5a5dcebe3cb83161982,f60b5cd90969809b2ee2e5b597713f66d7dbbbff3f179062ad37763dfb4af7f4
23dc4a15-6b3f-52fc-a983-c60c3ad4e015,8a903865-2e28-542d-850c-eca381684233,ef7d88ce-5ae9-5fbd-ae5b-56bd38ad7f7c,48eed8e6-2fc1-5dea-9868-e55137f4b804,2026-08-29,flyweight,0,2,oof_4,0.5682227611541748,1068c87b2ef1ce5c935baa4cf197aa0c7d09b1019a9835ea49f67a3ba49ed08a,8ce16f6f578a66a0c65e4d5d0f021236f13bb8c4e1b0673993a764ee8fbefa15,4b8b00c1de42d5aef80fbd0fcd48ab901350a573091ec5a5dcebe3cb83161982,f60b5cd90969809b2ee2e5b597713f66d7dbbbff3f179062ad37763dfb4af7f4
3b2e586c-5158-582a-9413-d25eedc48eba,8a903865-2e28-542d-850c-eca381684233,782df58a-5e09-55d3-9b9d-79e59417c0ff,3c6d6ea4-aa07-51f8-8bca-5e26b3361158,2026-08-29,bantamweight,0,2,oof_4,0.5501481294631958,1068c87b2ef1ce5c935baa4cf197aa0c7d09b1019a9835ea49f67a3ba49ed08a,8ce16f6f578a66a0c65e4d5d0f021236f13bb8c4e1b0673993a764ee8fbefa15,4b8b00c1de42d5aef80fbd0fcd48ab901350a573091ec5a5dcebe3cb83161982,f60b5cd90969809b2ee2e5b597713f66d7dbbbff3f179062ad37763dfb4af7f4
3b750691-9265-51ba-ae4c-5074125d779c,8a903865-2e28-542d-850c-eca381684233,512eb102-1338-54b0-b79d-ee3fffc29997,82192e00-b948-5285-81f9-ec2bf478f8dc,2026-08-29,women_strawweight,0,2,oof_4,0.34630343317985535,1068c87b2ef1ce5c935baa4cf197aa0c7d09b1019a9835ea49f67a3ba49ed08a,8ce16f6f578a66a0c65e4d5d0f021236f13bb8c4e1b0673993a764ee8fbefa15,4b8b00c1de42d5aef80fbd0fcd48ab901350a573091ec5a5dcebe3cb83161982,f60b5cd90969809b2ee2e5b597713f66d7dbbbff3f179062ad37763dfb4af7f4
440adfa4-70d8-5fbd-b45b-874f91ce3af4,8a903865-2e28-542d-850c-eca381684233,7ac953df-a95c-553a-b283-10349ed85e1c,a8e4423e-7321-5a98-9ed7-a670eea28c02,2026-08-29,welterweight,0,2,oof_4,0.50780928134918213,1068c87b2ef1ce5c935baa4cf197aa0c7d09b1019a9835ea49f67a3ba49ed08a,8ce16f6f578a66a0c65e4d5d0f021236f13bb8c4e1b0673993a764ee8fbefa15,4b8b00c1de42d5aef80fbd0fcd48ab901350a573091ec5a5dcebe3cb83161982,f60b5cd90969809b2ee2e5b597713f66d7dbbbff3f179062ad37763dfb4af7f4
56dc21a6-f4d7-54a8-8edb-3d9746ad9dc0,8a903865-2e28-542d-850c-eca381684233,1edc05ae-8037-5261-a520-a539bd55c874,1a5cebbb-1840-5d66-8c6b-d6c6e60615c4,2026-08-29,flyweight,0,2,oof_4,0.59082692861557007,1068c87b2ef1ce5c935baa4cf197aa0c7d09b1019a9835ea49f67a3ba49ed08a,8ce16f6f578a66a0c65e4d5d0f021236f13bb8c4e1b0673993a764ee8fbefa15,4b8b00c1de42d5aef80fbd0fcd48ab901350a573091ec5a5dcebe3cb83161982,f60b5cd90969809b2ee2e5b597713f66d7dbbbff3f179062ad37763dfb4af7f4
580b60b2-b42b-54d6-9b13-b29fde95a56d,8a903865-2e28-542d-850c-eca381684233,190246d4-cb60-559f-a8b1-71ba19db7ca7,ecc9debb-d667-5bd4-af2f-a607ff52b6cd,2026-08-29,women_strawweight,0,2,oof_4,0.3441997766494751,1068c87b2ef1ce5c935baa4cf197aa0c7d09b1019a9835ea49f67a3ba49ed08a,8ce16f6f578a66a0c65e4d5d0f021236f13bb8c4e1b0673993a764ee8fbefa15,4b8b00c1de42d5aef80fbd0fcd48ab901350a573091ec5a5dcebe3cb83161982,f60b5cd90969809b2ee2e5b597713f66d7dbbbff3f179062ad37763dfb4af7f4
a5f964cd-c9c9-536f-8e75-3d827ab47432,8a903865-2e28-542d-850c-eca381684233,064e12d7-266b-5125-93ea-0be4d4b85f01,9be53d5b-572d-5beb-8556-3549ce16b1be,2026-08-29,flyweight,1,2,oof_4,0.56576704978942871,1068c87b2ef1ce5c935baa4cf197aa0c7d09b1019a9835ea49f67a3ba49ed08a,8ce16f6f578a66a0c65e4d5d0f021236f13bb8c4e1b0673993a764ee8fbefa15,4b8b00c1de42d5aef80fbd0fcd48ab901350a573091ec5a5dcebe3cb83161982,f60b5cd90969809b2ee2e5b597713f66d7dbbbff3f179062ad37763dfb4af7f4
b9e41cda-6c23-528f-8052-e85239b09dc5,8a903865-2e28-542d-850c-eca381684233,d744f21a-72cb-5577-b189-bc6c60227cc2,0d8702a4-3358-5995-bf49-41cfb5c811d4,2026-08-29,featherweight,0,2,oof_4,0.62234145402908325,1068c87b2ef1ce5c935baa4cf197aa0c7d09b1019a9835ea49f67a3ba49ed08a,8ce16f6f578a66a0c65e4d5d0f021236f13bb8c4e1b0673993a764ee8fbefa15,4b8b00c1de42d5aef80fbd0fcd48ab901350a573091ec5a5dcebe3cb83161982,f60b5cd90969809b2ee2e5b597713f66d7dbbbff3f179062ad37763dfb4af7f4
d5329668-203c-554a-969f-d914a9460337,8a903865-2e28-542d-850c-eca381684233,e2420550-4ba3-5124-8faf-3b8ff58712ef,45b42751-497a-574c-8ff9-3392312a6b86,2026-08-29,flyweight,1,2,oof_4,0.69236236810684204,1068c87b2ef1ce5c935baa4cf197aa0c7d09b1019a9835ea49f67a3ba49ed08a,8ce16f6f578a66a0c65e4d5d0f021236f13bb8c4e1b0673993a764ee8fbefa15,4b8b00c1de42d5aef80fbd0fcd48ab901350a573091ec5a5dcebe3cb83161982,f60b5cd90969809b2ee2e5b597713f66d7dbbbff3f179062ad37763dfb4af7f4
d54f0304-e630-581a-866b-86af34e512bc,8a903865-2e28-542d-850c-eca381684233,72552516-f565-5e58-b2da-cb89fb3d58fc,da93721d-6f69-5e44-bf09-2ce2a6043b0b,2026-08-29,bantamweight,0,2,oof_4,0.74874246120452881,1068c87b2ef1ce5c935baa4cf197aa0c7d09b1019a9835ea49f67a3ba49ed08a,8ce16f6f578a66a0c65e4d5d0f021236f13bb8c4e1b0673993a764ee8fbefa15,4b8b00c1de42d5aef80fbd0fcd48ab901350a573091ec5a5dcebe3cb83161982,f60b5cd90969809b2ee2e5b597713f66d7dbbbff3f179062ad37763dfb4af7f4
d859ce13-3d7c-5943-8f00-cd8274607449,8a903865-2e28-542d-850c-eca381684233,4558548e-3bc4-53d4-a71a-36c350e1e811,a7f92121-29e9-585b-b4e0-ae8c2921ca87,2026-08-29,bantamweight,0,2,oof_4,0.74090659618377686,1068c87b2ef1ce5c935baa4cf197aa0c7d09b1019a9835ea49f67a3ba49ed08a,8ce16f6f578a66a0c65e4d5d0f021236f13bb8c4e1b0673993a764ee8fbefa15,4b8b00c1de42d5aef80fbd0fcd48ab901350a573091ec5a5dcebe3cb83161982,f60b5cd90969809b2ee2e5b597713f66d7dbbbff3f179062ad37763dfb4af7f4
f94a0b82-8bef-52d1-9c4c-1992e26143c9,8a903865-2e28-542d-850c-eca381684233,1d8337b7-db23-5e06-9b8a-9990b721eeea,305c8448-6937-5d80-9738-9d8ee339e5ce,2026-08-29,bantamweight,0,2,oof_4,0.34075763821601868,1068c87b2ef1ce5c935baa4cf197aa0c7d09b1019a9835ea49f67a3ba49ed08a,8ce16f6f578a66a0c65e4d5d0f021236f13bb8c4e1b0673993a764ee8fbefa15,4b8b00c1de42d5aef80fbd0fcd48ab901350a573091ec5a5dcebe3cb83161982,f60b5cd90969809b2ee2e5b597713f66d7dbbbff3f179062ad37763dfb4af7f4
