event_id,event_url,event_name,event_date,event_status,fight_urls,discovered_at,last_seen_at
fe8adca7-2b52-59f0-b309-dc011736bc9c,http://www.ufcstats.com/event-details/13a0fb8fbdafb54f,UFC 294: Makhachev vs. Volkanovski 2,2023-10-21,completed,"http://www.ufcstats.com/fight-details/0ea435ddf02deb60, http://www.ufcstats.com/fight-details/f23e9729b2b73c27, http://www.ufcstats.com/fight-details/821960adf5bfa15c, http://www.ufcstats.com/fight-details/7024385b5107bd4b, http://www.ufcstats.com/fight-details/ed3334d108b257a6, http://www.ufcstats.com/fight-details/e9256316716499b8, http://www.ufcstats.com/fight-details/3c6fb6bf9b7afd40, http://www.ufcstats.com/fight-details/0d1af8c6a5793185, http://www.ufcstats.com/fight-details/43de9ff6064361e1, http://www.ufcstats.com/fight-details/75c5f923f966b53b, http://www.ufcstats.com/fight-details/b84c447bb74febe2, http://www.ufcstats.com/fight-details/18e5af00a8478a0e, http://www.ufcstats.com/fight-details/539732694ab2c8d6",2026-03-18T21:59:30Z,2026-08-08T18:42:46Z
210fb4a0-16c1-543c-bdbc-4284e8a0ac81,http://www.ufcstats.com/event-details/7c4ec656d8fcb867,UFC Fight Night: Almeida vs. Lewis,2023-11-04,completed,"http://www.ufcstats.com/fight-details/ac37849f627a79c4, http://www.ufcstats.com/fight-details/3a81276a9641c6a1, http://www.ufcstats.com/fight-details/119bc264e2bb9877, http://www.ufcstats.com/fight-details/7d474fbf31894108, http://www.ufcstats.com/fight-details/ff8f92cf8fb1b76c, http://www.ufcstats.com/fight-details/b5ea6535748edbce, http://www.ufcstats.com/fight-details/6532b71560ae39e0, http://www.ufcstats.com/fight-details/7df5998eca143c04, http://www.ufcstats.com/fight-details/9e2bb8d5961b44d4, http://www.ufcstats.com/fight-details/3c69bed42893da75",2026-03-18T21:59:32Z,2026-08-08T18:42:48Z
c0e6dde8-4bc4-5349-9a30-cc0c986f734d,http://www.ufcstats.com/event-details/5a558ba1ff5e9121,UFC 295: Prochazka vs. Pereira,2023-11-11,completed,"http://www.ufcstats.com/fight-details/b1f2ec122beda7a5, http://www.ufcstats.com/fight-details/db49619221b282af, http://www.ufcstats.com/fight-details/6fd67582d8adb1c7, http://www.ufcstats.com/fight-details/9fe98de1eac21f2e, http://www.ufcstats.com/fight-details/128ab9aa4802c73f, http://www.ufcstats.com/fight-details/5704e73f91b9e7f7, http://www.ufcstats.com/fight-details/a0362d60d2e1db0d, http://www.ufcstats.com/fight-details/480c4dbd2e792d86, http://www.ufcstats.com/fight-details/83a0fff04494bfc4, http://www.ufcstats.com/fight-details/4c025d1fff9e9fce, http://www.ufcstats.com/fight-details/57333b7bff20ece0, http://www.ufcstats.com/fight-details/8a0fc4624578a7e4, http://www.ufcstats.com/fight-details/1cf69de0eea46877",2026-03-18T21:59:33Z,2026-08-08T18:42:49Z
5368f3a1-cf20-5716-b503-1dcfbb75d557,http://www.ufcstats.com/event-details/3feed7d02711d8b7,UFC Fight Night: Allen vs. Craig,2023-11-18,completed,"http://www.ufcstats.com/fight-details/7990b6716a53b2cd, http://www.ufcstats.com/fight-details/73ebbfb998edc1f1, http://www.ufcstats.com/fight-details/5be63144ac46f97e, http://www.ufcstats.com/fight-details/2ae243f518948794, http://www.ufcstats.com/fight-details/bd4d2522cb0d1a23, http://www.ufcstats.com/fight-details/b210b99d9c1c9196, http://www.ufcstats.com/fight-details/62b64802ea49e2fd, http://www.ufcstats.com/fight-details/c1aef0f60a5b62e3, http://www.ufcstats.com/fight-details/16109688429c09de, http://www.ufcstats.com/fight-details/36f10b949b935b8c, http://www.ufcstats.com/fight-details/f0fe73e650b746f2, http://www.ufcstats.com/fight-details/6997693d552600dd, http://www.ufcstats.com/fight-details/6e5a3d6b6ed84ac3, http://www.ufcstats.com/fight-details/9abf0b60a44a82d1",2026-03-18T21:59:34Z,2026-08-08T18:42:50Z
5f8988d9-8ed8-5c5e-a387-a344cbb17330,http://www.ufcstats.com/event-details/53e4e21f4c688801,UFC Fight Night: Dariush vs. Tsarukyan,2023-12-02,completed,"http://www.ufcstats.com/fight-details/9feb9500b0fedfcd, http://www.ufcstats.com/fight-details/03eecf1926d9c77c, http://www.ufcstats.com/fight-details/246d06693b5ca1e8, http://www.ufcstats.com/fight-details/39c4ae4624052f9f, http://www.ufcstats.com/fight-details/20bfa549cb2cabe7, http://www.ufcstats.com/fight-details/02713b2d25f74d43, http://www.ufcstats.com/fight-details/626c82ed45fdcf59, http://www.ufcstats.com/fight-details/0320a6a967069571, http://www.ufcstats.com/fight-details/d0602cdc04d2c159, http://www.ufcstats.com/fight-details/0dc2fc8d39e226a3, http://www.ufcstats.com/fight-details/32813f5f46f045e8, http://www.ufcstats.com/fight-details/d0ac2cc5c57c4e66",2026-03-18T21:59:36Z,2026-08-08T18:42:52Z
3e154072-1f2f-5dbf-8d88-2774009cb2c8,http://www.ufcstats.com/event-details/5ef0088c1b19beeb,UFC Fight Night: Song vs. Gutierrez,2023-12-09,completed,"http://www.ufcstats.com/fight-details/f9ec8bedc15ece93, http://www.ufcstats.com/fight-details/91093a019d32af2e, http://www.ufcstats.com/fight-details/acc57a9c114b694a, http://www.ufcstats.com/fight-details/fbedeb4e4b019b94, http://www.ufcstats.com/fight-details/1afc4f372a125c74, http://www.ufcstats.com/fight-details/3adab28c5c6a9254, http://www.ufcstats.com/fight-details/35addc4646509286, http://www.ufcstats.com/fight-details/5ac1725f775c6f00, http://www.ufcstats.com/fight-details/5a6e894e4b6cc703, http://www.ufcstats.com/fight-details/84f6de7c99779e5f, http://www.ufcstats.com/fight-details/acde7c89bd724af8",2026-03-18T21:59:38Z,2026-08-08T18:42:53Z
634bc37b-dbe6-56c9-8c1a-fc486cb638c0,http://www.ufcstats.com/event-details/a8e8587a06e73c87,UFC 296: Edwards vs. Covington,2023-12-16,completed,"http://www.ufcstats.com/fight-details/3fa8ee3fdc04fe36, http://www.ufcstats.com/fight-details/4896b36f1333d25c, http://www.ufcstats.com/fight-details/1efc813ccd7a5aba, http://www.ufcstats.com/fight-details/ac8628d945a78b03, http://www.ufcstats.com/fight-details/3b21a9f48bac4a44, http://www.ufcstats.com/fight-details/521a0e016878d174, http://www.ufcstats.com/fight-details/609d994bfe440ec3, http://www.ufcstats.com/fight-details/f8a8871d167fc929, http://www.ufcstats.com/fight-details/c442899c21d58779, http://www.ufcstats.com/fight-details/4ec249e549309b16, http://www.ufcstats.com/fight-details/abb6e2169ba580d2, http://www.ufcstats.com/fight-details/fce6522f42b48f18",2026-03-18T21:59:39Z,2026-08-08T18:42:54Z
11f86058-c423-58ac-b00e-851a2716da2b,http://www.ufcstats.com/event-details/010986ee359fb863,UFC Fight Night: Ankalaev vs. Walker 2,2024-01-13,completed,"http://www.ufcstats.com/fight-details/f2b407019b2a5c15, http://www.ufcstats.com/fight-details/640f2ae3995b3b4f, http://www.ufcstats.com/fight-details/a8239866e1222eae, http://www.ufcstats.com/fight-details/d0d99889c6abd8e1, http://www.ufcstats.com/fight-details/6f13fe34cb3ca906, http://www.ufcstats.com/fight-details/5f622d812b8f407f, http://www.ufcstats.com/fight-details/03de7404decde12f, http://www.ufcstats.com/fight-details/477c3b9de012e4b3, http://www.ufcstats.com/fight-details/0494ebcee93e717b, http://www.ufcstats.com/fight-details/5344e76e26503716, http://www.ufcstats.com/fight-details/fd29123ff92789e4",2026-03-18T21:59:40Z,2026-08-08T18:42:55Z
0ad8a44b-37d2-5bbb-b18d-7e276dcf53ec,http://www.ufcstats.com/event-details/bd85ca0bb4f26cfc,UFC 297: Strickland vs. Du Plessis,2024-01-20,completed,"http://www.ufcstats.com/fight-details/14e53999507c76a7, http://www.ufcstats.com/fight-details/faf15b752fb8924c, http://www.ufcstats.com/fight-details/97817609ed46baa0, http://www.ufcstats.com/fight-details/ba5005d1116fa45f, http://www.ufcstats.com/fight-details/1a7cd191f0cf160c, http://www.ufcstats.com/fight-details/670e4754d8d3d172, http://www.ufcstats.com/fight-details/331ddc1141e934d1, http://www.ufcstats.com/fight-details/43d90683078fcee5, http://www.ufcstats.com/fight-details/dff2685afd98ed9e, http://www.ufcstats.com/fight-details/a10e2d5416972b9c, http://www.ufcstats.com/fight-details/7736eb6bd5c1ff4a, http://www.ufcstats.com/fight-details/ab105e5a56b5ee90",2026-03-18T21:59:41Z,2026-08-08T18:42:56Z
7e07a29d-5dcd-547c-ab2f-d4719918e8e5,http://www.ufcstats.com/event-details/cce79e827569f26e,UFC Fight Night: Dolidze vs. Imavov,2024-02-03,completed,"http://www.ufcstats.com/fight-details/767ceb4a0cb43ade, http://www.ufcstats.com/fight-details/733e675fd7c0052a, http://www.ufcstats.com/fight-details/af6d56860ba4d259, http://www.ufcstats.com/fight-details/7b1882dc76786d77, http://www.ufcstats.com/fight-details/415ea2520b7ba720, http://www.ufcstats.com/fight-details/330d86bfaa4155fe, http://www.ufcstats.com/fight-details/d4ace70b3661ee6c, http://www.ufcstats.com/fight-details/ca7d61e167d7789c, http://www.ufcstats.com/fight-details/4cff9aeef3ac75c1, http://www.ufcstats.com/fight-details/e1930496b33fa636, http://www.ufcstats.com/fight-details/c28d40498150de90, http://www.ufcstats.com/fight-details/e396c509fb47b037, http://www.ufcstats.com/fight-details/df9847839c73a678",2026-03-18T21:59:42Z,2026-08-08T18:42:58Z
34dba7b6-3419-549b-b4f8-e2475950f625,http://www.ufcstats.com/event-details/eaea0fc7b76525a8,UFC Fight Night: Hermansson vs. Pyfer,2024-02-10,completed,"http://www.ufcstats.com/fight-details/406f2aacd1d1faf9, http://www.ufcstats.com/fight-details/25259e230be9cdc9, http://www.ufcstats.com/fight-details/17050a7b673dc49d, http://www.ufcstats.com/fight-details/e7938bac3ec8b442, http://www.ufcstats.com/fight-details/5304956aada097e8, http://www.ufcstats.com/fight-details/9d8473ae274ed625, http://www.ufcstats.com/fight-details/246fef4b19c3a7ed, http://www.ufcstats.com/fight-details/edf46d6962be7e8d, http://www.ufcstats.com/fight-details/c3986c1a56a6e94d, http://www.ufcstats.com/fight-details/dbfd7616dec2b6d5, http://www.ufcstats.com/fight-details/08f7a60bd84a6b3c, http://www.ufcstats.com/fight-details/ad26bf55ff201f4f, http://www.ufcstats.com/fight-details/478a637045ad49fb, http://www.ufcstats.com/fight-details/6cd542650d886c22",2026-03-18T21:59:44Z,2026-08-08T18:42:59Z
f6e77920-d22a-573a-bf25-90e0fcd4a08d,http://www.ufcstats.com/event-details/dab0e6cb8c932162,UFC 298: Volkanovski vs. Topuria,2024-02-17,completed,"http://www.ufcstats.com/fight-details/bec3154a11df3299, http://www.ufcstats.com/fight-details/01432891260084a4, http://www.ufcstats.com/fight-details/8fb0092430448368, http://www.ufcstats.com/fight-details/9785420602b452f7, http://www.ufcstats.com/fight-details/f87a3fa07f0009c9, http://www.ufcstats.com/fight-details/2aeb3ec2d8c05dc8, http://www.ufcstats.com/fight-details/1456a3f96ac7e35b, http://www.ufcstats.com/fight-details/e92fb5c609e20b49, http://www.ufcstats.com/fight-details/aeb3e4d9710207a4, http://www.ufcstats.com/fight-details/ef13ed466e0b42d8, http://www.ufcstats.com/fight-details/9ddaa62cc806958d, http://www.ufcstats.com/fight-details/b7d238437d6644ce",2026-03-18T21:59:45Z,2026-08-08T18:43:00Z
fdefa4f0-31a3-55c1-904d-63ab38359f46,http://www.ufcstats.com/event-details/902ab9197b83d0db,UFC Fight Night: Moreno vs. Royval 2,2024-02-24,completed,"http://www.ufcstats.com/fight-details/74f5cbecac011abb, http://www.ufcstats.com/fight-details/3b05a4ced6dd74f5, http://www.ufcstats.com/fight-details/ecbece0cbd60029e, http://www.ufcstats.com/fight-details/6e4acb2aaa2cee56, http://www.ufcstats.com/fight-details/673a156925dfb31d, http://www.ufcstats.com/fight-details/063e7ce759c52f81, http://www.ufcstats.com/fight-details/d1d3b6ab8a56e973, http://www.ufcstats.com/fight-details/1c03c1bb62f3aed6, http://www.ufcstats.com/fight-details/a376f6d5806d0c90, http://www.ufcstats.com/fight-details/5e8c710f9f27aff8, http://www.ufcstats.com/fight-details/93ddc6b233d1956a, http://www.ufcstats.com/fight-details/50dae6b76c9c6490",2026-03-18T21:59:47Z,2026-08-08T18:43:01Z
352353c4-7bed-5910-a40e-aaa02697a219,http://www.ufcstats.com/event-details/e4a9dbade7c7e1a7,UFC Fight Night: Rozenstruik vs. Gaziev,2024-03-02,completed,"http://www.ufcstats.com/fight-details/838fd9d2b14e0790, http://www.ufcstats.com/fight-details/df3cc5ec78d05a71, http://www.ufcstats.com/fight-details/5a82757b553c40fc, http://www.ufcstats.com/fight-details/dcf5014e56649c2f, http://www.ufcstats.com/fight-details/024beecfd3f0ed7a, http://www.ufcstats.com/fight-details/32bd7ed48f5aea7e, http://www.ufcstats.com/fight-details/cde2f88251b73305, http://www.ufcstats.com/fight-details/a7d397cd0f2ac93a, http://www.ufcstats.com/fight-details/3ea7d69a1238f26a, http://www.ufcstats.com/fight-details/4e566db7d26df001, http://www.ufcstats.com/fight-details/ba8f219260e212f8",2026-03-18T21:59:48Z,2026-08-08T18:43:03Z
e78269a8-01ba-531d-9aec-d0680b2202c5,http://www.ufcstats.com/event-details/a6a9ab5a824e8f66,UFC 2: No Way Out,1994-03-11,completed,"http://www.ufcstats.com/fight-details/00835554f95fa911, http://www.ufcstats.com/fight-details/aa161c7159741766, http://www.ufcstats.com/fight-details/8fbdde20b712b8da, http://www.ufcstats.com/fight-details/5655639baecd8f6a, http://www.ufcstats.com/fight-details/c4aa04781989699e, http://www.ufcstats.com/fight-details/b72acedda7ddc006, http://www.ufcstats.com/fight-details/8ea72cf82fac07f6, http://www.ufcstats.com/fight-details/fcd8e8ec45eb6b9f, http://www.ufcstats.com/fight-details/c53325be8ce33b8b, http://www.ufcstats.com/fight-details/17ee4caf06981b81, http://www.ufcstats.com/fight-details/3b020d4914b44fc8, http://www.ufcstats.com/fight-details/d917c8c7461b9831, http://www.ufcstats.com/fight-details/ccee020be2e8d9f6, http://www.ufcstats.com/fight-details/4b9ae533ccb3fcdf, http://www.ufcstats.com/fight-details/4acab67848e78327",2026-03-18T21:59:50Z,2026-08-08T18:29:06Z
4ab08a23-aebc-54b4-962a-2f83a4e55798,http://www.ufcstats.com/event-details/a9df5ae20a97b090,UFC 299: O'Malley vs. Vera 2,2024-03-09,completed,"http://www.ufcstats.com/fight-details/894c44c3d04aaf6f, http://www.ufcstats.com/fight-details/6e73ebbd089aff5e, http://www.ufcstats.com/fight-details/270edfb687c0d20c, http://www.ufcstats.com/fight-details/68f7f992603192c6, http://www.ufcstats.com/fight-details/9861b6d04e6ed43c, http://www.ufcstats.com/fight-details/0133019a4f1055ee, http://www.ufcstats.com/fight-details/33658a3ca932d15d, http://www.ufcstats.com/fight-details/8baff440b82afd2b, http://www.ufcstats.com/fight-details/ebb758b49e82d0ed, http://www.ufcstats.com/fight-details/7bc7af11050e861b, http://www.ufcstats.com/fight-details/f0a9dfbb6f6ac852, http://www.ufcstats.com/fight-details/cbdf29f36b343f6f, http://www.ufcstats.com/fight-details/3d3dde60e3d59c1c, http://www.ufcstats.com/fight-details/3677ce6c1ee06a83",2026-03-30T10:46:00Z,2026-08-08T18:43:04Z
eec0efe8-dd42-586d-8746-932b3d83c48e,http://www.ufcstats.com/event-details/c398235fcaf8d71d,UFC Fight Night: Tuivasa vs. Tybura,2024-03-16,completed,"http://www.ufcstats.com/fight-details/8bc0c220f7dcefa7, http://www.ufcstats.com/fight-details/a7fd9da657bbce8e, http://www.ufcstats.com/fight-details/35f9beb94b4ef9e2, http://www.ufcstats.com/fight-details/acc7392d48cc09a0, http://www.ufcstats.com/fight-details/2f414494f2b6f426, http://www.ufcstats.com/fight-details/569e0ba18701c305, http://www.ufcstats.com/fight-details/4f20f3ada1489823, http://www.ufcstats.com/fight-details/711ec0545552455b, http://www.ufcstats.com/fight-details/451df53c13185584, http://www.ufcstats.com/fight-details/c26f27667c230391, http://www.ufcstats.com/fight-details/66873dde4077bd5d, http://www.ufcstats.com/fight-details/537b3cef39d2d573, http://www.ufcstats.com/fight-details/f1cbd73e7be64d28",2026-03-30T10:46:04Z,2026-08-08T18:43:05Z
4198aeef-89b4-5900-94da-ab14d83eb96d,http://www.ufcstats.com/event-details/9a70f67ad2187fa3,UFC Fight Night: Moicano vs. Duncan,2026-04-04,completed,"http://www.ufcstats.com/fight-details/d69bd8e53ec858dc, http://www.ufcstats.com/fight-details/721642e7de112e9e, http://www.ufcstats.com/fight-details/ad487d1c6141d90a, http://www.ufcstats.com/fight-details/fef80c98b2fba70c, http://www.ufcstats.com/fight-details/c27bec45d5a29a2c, http://www.ufcstats.com/fight-details/7924f10aac3543de, http://www.ufcstats.com/fight-details/0760bc02280574dd, http://www.ufcstats.com/fight-details/af2a9d47ca8115e4, http://www.ufcstats.com/fight-details/9c9c26679701b84d, http://www.ufcstats.com/fight-details/74bb036ef0493bf7, http://www.ufcstats.com/fight-details/e284a194fb4648a9, http://www.ufcstats.com/fight-details/caf13346cbcfdb03, http://www.ufcstats.com/fight-details/a5a749aa0061fdb4",2026-03-30T10:51:54Z,2026-08-08T18:44:32Z
aa7c03cc-8a0d-529c-afca-67b9d38e88da,http://www.ufcstats.com/event-details/48544433372ecfa6,UFC Freedom 250,2026-06-14,completed,"http://www.ufcstats.com/fight-details/7208e40818401e88, http://www.ufcstats.com/fight-details/5727d5be8c373346, http://www.ufcstats.com/fight-details/60de0423ae6ed097, http://www.ufcstats.com/fight-details/30cdb851f6c63444, http://www.ufcstats.com/fight-details/9a9b30b3165b62e4, http://www.ufcstats.com/fight-details/00e8d4b961a65d21, http://www.ufcstats.com/fight-details/127ba4a1ccb3d4a6",2026-03-30T10:52:12Z,2026-08-08T18:44:43Z
51164b6d-22a2-5767-ab6a-84c59abfecb7,http://www.ufcstats.com/event-details/ba17afef01ed78b6,UFC Fight Night: Muhammad vs. Bonfim,2026-06-06,completed,"http://www.ufcstats.com/fight-details/5c69b019e6deee41, http://www.ufcstats.com/fight-details/419fff06f338f5c6, http://www.ufcstats.com/fight-details/58ffa2dac4f2e7d0, http://www.ufcstats.com/fight-details/c47796e11a801e12, http://www.ufcstats.com/fight-details/bfe4950b3de83e9c, http://www.ufcstats.com/fight-details/5d2eedd05081ed23, http://www.ufcstats.com/fight-details/90940d93d6e0998f, http://www.ufcstats.com/fight-details/20d74ed23d3e9b3a, http://www.ufcstats.com/fight-details/98e77712f99956ff, http://www.ufcstats.com/fight-details/44cfbb8c3c356c65, http://www.ufcstats.com/fight-details/a6b211d8dab5edec, http://www.ufcstats.com/fight-details/b0474597b2c60482",2026-03-30T10:55:19Z,2026-08-08T18:44:42Z
3ea8968a-169f-5183-b28d-4fcfeed9959a,http://www.ufcstats.com/event-details/1e75e6c9de99fa76,UFC Fight Night: Song vs. Figueiredo,2026-05-30,completed,"http://www.ufcstats.com/fight-details/423f32dd018ac218, http://www.ufcstats.com/fight-details/a23d84f15207e459, http://www.ufcstats.com/fight-details/f74e4afdf6ae29d1, http://www.ufcstats.com/fight-details/00959e29e4a10e26, http://www.ufcstats.com/fight-details/c1c9dfd0c0952f18, http://www.ufcstats.com/fight-details/7e8749cbf32ef1f8, http://www.ufcstats.com/fight-details/f6d09973de0f83e7, http://www.ufcstats.com/fight-details/bc0b3c16246e0d1d, http://www.ufcstats.com/fight-details/3bc0190fb17ba42f, http://www.ufcstats.com/fight-details/224dce2c0b03e7eb, http://www.ufcstats.com/fight-details/3f719885c9916e06, http://www.ufcstats.com/fight-details/34d5ec676fb5bce3, http://www.ufcstats.com/fight-details/370ff29489150560",2026-03-30T10:55:20Z,2026-08-08T18:44:40Z
f1e5063b-1038-5cc4-a825-4bfdaea5e8df,http://www.ufcstats.com/event-details/73abb7a5c57fb443,UFC Fight Night: Allen vs. Costa,2026-05-16,completed,"http://www.ufcstats.com/fight-details/e4aa608124896794, http://www.ufcstats.com/fight-details/fc1266e2892ed111, http://www.ufcstats.com/fight-details/ecb7ff543dd41bf8, http://www.ufcstats.com/fight-details/57bd683efc797fc1, http://www.ufcstats.com/fight-details/a6ec8573a9d38c51, http://www.ufcstats.com/fight-details/ec32745308e2b055, http://www.ufcstats.com/fight-details/6242cda790f2085d, http://www.ufcstats.com/fight-details/c9e0aa88afb81dab, http://www.ufcstats.com/fight-details/5f7111b982bcf6e3, http://www.ufcstats.com/fight-details/48cb604345f11766, http://www.ufcstats.com/fight-details/b98ead4eff6bf872, http://www.ufcstats.com/fight-details/b482d4452e4d0eee, http://www.ufcstats.com/fight-details/39417b7d07c2fd83",2026-03-30T10:55:22Z,2026-08-08T18:44:39Z
8bf7444e-d9a6-5c22-94d2-76ca71b1080c,http://www.ufcstats.com/event-details/9eedac48b497de5a,UFC 328: Chimaev vs. Strickland,2026-05-09,completed,"http://www.ufcstats.com/fight-details/70f1621080b3435c, http://www.ufcstats.com/fight-details/c85b530861145935, http://www.ufcstats.com/fight-details/22ba4f1b0aafbf82, http://www.ufcstats.com/fight-details/845b8653f9cf839c, http://www.ufcstats.com/fight-details/1158a27a1a04b971, http://www.ufcstats.com/fight-details/770c5302e32916ea, http://www.ufcstats.com/fight-details/f88dc6e0c29cff1d, http://www.ufcstats.com/fight-details/ffcb47e17eebe6a6, http://www.ufcstats.com/fight-details/e50857173607d631, http://www.ufcstats.com/fight-details/9d35723a53749931, http://www.ufcstats.com/fight-details/303018d7459323b4, http://www.ufcstats.com/fight-details/1f5d0b106385b2ac, http://www.ufcstats.com/fight-details/e92d89cb2d69235e",2026-03-30T10:55:23Z,2026-08-08T18:44:38Z
dee0f510-51ac-5484-85c1-add420b2bf4b,http://www.ufcstats.com/event-details/872b018076f831b0,UFC Fight Night: Della Maddalena vs. Prates,2026-05-02,completed,"http://www.ufcstats.com/fight-details/eb6d9fef6c374830, http://www.ufcstats.com/fight-details/5c7c38dece435cde, http://www.ufcstats.com/fight-details/afec383a96893ec5, http://www.ufcstats.com/fight-details/cfc884a249141cba, http://www.ufcstats.com/fight-details/a564219e7a964aa6, http://www.ufcstats.com/fight-details/2afaa97901d5587c, http://www.ufcstats.com/fight-details/46181797eb543a0b, http://www.ufcstats.com/fight-details/1cb0711cd49dd95e, http://www.ufcstats.com/fight-details/edff38661bf2866b, http://www.ufcstats.com/fight-details/00bde62cac38e5e9, http://www.ufcstats.com/fight-details/827c64369b374989, http://www.ufcstats.com/fight-details/7ac4ae301ed699ab, http://www.ufcstats.com/fight-details/610a640a0cd81ce5",2026-03-30T10:55:24Z,2026-08-08T18:44:37Z
3fe99c83-f413-56b9-a413-13e789a197f5,http://www.ufcstats.com/event-details/e60d773a0a42048a,UFC Fight Night: Sterling vs. Zalal,2026-04-25,completed,"http://www.ufcstats.com/fight-details/f524e42c36028de0, http://www.ufcstats.com/fight-details/cb745968bd16bf56, http://www.ufcstats.com/fight-details/84951374e4cdc679, http://www.ufcstats.com/fight-details/f5aff2f858311fbc, http://www.ufcstats.com/fight-details/348de8e364ecf041, http://www.ufcstats.com/fight-details/7e551ddb1494a45f, http://www.ufcstats.com/fight-details/67f24cf244134661, http://www.ufcstats.com/fight-details/ef1cd6371a3f18e0, http://www.ufcstats.com/fight-details/dcfd594b68ff5ae1, http://www.ufcstats.com/fight-details/d421f3cd158fd055, http://www.ufcstats.com/fight-details/c7fb90f1355291e4, http://www.ufcstats.com/fight-details/2e7f8d0ad385876d, http://www.ufcstats.com/fight-details/0df4f4ac27cf2d26",2026-03-30T10:55:26Z,2026-08-08T18:44:35Z
f9fdb60d-f963-535d-a85d-6d782b6e17f4,http://www.ufcstats.com/event-details/c3ac8d0da7b05772,UFC Fight Night: Burns vs. Malott,2026-04-18,completed,"http://www.ufcstats.com/fight-details/32054bf2b36b0e47, http://www.ufcstats.com/fight-details/b5299e5b946015e5, http://www.ufcstats.com/fight-details/e644218737c1a778, http://www.ufcstats.com/fight-details/5a209522211d7530, http://www.ufcstats.com/fight-details/a661c0bee7c8d5af, http://www.ufcstats.com/fight-details/678440bd8274a18e, http://www.ufcstats.com/fight-details/9fab4b0ad082f670, http://www.ufcstats.com/fight-details/85c7a0f44aa3e10a, http://www.ufcstats.com/fight-details/bae4de7ef8c0769e, http://www.ufcstats.com/fight-details/0b6c13ab8ad7f82b, http://www.ufcstats.com/fight-details/552f7cdaf93e1055, http://www.ufcstats.com/fight-details/32087c183dffcae0",2026-03-30T10:55:27Z,2026-08-08T18:44:34Z
d5873187-f2ab-568a-a182-b2fa8bb65731,http://www.ufcstats.com/event-details/f3eb664db7fb1df3,UFC 327: Prochazka vs. Ulberg,2026-04-11,completed,"http://www.ufcstats.com/fight-details/a031f062b7ffefee, http://www.ufcstats.com/fight-details/aade9d76ac6c6aef, http://www.ufcstats.com/fight-details/903552edaba48f4a, http://www.ufcstats.com/fight-details/c4d060cff018979a, http://www.ufcstats.com/fight-details/60949f33201415ca, http://www.ufcstats.com/fight-details/10ab34056720b6b4, http://www.ufcstats.com/fight-details/b4e16fb13153efdc, http://www.ufcstats.com/fight-details/62b5ce408c150fa8, http://www.ufcstats.com/fight-details/f506977877074aa6, http://www.ufcstats.com/fight-details/81d20c833e9a76eb, http://www.ufcstats.com/fight-details/20868a67bea63129, http://www.ufcstats.com/fight-details/5b49c3d36907c6df",2026-03-30T10:55:28Z,2026-08-08T18:44:34Z
50c6878e-6f90-5277-9562-744ec12fa692,http://www.ufcstats.com/event-details/1a49e0670dfaca31,UFC 3: The American Dream,1994-09-09,completed,"http://www.ufcstats.com/fight-details/323f543eb8abdb36, http://www.ufcstats.com/fight-details/5167a5aec41f8b6d, http://www.ufcstats.com/fight-details/f65b000b7e450bcf, http://www.ufcstats.com/fight-details/ca837b002a318766, http://www.ufcstats.com/fight-details/56315d5ac11594a5, http://www.ufcstats.com/fight-details/8887948f0c097cd8",2026-03-30T10:55:29Z,2026-08-08T18:29:16Z
9f0a2833-4d74-5ed2-98b8-cdf5f651ae85,http://www.ufcstats.com/event-details/b60391da771deefe,UFC 4: Revenge of the Warriors,1994-12-16,completed,"http://www.ufcstats.com/fight-details/f29eec19aa5c1303, http://www.ufcstats.com/fight-details/e65a23b80c869456, http://www.ufcstats.com/fight-details/9c74c2758a2c7c2e, http://www.ufcstats.com/fight-details/040ecf01338dff9e, http://www.ufcstats.com/fight-details/7e7d7a488ea21f63, http://www.ufcstats.com/fight-details/ccccc0a22b05eac6, http://www.ufcstats.com/fight-details/0b71ada6c9209fc9, http://www.ufcstats.com/fight-details/8f8f47a728c3127e, http://www.ufcstats.com/fight-details/b80e6a799c95d499, http://www.ufcstats.com/fight-details/a1db4c917777aa79",2026-03-30T10:55:30Z,2026-08-08T18:29:17Z
4bf64fb9-b3f7-5385-9f26-0197602be093,http://www.ufcstats.com/event-details/dedc3bb440d09554,UFC 5: The Return of the Beast,1995-04-07,completed,"http://www.ufcstats.com/fight-details/6ca94b35719eb300, http://www.ufcstats.com/fight-details/db8df615610f3632, http://www.ufcstats.com/fight-details/cbf3fc8730b4ad09, http://www.ufcstats.com/fight-details/db4c169722cf1e33, http://www.ufcstats.com/fight-details/2308e0da38efd4ba, http://www.ufcstats.com/fight-details/ebfe035b70080668, http://www.ufcstats.com/fight-details/43c2c904e1574c59, http://www.ufcstats.com/fight-details/fa3b940bd48da7e2, http://www.ufcstats.com/fight-details/fa152ada833de1d4, http://www.ufcstats.com/fight-details/802c0e4e228996ac",2026-03-30T10:55:31Z,2026-08-08T18:29:18Z
d303da68-045c-5987-bf62-3a9f6223034a,http://www.ufcstats.com/event-details/1c3f5e85b59ec710,UFC 6: Clash of the Titans,1995-07-14,completed,"http://www.ufcstats.com/fight-details/66c029f49d3c5da6, http://www.ufcstats.com/fight-details/d62aec55bc142346, http://www.ufcstats.com/fight-details/3c2c7c095c79a506, http://www.ufcstats.com/fight-details/43f6b0c40113d0d8, http://www.ufcstats.com/fight-details/5d19fa2df1cb61a2, http://www.ufcstats.com/fight-details/e2b32e1683a566af, http://www.ufcstats.com/fight-details/547295977141cbc2, http://www.ufcstats.com/fight-details/88945d70ee6c6467, http://www.ufcstats.com/fight-details/8e03db41687d9132, http://www.ufcstats.com/fight-details/b297c3e938e1005e",2026-03-30T10:55:32Z,2026-08-08T18:29:19Z
b4860508-b353-5965-a30a-3cd1c783a35e,http://www.ufcstats.com/event-details/5af480a3b2e1726b,UFC 7: The Brawl in Buffalo,1995-09-08,completed,"http://www.ufcstats.com/fight-details/e7ca291dd8f5661b, http://www.ufcstats.com/fight-details/3932f8e9a74f3d11, http://www.ufcstats.com/fight-details/99d98a2d278bfa1f, http://www.ufcstats.com/fight-details/62bb4ea8bf86790c, http://www.ufcstats.com/fight-details/9ebb7bba0b45d517, http://www.ufcstats.com/fight-details/ef2ccb690dcd943f, http://www.ufcstats.com/fight-details/fcf632627ce40195, http://www.ufcstats.com/fight-details/869d753568a114a6, http://www.ufcstats.com/fight-details/e9ce3a28eeb83905, http://www.ufcstats.com/fight-details/e4fe950846b51bdf, http://www.ufcstats.com/fight-details/4b334c9727eee450",2026-03-30T10:55:34Z,2026-08-08T18:29:20Z
b5328742-96c5-52e9-8f7c-49d66df6ba40,http://www.ufcstats.com/event-details/31bbd46d57dfbcb7,UFC - Ultimate Ultimate '95,1995-12-16,completed,"http://www.ufcstats.com/fight-details/524b49a676498c6d, http://www.ufcstats.com/fight-details/717f3c3932279196, http://www.ufcstats.com/fight-details/0d872527bbb3cd40, http://www.ufcstats.com/fight-details/d45f9dfdb75a640f, http://www.ufcstats.com/fight-details/3e39aac3e15d75bd, http://www.ufcstats.com/fight-details/8cc976ee1a123fb8, http://www.ufcstats.com/fight-details/6b0430e9c97afec7, http://www.ufcstats.com/fight-details/7ffcc3a72e082ace, http://www.ufcstats.com/fight-details/6449a1a9a69a830c",2026-03-30T10:55:35Z,2026-08-08T18:29:22Z
ecac8d55-6a0e-5ec5-add9-ae2647306657,http://www.ufcstats.com/event-details/b63e800c18e011b5,UFC 8: David vs Goliath,1996-02-16,completed,"http://www.ufcstats.com/fight-details/8d2e99599124a16f, http://www.ufcstats.com/fight-details/16b4a0b06427f1ac, http://www.ufcstats.com/fight-details/f5156ca4dcd2a0e3, http://www.ufcstats.com/fight-details/90bce37a788afeaa, http://www.ufcstats.com/fight-details/8312985b75241b06, http://www.ufcstats.com/fight-details/ab7390e549e28893, http://www.ufcstats.com/fight-details/16cb0064575e2b0b, http://www.ufcstats.com/fight-details/3cf6583153078f8f, http://www.ufcstats.com/fight-details/5701dbbbfa4f8313",2026-03-30T10:55:35Z,2026-08-08T18:29:23Z
9c33e6cd-5a52-5fd7-97e1-cb9d930f82b8,http://www.ufcstats.com/event-details/a390eb8a9b2df298,UFC 9: Motor City Madness,1996-05-17,completed,"http://www.ufcstats.com/fight-details/6a060498e60756af, http://www.ufcstats.com/fight-details/db845f2e28c22b4c, http://www.ufcstats.com/fight-details/378ede9e541c82f9, http://www.ufcstats.com/fight-details/ca62a52ab0bd9108, http://www.ufcstats.com/fight-details/c89017008da245be, http://www.ufcstats.com/fight-details/31fc4d5d5d1a6126, http://www.ufcstats.com/fight-details/e92abaf81ad5949b",2026-03-30T10:55:37Z,2026-08-08T18:29:24Z
1a004590-2eb7-5157-a6f6-760941a6e842,http://www.ufcstats.com/event-details/aee8eecfc4bfb1e7,UFC 10: The Tournament,1996-07-12,completed,"http://www.ufcstats.com/fight-details/6397fba14ce7f674, http://www.ufcstats.com/fight-details/b71cb011942f3176, http://www.ufcstats.com/fight-details/ced000124f98f276, http://www.ufcstats.com/fight-details/bde5589889ded1c9, http://www.ufcstats.com/fight-details/ba65a2f56dc6a5ed, http://www.ufcstats.com/fight-details/e4acc3bb3c3e27d1, http://www.ufcstats.com/fight-details/de2ced807ed3eb0b, http://www.ufcstats.com/fight-details/f59b1215176636f6, http://www.ufcstats.com/fight-details/dc6a8ec4d6c477de",2026-03-30T10:55:38Z,2026-08-08T18:29:25Z
578cbea8-6b82-51dd-b7c5-86c5352b02fd,http://www.ufcstats.com/event-details/6ceff86fae4f6b3b,UFC 11: The Proving Ground,1996-09-20,completed,"http://www.ufcstats.com/fight-details/9f6a7aee1fce539a, http://www.ufcstats.com/fight-details/b633d9d9626239ec, http://www.ufcstats.com/fight-details/a5200c9bac3c420b, http://www.ufcstats.com/fight-details/398ff6015a5ba3b5, http://www.ufcstats.com/fight-details/7149494344c04258, http://www.ufcstats.com/fight-details/b03b58b04dafa93a, http://www.ufcstats.com/fight-details/3badedeb2c5533f4, http://www.ufcstats.com/fight-details/c413b0abc04358c3",2026-03-30T10:55:40Z,2026-08-08T18:29:26Z
0e82897d-6b87-5363-9a0b-415b6101275c,http://www.ufcstats.com/event-details/9b5b5a75523728f3,UFC - Ultimate Ultimate '96,1996-12-07,completed,"http://www.ufcstats.com/fight-details/d595d2c36ddba8ee, http://www.ufcstats.com/fight-details/c8ff8a72f3c5a825, http://www.ufcstats.com/fight-details/f716e27b04a6fbb5, http://www.ufcstats.com/fight-details/fa48320affd3b2b4, http://www.ufcstats.com/fight-details/14e48e29fefe1b3d, http://www.ufcstats.com/fight-details/f84070b049bc14e6, http://www.ufcstats.com/fight-details/9713ba5e92ee4f5d, http://www.ufcstats.com/fight-details/2f449bd58b3d9a99, http://www.ufcstats.com/fight-details/d93c8c77e1091a16, http://www.ufcstats.com/fight-details/a5c90086fb65f58e",2026-03-30T10:55:41Z,2026-08-08T18:29:28Z
84f52e0a-9bd6-5806-9fe5-ef6f8b4d2ccf,http://www.ufcstats.com/event-details/96eff1a628adcc7f,UFC 12: Judgement Day,1997-02-07,completed,"http://www.ufcstats.com/fight-details/3e813ba25895913d, http://www.ufcstats.com/fight-details/fa347a9ac9d0558c, http://www.ufcstats.com/fight-details/2963e9a4b8c10bc9, http://www.ufcstats.com/fight-details/b28809d58f8c18fd, http://www.ufcstats.com/fight-details/72e7d6d5328bc3d6, http://www.ufcstats.com/fight-details/e45feb9866eb2da7, http://www.ufcstats.com/fight-details/18af785da73b5996, http://www.ufcstats.com/fight-details/77bf1e37929b0d59, http://www.ufcstats.com/fight-details/565ecefd8a37ad7e",2026-03-30T10:55:42Z,2026-08-08T18:29:29Z
9ac4ea4b-3f04-539d-b434-277fcf985c55,http://www.ufcstats.com/event-details/5bd533d50c8e7b8a,UFC 13: The Ultimate Force,1997-05-30,completed,"http://www.ufcstats.com/fight-details/0e16795e385e76a7, http://www.ufcstats.com/fight-details/4165dd0c39926e2f, http://www.ufcstats.com/fight-details/86f566f142593667, http://www.ufcstats.com/fight-details/75d16f9eae9c6ea6, http://www.ufcstats.com/fight-details/e3255c742fff811c, http://www.ufcstats.com/fight-details/90557b479ce1c2a7, http://www.ufcstats.com/fight-details/45e49fe8d3d1bfb5, http://www.ufcstats.com/fight-details/0473ef44197be419, http://www.ufcstats.com/fight-details/f3c33d0b7a087eaf",2026-03-30T10:55:43Z,2026-08-08T18:29:31Z
f6d2dbd7-bf53-5edc-ad3e-a07da1014f14,http://www.ufcstats.com/event-details/dc950d59dc590aca,UFC 14: Showdown,1997-07-27,completed,"http://www.ufcstats.com/fight-details/1a5171802bf3bce6, http://www.ufcstats.com/fight-details/1f561a3e35a9b48a, http://www.ufcstats.com/fight-details/c92596c3143db25b, http://www.ufcstats.com/fight-details/3f6c0a76407e1863, http://www.ufcstats.com/fight-details/f44aa569b4eec404, http://www.ufcstats.com/fight-details/e0a11799d3446b87, http://www.ufcstats.com/fight-details/6158150558be0edf, http://www.ufcstats.com/fight-details/f373e50e2fab3d5f, http://www.ufcstats.com/fight-details/1586c14f26880553",2026-03-30T10:55:44Z,2026-08-08T18:29:32Z
ace642e8-573c-57d3-bb44-3574a6871ce2,http://www.ufcstats.com/event-details/07a18ae55dfc3cd9,UFC 15: Collision Course,1997-10-17,completed,"http://www.ufcstats.com/fight-details/b3cafb4e6e1b2ad0, http://www.ufcstats.com/fight-details/1c1f8f281b2065e0, http://www.ufcstats.com/fight-details/b5e49b35bc25c5a9, http://www.ufcstats.com/fight-details/3bd789bcfb12368d, http://www.ufcstats.com/fight-details/6603f1d60bfeefa9, http://www.ufcstats.com/fight-details/da77ead135cb4f17, http://www.ufcstats.com/fight-details/c99e302777049f2d",2026-03-30T10:55:45Z,2026-08-08T18:29:33Z
fe881b94-92d3-5dbe-97e7-28014b17202d,http://www.ufcstats.com/event-details/29f935654825331b,UFC - Ultimate Japan,1997-12-21,completed,"http://www.ufcstats.com/fight-details/748657d9ba9d7c71, http://www.ufcstats.com/fight-details/ec1bda9a4c2aab42, http://www.ufcstats.com/fight-details/5c3542260741c6bc, http://www.ufcstats.com/fight-details/e0c636beed345e1d, http://www.ufcstats.com/fight-details/2750ac5854e8b28b, http://www.ufcstats.com/fight-details/764e492b55c0ec40, http://www.ufcstats.com/fight-details/0e0629a1503125a6",2026-03-30T10:55:46Z,2026-08-08T18:29:34Z
52ba42ca-1f6e-5a71-9398-5802a5f122cf,http://www.ufcstats.com/event-details/749685d24e2cac50,UFC 16: Battle in the Bayou,1998-03-13,completed,"http://www.ufcstats.com/fight-details/f32f823658478705, http://www.ufcstats.com/fight-details/b55481006297ba05, http://www.ufcstats.com/fight-details/16f25f0808db6f77, http://www.ufcstats.com/fight-details/db936df21e61209e, http://www.ufcstats.com/fight-details/43885ee6cc5ed241, http://www.ufcstats.com/fight-details/a3a328ca117184df, http://www.ufcstats.com/fight-details/4bce0ce561a65288, http://www.ufcstats.com/fight-details/b80872821bc4f6ba",2026-03-30T10:55:48Z,2026-08-08T18:29:35Z
5a5bbd54-47c3-5adc-92b4-9ccb6b4d8027,http://www.ufcstats.com/event-details/4a01dc8376736ef5,UFC 17: Redemption,1998-05-15,completed,"http://www.ufcstats.com/fight-details/1d3c1dedfba6eddc, http://www.ufcstats.com/fight-details/a4d8e991ec42b048, http://www.ufcstats.com/fight-details/17526cb9fb6072ef, http://www.ufcstats.com/fight-details/1e14e79a477f2357, http://www.ufcstats.com/fight-details/74dcccd3d2f487a1, http://www.ufcstats.com/fight-details/8d83354075a937f2, http://www.ufcstats.com/fight-details/21aa163b80e504f9, http://www.ufcstats.com/fight-details/8b258bbb37f74a66, http://www.ufcstats.com/fight-details/ea535b46e0f69ad3",2026-03-30T10:55:49Z,2026-08-08T18:29:37Z
84bde30e-8fdb-5bcc-b645-708064b6aaff,http://www.ufcstats.com/event-details/32a3025d5db456ae,UFC - Ultimate Brazil,1998-10-16,completed,"http://www.ufcstats.com/fight-details/c8a04210d832a928, http://www.ufcstats.com/fight-details/3261bd16c10e3014, http://www.ufcstats.com/fight-details/f85bbc760000f001, http://www.ufcstats.com/fight-details/07423d10cc23bfeb, http://www.ufcstats.com/fight-details/dbdad3eb157703bc, http://www.ufcstats.com/fight-details/b6de61e312dbb1db, http://www.ufcstats.com/fight-details/35b871e0bdc1415b, http://www.ufcstats.com/fight-details/635fbf57001897c7",2026-03-30T10:55:50Z,2026-08-08T18:29:38Z
82603eef-b898-5930-a1d0-e6cf8cb1a22b,http://www.ufcstats.com/event-details/c9bbf1a0285a8076,UFC 18: The Road to the Heavyweight Title,1999-01-08,completed,"http://www.ufcstats.com/fight-details/3fc4d9f17be8d003, http://www.ufcstats.com/fight-details/453118d7f05be814, http://www.ufcstats.com/fight-details/86090172facd6cf7, http://www.ufcstats.com/fight-details/6c15d41df17349c9, http://www.ufcstats.com/fight-details/48fccedc8889a473, http://www.ufcstats.com/fight-details/fb8e8d1a734b6fe8, http://www.ufcstats.com/fight-details/0cf7636471fc5e45",2026-03-30T10:55:51Z,2026-08-08T18:29:39Z
0528b8d0-dda5-5787-a77c-cb98d3698517,http://www.ufcstats.com/event-details/a220be6d41d6f97d,UFC 19: Ultimate Young Guns,1999-03-05,completed,"http://www.ufcstats.com/fight-details/c03d0d781df4ad2a, http://www.ufcstats.com/fight-details/28f31c3fd7afe737, http://www.ufcstats.com/fight-details/b26c2f616c9436fb, http://www.ufcstats.com/fight-details/997753de17f81e3a, http://www.ufcstats.com/fight-details/25215e8c06d7d63f, http://www.ufcstats.com/fight-details/9a38c18f00bb8b8e, http://www.ufcstats.com/fight-details/03afd7b6a217aaac",2026-03-30T10:55:53Z,2026-08-08T18:29:40Z
5aa51521-5c59-5dfa-9596-d3229f2be724,http://www.ufcstats.com/event-details/a7b48e18ca27795d,UFC 20: Battle for the Gold,1999-05-07,completed,"http://www.ufcstats.com/fight-details/73c07530f667289f, http://www.ufcstats.com/fight-details/99b5010fd25911af, http://www.ufcstats.com/fight-details/a3fe8217502c42a4, http://www.ufcstats.com/fight-details/c892b23ad8f2208b, http://www.ufcstats.com/fight-details/6bb2a427004deecc, http://www.ufcstats.com/fight-details/3a271d9d9210a818, http://www.ufcstats.com/fight-details/79f9086932f21016",2026-03-30T10:55:54Z,2026-08-08T18:29:41Z
15e5c50d-31c2-5d04-9a21-77029c2dbbf5,http://www.ufcstats.com/event-details/1a1a4d7a29041d77,UFC 21: Return of the Champions,1999-07-16,completed,"http://www.ufcstats.com/fight-details/62ac5bff3c181f50, http://www.ufcstats.com/fight-details/df8d4014d8206ab1, http://www.ufcstats.com/fight-details/38e3986b7cfff608, http://www.ufcstats.com/fight-details/82cf32aea3d7edf3, http://www.ufcstats.com/fight-details/3e4199f9a69bac88, http://www.ufcstats.com/fight-details/693e4a0bed9a1369, http://www.ufcstats.com/fight-details/c6f8541973f69080, http://www.ufcstats.com/fight-details/1db8bed8b4d30fb3",2026-03-30T10:55:55Z,2026-08-08T18:29:43Z
68392b5b-b3a6-5d95-811c-bc49c6e50c3b,http://www.ufcstats.com/event-details/afaad7d6a581e307,UFC 22: Only One Can be Champion,1999-09-24,completed,"http://www.ufcstats.com/fight-details/b1134affa18449dd, http://www.ufcstats.com/fight-details/96c247ba0eb1ac65, http://www.ufcstats.com/fight-details/eebf672428b168b7, http://www.ufcstats.com/fight-details/c57acf13de48330a, http://www.ufcstats.com/fight-details/c6ead49500c047e5, http://www.ufcstats.com/fight-details/d9e86958bcb15c26, http://www.ufcstats.com/fight-details/968cd768ac41e6ee, http://www.ufcstats.com/fight-details/a1c1e3c1e9c6cf1e",2026-03-30T10:55:57Z,2026-08-08T18:29:44Z
1f97d467-1503-5ec2-aaf8-2fe1668d8be7,http://www.ufcstats.com/event-details/a8fa0c4e95512806,UFC 23: Ultimate Japan 2,1999-11-19,completed,"http://www.ufcstats.com/fight-details/2ab41c5519d0b1b9, http://www.ufcstats.com/fight-details/c22545a5881459ac, http://www.ufcstats.com/fight-details/9c7830c91fad60d8, http://www.ufcstats.com/fight-details/2cd6330ef18210b9, http://www.ufcstats.com/fight-details/36c929fb1569d4b9, http://www.ufcstats.com/fight-details/a4e592c874e8233f, http://www.ufcstats.com/fight-details/ee1950e871aa5cc2",2026-03-30T10:55:58Z,2026-08-08T18:29:45Z
79615afb-6199-5ab9-82b2-89656671f9de,http://www.ufcstats.com/event-details/20ec0061400178ca,UFC 24: First Defense,2000-03-10,completed,"http://www.ufcstats.com/fight-details/9f2b94c46b70c6fb, http://www.ufcstats.com/fight-details/17be6e24dafd31e0, http://www.ufcstats.com/fight-details/aca2f98ee112d137, http://www.ufcstats.com/fight-details/22911cbd32370f6c, http://www.ufcstats.com/fight-details/cf85523b0d442d35, http://www.ufcstats.com/fight-details/81b0c08f7503e79a, http://www.ufcstats.com/fight-details/77f9b97f62f373b0",2026-03-30T10:55:59Z,2026-08-08T18:29:46Z
1ff77084-1422-55ba-9e1b-7d95b20b298c,http://www.ufcstats.com/event-details/d2b1c1317a39f6c6,UFC 25: Ultimate Japan 3,2000-04-14,completed,"http://www.ufcstats.com/fight-details/0adfdf8f563be462, http://www.ufcstats.com/fight-details/b675fb8f413b59e4, http://www.ufcstats.com/fight-details/ba8b1ed5b05a719a, http://www.ufcstats.com/fight-details/f6066d192a16f5ff, http://www.ufcstats.com/fight-details/9397493152c0669a, http://www.ufcstats.com/fight-details/cf8fe599f0b44fd5",2026-03-30T10:56:01Z,2026-08-08T18:29:47Z
e34f3ecf-80f3-5bbd-8d14-e191986abb56,http://www.ufcstats.com/event-details/cedfdf8d423d500c,UFC 26: Ultimate Field Of Dreams,2000-06-09,completed,"http://www.ufcstats.com/fight-details/cef1b43c77e02635, http://www.ufcstats.com/fight-details/60e5b2c1bdaa203e, http://www.ufcstats.com/fight-details/f0b2020d11a0cf94, http://www.ufcstats.com/fight-details/a0dfc397caef4afe, http://www.ufcstats.com/fight-details/d84f88ac792e8c53, http://www.ufcstats.com/fight-details/8452f6d5a1450cfb, http://www.ufcstats.com/fight-details/7edac7a0a2f72f28, http://www.ufcstats.com/fight-details/85f28a8276a141b6",2026-03-30T10:56:02Z,2026-08-08T18:29:48Z
333bc601-cda5-5fea-8fb6-85cf4b0111c2,http://www.ufcstats.com/event-details/31652c9267606d54,UFC 27: Ultimate Bad Boyz,2000-09-22,completed,"http://www.ufcstats.com/fight-details/794ec0a93eca0492, http://www.ufcstats.com/fight-details/c5bec85a32462995, http://www.ufcstats.com/fight-details/3ef7c2b26af8cf22, http://www.ufcstats.com/fight-details/0bec32c32da199ed, http://www.ufcstats.com/fight-details/8a9a37d68cc428d6, http://www.ufcstats.com/fight-details/ae54f944d1ba378f, http://www.ufcstats.com/fight-details/075dee476361e83e, http://www.ufcstats.com/fight-details/c078544a32e18ba3",2026-03-30T10:56:04Z,2026-08-08T18:29:50Z
df4c663c-8083-521a-bce4-47c88ac703bb,http://www.ufcstats.com/event-details/da6dfd09cca1d705,UFC 28: High Stakes,2000-11-17,completed,"http://www.ufcstats.com/fight-details/10cca6f437922b6c, http://www.ufcstats.com/fight-details/40d31c37e00d6d0b, http://www.ufcstats.com/fight-details/e4df2b73dff57d3a, http://www.ufcstats.com/fight-details/91cef206019c119e, http://www.ufcstats.com/fight-details/be8e34d585be9dc7, http://www.ufcstats.com/fight-details/b85ce7371fb18305, http://www.ufcstats.com/fight-details/4aef975838bc19ec",2026-03-30T10:56:05Z,2026-08-08T18:29:51Z
21270baa-ea05-527a-b17b-14ffb447587f,http://www.ufcstats.com/event-details/08ae5cd9aef7ddd3,UFC 29: Defense of the Belts,2000-12-16,completed,"http://www.ufcstats.com/fight-details/2783ccf179321171, http://www.ufcstats.com/fight-details/53a736ebc356cc4a, http://www.ufcstats.com/fight-details/c39728802a8409ee, http://www.ufcstats.com/fight-details/5a4f6ff454b1eeb8, http://www.ufcstats.com/fight-details/019eca4a900ed793, http://www.ufcstats.com/fight-details/3c49bf20e4442a81, http://www.ufcstats.com/fight-details/9ea4087371f7a892",2026-03-30T10:56:06Z,2026-08-08T18:29:52Z
80a33f31-f96a-54c1-92ac-8897325668fa,http://www.ufcstats.com/event-details/2b1587a3376ab743,UFC 30: Battle on the Boardwalk,2001-02-23,completed,"http://www.ufcstats.com/fight-details/f8820294bbe01486, http://www.ufcstats.com/fight-details/a38ec65ac140fcf8, http://www.ufcstats.com/fight-details/74d0da1f9df17b9e, http://www.ufcstats.com/fight-details/4a1f37200bc69376, http://www.ufcstats.com/fight-details/75a401066ad784f6, http://www.ufcstats.com/fight-details/651da45cc83ce011, http://www.ufcstats.com/fight-details/a949b05c64e43131, http://www.ufcstats.com/fight-details/bfb468c3427faa50",2026-03-30T10:56:07Z,2026-08-08T18:29:53Z
17b19911-1480-52b4-89e2-b4cc1363bf25,http://www.ufcstats.com/event-details/20bd6c3e03c46ee6,UFC 31: Locked and Loaded,2001-05-04,completed,"http://www.ufcstats.com/fight-details/6f62436ae042009b, http://www.ufcstats.com/fight-details/34ab72077963ee74, http://www.ufcstats.com/fight-details/c0be83e56601e7ce, http://www.ufcstats.com/fight-details/0434a68809885ea1, http://www.ufcstats.com/fight-details/7a018ddd9239e45f, http://www.ufcstats.com/fight-details/ef99fb08c6b06963, http://www.ufcstats.com/fight-details/97a4b37cee48ea0b, http://www.ufcstats.com/fight-details/49693a06fc1d8906",2026-03-30T10:56:08Z,2026-08-08T18:29:55Z
0287fe91-e1cd-5210-b64f-b9c6c1265fad,http://www.ufcstats.com/event-details/7b9aa973e5c04624,UFC 32: Showdown in the Meadowlands,2001-06-29,completed,"http://www.ufcstats.com/fight-details/40dbe22895f98978, http://www.ufcstats.com/fight-details/5e80048e6a5681b8, http://www.ufcstats.com/fight-details/09da511e611b4eb1, http://www.ufcstats.com/fight-details/b7419e18d9461277, http://www.ufcstats.com/fight-details/6314e63003745e80, http://www.ufcstats.com/fight-details/6afdefcb6728467e, http://www.ufcstats.com/fight-details/c9d2abc25651a1a7, http://www.ufcstats.com/fight-details/085d6ea4d12917a2",2026-03-30T10:56:09Z,2026-08-08T18:29:56Z
531dbad9-f938-5ace-b58c-d583771100eb,http://www.ufcstats.com/event-details/c75b99887c8c3f5a,UFC 33: Victory in Vegas,2001-09-28,completed,"http://www.ufcstats.com/fight-details/ea64af61ed03453f, http://www.ufcstats.com/fight-details/970c2beda72908c6, http://www.ufcstats.com/fight-details/a6a4be467d12ea5c, http://www.ufcstats.com/fight-details/3b63f4fb24694d74, http://www.ufcstats.com/fight-details/37cb7ce0f0b70640, http://www.ufcstats.com/fight-details/2e2b70a5294012bd, http://www.ufcstats.com/fight-details/fb1fe28a5d97db51, http://www.ufcstats.com/fight-details/9cd5a54a285653c2",2026-03-30T10:56:10Z,2026-08-08T18:29:57Z
14591575-fb54-52a5-8baa-483bec594090,http://www.ufcstats.com/event-details/4dc496aa0cfc0d95,UFC 34: High Voltage,2001-11-02,completed,"http://www.ufcstats.com/fight-details/bce4808806f88c99, http://www.ufcstats.com/fight-details/7c76b3c48a5583df, http://www.ufcstats.com/fight-details/57f4aac17f067c11, http://www.ufcstats.com/fight-details/f20bd0b549e1a97d, http://www.ufcstats.com/fight-details/c3b2a72cc291db4e, http://www.ufcstats.com/fight-details/7ea81958dfb80d70, http://www.ufcstats.com/fight-details/e4628e64a2ef7100, http://www.ufcstats.com/fight-details/586635087cdfbbcc",2026-03-30T10:56:12Z,2026-08-08T18:29:58Z
6e178527-0dd1-5ce3-bb45-d70b6f498d0d,http://www.ufcstats.com/event-details/946f341df6472ee0,UFC 35: Throwdown,2002-01-11,completed,"http://www.ufcstats.com/fight-details/e1bc211f43378ee7, http://www.ufcstats.com/fight-details/0ff019f37961b954, http://www.ufcstats.com/fight-details/cfa9bc77c803956e, http://www.ufcstats.com/fight-details/0fe4e788b16c03cd, http://www.ufcstats.com/fight-details/17ba2950b7f6d64a, http://www.ufcstats.com/fight-details/f67fa758cc79cd65, http://www.ufcstats.com/fight-details/8762b96aaefb03af, http://www.ufcstats.com/fight-details/1f299942446461e9",2026-03-30T10:56:13Z,2026-08-08T18:29:59Z
f71736df-db90-5e76-b173-ddc9fe9d77ee,http://www.ufcstats.com/event-details/02fc8f50f56eb307,UFC 36: Worlds Collide,2002-03-22,completed,"http://www.ufcstats.com/fight-details/38dbb6f2e1456acd, http://www.ufcstats.com/fight-details/efc865fce64b5848, http://www.ufcstats.com/fight-details/e7833d5728f3ebef, http://www.ufcstats.com/fight-details/3c2ac653409cf5f2, http://www.ufcstats.com/fight-details/1c0f5152b0bbef05, http://www.ufcstats.com/fight-details/7468f870b08aaccc, http://www.ufcstats.com/fight-details/ef83377d584ec055, http://www.ufcstats.com/fight-details/87f39e0d82349c3b",2026-03-30T10:56:14Z,2026-08-08T18:30:00Z
fe61af8a-dbfc-547c-a121-4a1be0e1b763,http://www.ufcstats.com/event-details/9fd1f08dd4aec14a,UFC 37: High Impact,2002-05-10,completed,"http://www.ufcstats.com/fight-details/188537d906b30a7c, http://www.ufcstats.com/fight-details/18273af728dda0c8, http://www.ufcstats.com/fight-details/92de601366ced6dc, http://www.ufcstats.com/fight-details/56812137775844c8, http://www.ufcstats.com/fight-details/1228c4297882e8ba, http://www.ufcstats.com/fight-details/b82abffcf66db401, http://www.ufcstats.com/fight-details/fe60fd0ee67902dc, http://www.ufcstats.com/fight-details/5550e3d9ff8b965c",2026-03-30T10:56:16Z,2026-08-08T18:30:01Z
bdc795b4-8fab-52f7-b6c4-ab88a8054607,http://www.ufcstats.com/event-details/9ccdd2ce45903f34,UFC 37.5: As Real As It Gets,2002-06-22,completed,"http://www.ufcstats.com/fight-details/2d1c4027b8e50a0d, http://www.ufcstats.com/fight-details/255da7afa89eb0e5, http://www.ufcstats.com/fight-details/3c27780140809908, http://www.ufcstats.com/fight-details/37ae54e5a84fd646, http://www.ufcstats.com/fight-details/0e30b22cd0987640, http://www.ufcstats.com/fight-details/5637c7b3e4131941",2026-03-30T10:56:17Z,2026-08-08T18:30:03Z
b4a2db5e-b6c8-55ab-966b-e47d781dab18,http://www.ufcstats.com/event-details/1dc56b59cb28425d,UFC 38: Brawl at the Hall,2002-07-13,completed,"http://www.ufcstats.com/fight-details/0f6dd5d9a96ceb9d, http://www.ufcstats.com/fight-details/2a2f50039ac636d0, http://www.ufcstats.com/fight-details/38d8b19a1ef5942a, http://www.ufcstats.com/fight-details/fb93d1cafcc6b455, http://www.ufcstats.com/fight-details/90b36806779330b9, http://www.ufcstats.com/fight-details/1531cb3152157ada, http://www.ufcstats.com/fight-details/b5c4fbd6e1d94594",2026-03-30T10:56:19Z,2026-08-08T18:30:04Z
0c937b0d-1557-5c96-9270-3c6b4e047b91,http://www.ufcstats.com/event-details/0cf935519d439ba6,UFC 39: The Warriors Return,2002-09-27,completed,"http://www.ufcstats.com/fight-details/e06ff3d3f1c0ab69, http://www.ufcstats.com/fight-details/ffe4379d6bd1e82b, http://www.ufcstats.com/fight-details/b0ed7f6450ad33c5, http://www.ufcstats.com/fight-details/826b03504b9bad4e, http://www.ufcstats.com/fight-details/56ba0c15cf501669, http://www.ufcstats.com/fight-details/20a6710c50698166, http://www.ufcstats.com/fight-details/e7183e758f6b8bda, http://www.ufcstats.com/fight-details/9e62f31318d21a32",2026-03-30T10:56:20Z,2026-08-08T18:30:06Z
3cedb88e-bfe2-5bc0-a9b4-cf504a464b84,http://www.ufcstats.com/event-details/e06fd1260ac865a7,UFC 40: Vendetta,2002-11-22,completed,"http://www.ufcstats.com/fight-details/9e6f956caa7b549b, http://www.ufcstats.com/fight-details/9a0865000a3d642e, http://www.ufcstats.com/fight-details/b0bb09e4ca8343af, http://www.ufcstats.com/fight-details/497a87188392e057, http://www.ufcstats.com/fight-details/68b141785f76575b, http://www.ufcstats.com/fight-details/9d9c2c8802d21887, http://www.ufcstats.com/fight-details/754882d95491d287, http://www.ufcstats.com/fight-details/e66eebeff23ceb1e",2026-03-30T10:56:21Z,2026-08-08T18:30:07Z
7eccf70b-cf46-54ce-b6fa-91299350d7f7,http://www.ufcstats.com/event-details/bba678d312590087,UFC 41: Onslaught,2003-02-28,completed,"http://www.ufcstats.com/fight-details/334cd8572d9842cb, http://www.ufcstats.com/fight-details/a85a0831580696ff, http://www.ufcstats.com/fight-details/63ff2ed92c800ef8, http://www.ufcstats.com/fight-details/795c682c30d66c19, http://www.ufcstats.com/fight-details/558ef0822c8fa5b9, http://www.ufcstats.com/fight-details/6a0c5b9079a4128e, http://www.ufcstats.com/fight-details/62ed2b178310306e, http://www.ufcstats.com/fight-details/0dade757305afebd",2026-03-30T10:56:22Z,2026-08-08T18:30:08Z
a14e4735-4395-5525-a2e1-03795e9a02f8,http://www.ufcstats.com/event-details/ae58685caf8e4a0d,UFC 42: Sudden Impact,2003-04-25,completed,"http://www.ufcstats.com/fight-details/00a5e033391bf8df, http://www.ufcstats.com/fight-details/808245ba66df5f1c, http://www.ufcstats.com/fight-details/9f5f9173666ce1b7, http://www.ufcstats.com/fight-details/4e75ed154de637e2, http://www.ufcstats.com/fight-details/af59e32a5b3f6065, http://www.ufcstats.com/fight-details/5a9657d4faeea2c5, http://www.ufcstats.com/fight-details/363efd241750c23d, http://www.ufcstats.com/fight-details/863319fd2e711ffc",2026-03-30T10:56:23Z,2026-08-08T18:30:09Z
faddbe82-0430-546e-b243-56bc7e67c9bc,http://www.ufcstats.com/event-details/108afe61a26bcbf4,UFC 43: Meltdown,2003-06-06,completed,"http://www.ufcstats.com/fight-details/c83cba9573cca196, http://www.ufcstats.com/fight-details/ffe629a5232a878b, http://www.ufcstats.com/fight-details/400aa8a24e1d8997, http://www.ufcstats.com/fight-details/ed503d1c8963d894, http://www.ufcstats.com/fight-details/b5854feb57f40bb4, http://www.ufcstats.com/fight-details/be0507682d0ce713, http://www.ufcstats.com/fight-details/4f5ce22f8384d151, http://www.ufcstats.com/fight-details/9fb822537c12d726",2026-03-30T10:56:25Z,2026-08-08T18:30:10Z
72d60cf0-d241-5ee1-8cf9-11b811edc01d,http://www.ufcstats.com/event-details/c61f66d8c3fd5f07,UFC 44: Undisputed,2003-09-26,completed,"http://www.ufcstats.com/fight-details/6cd107e2f5886b25, http://www.ufcstats.com/fight-details/fdb4ea9783c4452a, http://www.ufcstats.com/fight-details/6e7eb1720bec2bca, http://www.ufcstats.com/fight-details/ac6fd4c78f0e3198, http://www.ufcstats.com/fight-details/180128adae7897db, http://www.ufcstats.com/fight-details/e5b2782426c8109c, http://www.ufcstats.com/fight-details/3cdcaa0a59dfb8ea, http://www.ufcstats.com/fight-details/5ac9cf4ffc15ccca, http://www.ufcstats.com/fight-details/10976fbb37d41c43",2026-03-30T10:56:26Z,2026-08-08T18:30:12Z
05f2946b-c8eb-516d-8fa9-1460a18b2bb5,http://www.ufcstats.com/event-details/e670f8cc2969a789,UFC 45: Revolution,2003-11-21,completed,"http://www.ufcstats.com/fight-details/2cfde31b41b2220d, http://www.ufcstats.com/fight-details/9f108233c7c787d9, http://www.ufcstats.com/fight-details/d1d33be012417f75, http://www.ufcstats.com/fight-details/b35adb9d047f5cd8, http://www.ufcstats.com/fight-details/7d2d327fd7580364, http://www.ufcstats.com/fight-details/906d6f62fb7f9b19, http://www.ufcstats.com/fight-details/61a211b4a7f942cd, http://www.ufcstats.com/fight-details/823d7037552a8907",2026-03-30T10:56:27Z,2026-08-08T18:30:13Z
c8bc0923-7eff-53a9-aacf-9e8300c22619,http://www.ufcstats.com/event-details/94609dd91731d428,UFC 46: Supernatural,2004-01-31,completed,"http://www.ufcstats.com/fight-details/9cd343b9d5d87528, http://www.ufcstats.com/fight-details/829146a45b3b236b, http://www.ufcstats.com/fight-details/4076a87092da5bfa, http://www.ufcstats.com/fight-details/476548ca3d8cf0ee, http://www.ufcstats.com/fight-details/bee02eaf332eb7f1, http://www.ufcstats.com/fight-details/1bc4996fa543a91a, http://www.ufcstats.com/fight-details/fab7e4790b11de3c, http://www.ufcstats.com/fight-details/5bdaa71a5daebcb5",2026-03-30T10:56:28Z,2026-08-08T18:30:14Z
03d9294e-5cb6-56b1-862b-c444f82f48f2,http://www.ufcstats.com/event-details/e8fb8e53bc2e29d6,UFC 47: It's On!,2004-04-02,completed,"http://www.ufcstats.com/fight-details/2dbd0bc3e61ca00b, http://www.ufcstats.com/fight-details/eecbc6c850e62d97, http://www.ufcstats.com/fight-details/268f0fcc45e1a6fe, http://www.ufcstats.com/fight-details/0f23c5569204a69b, http://www.ufcstats.com/fight-details/0374646197b8e0fa, http://www.ufcstats.com/fight-details/3b8bfe14b0c297b2, http://www.ufcstats.com/fight-details/ba5e8c30d41559fd, http://www.ufcstats.com/fight-details/1d9d91f78334129d",2026-03-30T10:56:30Z,2026-08-08T18:30:15Z
2754ab22-c686-59e1-919b-6e8d5c744ade,http://www.ufcstats.com/event-details/429e7d3725852ce9,UFC 48: Payback,2004-06-19,completed,"http://www.ufcstats.com/fight-details/66eaf9f4a2cd67d8, http://www.ufcstats.com/fight-details/1201d192092baacf, http://www.ufcstats.com/fight-details/dffef4343e822399, http://www.ufcstats.com/fight-details/5261874c58322b46, http://www.ufcstats.com/fight-details/7014356795515aea, http://www.ufcstats.com/fight-details/41222c4fab03d6f8, http://www.ufcstats.com/fight-details/a40e421630b67e5c, http://www.ufcstats.com/fight-details/5cbd93c68225a845",2026-03-30T10:56:31Z,2026-08-08T18:30:16Z
ab35157e-d1e6-58ad-bcb5-f8389063cd76,http://www.ufcstats.com/event-details/b4bc2e3353a770b5,UFC 49: Unfinished Business,2004-08-21,completed,"http://www.ufcstats.com/fight-details/977e56ada4acc596, http://www.ufcstats.com/fight-details/719f21fdb310fcfb, http://www.ufcstats.com/fight-details/ebd51f898209c4c8, http://www.ufcstats.com/fight-details/6e2254b4fd39ce40, http://www.ufcstats.com/fight-details/c74eef9b337602c6, http://www.ufcstats.com/fight-details/5db23cc876db1619, http://www.ufcstats.com/fight-details/6996eb7755709945, http://www.ufcstats.com/fight-details/c9c5b2507c6be9e3",2026-03-30T10:56:32Z,2026-08-08T18:30:17Z
9188b6b7-51e2-5c97-8882-59c2f8d0043b,http://www.ufcstats.com/event-details/ce783bf73b5131f9,UFC 50: The War Of '04,2004-10-22,completed,"http://www.ufcstats.com/fight-details/9422b3caf780a995, http://www.ufcstats.com/fight-details/b76a722dd429612e, http://www.ufcstats.com/fight-details/6f21a27075f0695c, http://www.ufcstats.com/fight-details/1a471a1bff47a960, http://www.ufcstats.com/fight-details/929fb67b49eaa405, http://www.ufcstats.com/fight-details/0d15b14d1215c853, http://www.ufcstats.com/fight-details/dc9b52352dca15ef",2026-03-30T10:56:33Z,2026-08-08T18:30:19Z
8cdb7e0f-9604-55fc-8174-c038e2cc1467,http://www.ufcstats.com/event-details/85d905f7c4f5a1af,UFC 51: Super Saturday,2005-02-05,completed,"http://www.ufcstats.com/fight-details/4fb2c181e8fd5910, http://www.ufcstats.com/fight-details/987b6b4f7825e40e, http://www.ufcstats.com/fight-details/dae856cb00cf5163, http://www.ufcstats.com/fight-details/7cfc8649d07b704c, http://www.ufcstats.com/fight-details/c91ef06766009965, http://www.ufcstats.com/fight-details/48189cad0c11ff63, http://www.ufcstats.com/fight-details/e30780438191654f, http://www.ufcstats.com/fight-details/45a52e065b73ecba, http://www.ufcstats.com/fight-details/e8196de20c4a969a",2026-03-30T10:56:34Z,2026-08-08T18:30:20Z
bc1cdab7-5cc5-5c69-b247-1746a690cc68,http://www.ufcstats.com/event-details/fbbde91f7bc2d3c5,The Ultimate Fighter: Team Couture vs. Team Liddell Finale,2005-04-09,completed,"http://www.ufcstats.com/fight-details/c50a3025d1519fc8, http://www.ufcstats.com/fight-details/4705a4db0bf1edcd, http://www.ufcstats.com/fight-details/d172d88fbeb8c6a8, http://www.ufcstats.com/fight-details/ddb950831580a5fe, http://www.ufcstats.com/fight-details/a3b268798d3ab216, http://www.ufcstats.com/fight-details/61733e5f00f4e194, http://www.ufcstats.com/fight-details/f434775e97920d95, http://www.ufcstats.com/fight-details/74f757bacb86a71c, http://www.ufcstats.com/fight-details/17affee2c796c225",2026-03-30T10:56:36Z,2026-08-08T18:30:21Z
0b2bb223-ae00-52da-9e48-4693df7bded6,http://www.ufcstats.com/event-details/c933d423ebdbbbdb,UFC 52: Couture vs Liddell 2,2005-04-16,completed,"http://www.ufcstats.com/fight-details/2ae8623ef4156105, http://www.ufcstats.com/fight-details/cb8e91f8b9f0e24f, http://www.ufcstats.com/fight-details/b1b66441acc5e8df, http://www.ufcstats.com/fight-details/36dbc3cee586e53d, http://www.ufcstats.com/fight-details/f4e6f8223d0816fe, http://www.ufcstats.com/fight-details/5d72fa4562b13f7b, http://www.ufcstats.com/fight-details/026e64f70e319e00, http://www.ufcstats.com/fight-details/5e1b0e52d2bb1b5c",2026-03-30T10:56:37Z,2026-08-08T18:30:22Z
b9dc2323-7679-5c70-86de-6d6e70ecbd7d,http://www.ufcstats.com/event-details/d3711d3784b76255,UFC 53: Heavy Hitters,2005-06-04,completed,"http://www.ufcstats.com/fight-details/a507bfa374885a25, http://www.ufcstats.com/fight-details/d80b07269dd36aad, http://www.ufcstats.com/fight-details/98cc8f5dd64895c4, http://www.ufcstats.com/fight-details/ea8b1a909155b0c2, http://www.ufcstats.com/fight-details/fb252c420e9830cd, http://www.ufcstats.com/fight-details/ca3230227ee700b7, http://www.ufcstats.com/fight-details/e5261884b0a0ed39, http://www.ufcstats.com/fight-details/07886c772e37d5de",2026-03-30T10:56:39Z,2026-08-08T18:30:23Z
19a51383-a098-5f74-943f-37a73412b76c,http://www.ufcstats.com/event-details/3f24c96753dbd9f9,UFC Fight Night 1,2005-08-06,completed,"http://www.ufcstats.com/fight-details/fd2f0f36b1eb5f83, http://www.ufcstats.com/fight-details/389b7ca84b333c4c, http://www.ufcstats.com/fight-details/994739f676c2105f, http://www.ufcstats.com/fight-details/bf1525f9761a116e, http://www.ufcstats.com/fight-details/44e4a1caae180261, http://www.ufcstats.com/fight-details/b2f604f2332cd8af, http://www.ufcstats.com/fight-details/c2c000a37a89b82f, http://www.ufcstats.com/fight-details/7acca0910edd7023",2026-03-30T10:56:40Z,2026-08-08T18:30:25Z
3bf89f0b-6154-5d45-a276-f1d78627a089,http://www.ufcstats.com/event-details/669a3cb6e394f515,UFC 54: Boiling Point,2005-08-20,completed,"http://www.ufcstats.com/fight-details/5a3fcd3d3a1e1c38, http://www.ufcstats.com/fight-details/8a380b11aaf82c49, http://www.ufcstats.com/fight-details/093ef5ab2081cf65, http://www.ufcstats.com/fight-details/d250a9d1c602e266, http://www.ufcstats.com/fight-details/beaa6ae419b8c8c6, http://www.ufcstats.com/fight-details/adc0b9c6afe76c23, http://www.ufcstats.com/fight-details/ee69302c232e0909, http://www.ufcstats.com/fight-details/42957e04417af1d8",2026-03-30T10:56:41Z,2026-08-08T18:30:26Z
40ba3e63-34e6-5066-9eee-1134621542de,http://www.ufcstats.com/event-details/efaf544314bb5c2e,UFC Fight Night 2,2005-10-03,completed,"http://www.ufcstats.com/fight-details/5521b9bb8f220993, http://www.ufcstats.com/fight-details/0731a4519d64df6d, http://www.ufcstats.com/fight-details/6ddabf12abd6fe25, http://www.ufcstats.com/fight-details/f5cb6cbb09ee8a16, http://www.ufcstats.com/fight-details/926091425f88d038, http://www.ufcstats.com/fight-details/5f2240d94375f907, http://www.ufcstats.com/fight-details/c25a97523bf56e49",2026-03-30T10:56:42Z,2026-08-08T18:30:27Z
5c288ea2-757a-5d5e-a914-0bd036ed68f7,http://www.ufcstats.com/event-details/271fe91f4ba9d2c5,UFC 55: Fury,2005-10-07,completed,"http://www.ufcstats.com/fight-details/1c45d0feab67364f, http://www.ufcstats.com/fight-details/f8a90f8a7beaa330, http://www.ufcstats.com/fight-details/e917559aedf85a98, http://www.ufcstats.com/fight-details/75926dd5b984aa06, http://www.ufcstats.com/fight-details/f15be91b30b11e0c, http://www.ufcstats.com/fight-details/06a75406d3dd5cfd, http://www.ufcstats.com/fight-details/fea1931b041cc5ff, http://www.ufcstats.com/fight-details/2aa175f3ebffcdf2",2026-03-30T10:56:44Z,2026-08-08T18:30:28Z
610b5372-8d4b-58cb-ab4c-5effe2d9f0e2,http://www.ufcstats.com/event-details/31ceaf0e670c1578,The Ultimate Fighter: Team Hughes vs. Team Franklin Finale,2005-11-05,completed,"http://www.ufcstats.com/fight-details/2eb9b36c09c00d69, http://www.ufcstats.com/fight-details/c22f4a7540cffdda, http://www.ufcstats.com/fight-details/e364cd5772cfd27c, http://www.ufcstats.com/fight-details/19646a0c8baee966, http://www.ufcstats.com/fight-details/e050c299ffa1f2d3, http://www.ufcstats.com/fight-details/f846fd001397db45, http://www.ufcstats.com/fight-details/39c4f4a1aff68189",2026-03-30T10:56:45Z,2026-08-08T18:30:30Z
96dbe64b-4731-5831-86ec-4e1b943a4a49,http://www.ufcstats.com/event-details/c7e9d15cfce52f1d,UFC 56: Full Force,2005-11-19,completed,"http://www.ufcstats.com/fight-details/2dfda46cbc17bc99, http://www.ufcstats.com/fight-details/670db5afcb26df7c, http://www.ufcstats.com/fight-details/8062a7852a8b1560, http://www.ufcstats.com/fight-details/388df822e50b04f8, http://www.ufcstats.com/fight-details/5f9d5ebe5ec28753, http://www.ufcstats.com/fight-details/84c510ab7e764598, http://www.ufcstats.com/fight-details/678af75cb4c155a9, http://www.ufcstats.com/fight-details/57b5e8bda9447b77",2026-03-30T10:56:46Z,2026-08-08T18:30:31Z
1246def3-99b7-5ee9-ad4e-f54bca6978a7,http://www.ufcstats.com/event-details/2ee09ec2a0695eb9,UFC Fight Night 3,2006-01-16,completed,"http://www.ufcstats.com/fight-details/537012aa6fb20f00, http://www.ufcstats.com/fight-details/bd5afec6940c5d32, http://www.ufcstats.com/fight-details/fbd75b08f377d149, http://www.ufcstats.com/fight-details/0582b78dc635301b, http://www.ufcstats.com/fight-details/e55b69543aa74907, http://www.ufcstats.com/fight-details/392089df68b1a721, http://www.ufcstats.com/fight-details/52125c3e41a1bd1e, http://www.ufcstats.com/fight-details/d0fcabb07a3e9500",2026-03-30T10:56:47Z,2026-08-08T18:30:32Z
ce569906-42ab-59b1-9714-8fde86beab2b,http://www.ufcstats.com/event-details/977081bc01197656,UFC 57: Liddell vs Couture 3,2006-02-04,completed,"http://www.ufcstats.com/fight-details/0e94e0a8c2130cea, http://www.ufcstats.com/fight-details/235e4c69d5d945e8, http://www.ufcstats.com/fight-details/44592a74cda71275, http://www.ufcstats.com/fight-details/357f438c15e1326f, http://www.ufcstats.com/fight-details/d9499d55f9f53112, http://www.ufcstats.com/fight-details/14850f48b2bede47, http://www.ufcstats.com/fight-details/bb5ceaf835c0bb18, http://www.ufcstats.com/fight-details/d49bc8e4e5613614, http://www.ufcstats.com/fight-details/a63ed5d48f00ad18",2026-03-30T10:56:49Z,2026-08-08T18:30:34Z
df205745-6847-5603-8a0e-24ea5df7a9f8,http://www.ufcstats.com/event-details/0e9869d712e81f8f,UFC 58: USA vs Canada,2006-03-04,completed,"http://www.ufcstats.com/fight-details/002cb1bb411c5f60, http://www.ufcstats.com/fight-details/f989a1acbda0e16a, http://www.ufcstats.com/fight-details/817c3b44517daa91, http://www.ufcstats.com/fight-details/00dc5354794818a7, http://www.ufcstats.com/fight-details/0cc225bf45697271, http://www.ufcstats.com/fight-details/7ba640f8b70bc685, http://www.ufcstats.com/fight-details/7ca8095148c23b71, http://www.ufcstats.com/fight-details/82a5e1bba6b843be",2026-03-30T10:56:50Z,2026-08-08T18:30:35Z
ef384e93-bc23-5d79-aaed-1c3974386227,http://www.ufcstats.com/event-details/b361180739bed4b0,UFC Fight Night 4,2006-04-06,completed,"http://www.ufcstats.com/fight-details/d39ce3ecd3fbdadf, http://www.ufcstats.com/fight-details/99eb03e6c7dc4be2, http://www.ufcstats.com/fight-details/d066287b31c871a6, http://www.ufcstats.com/fight-details/44a79a250fdd61cd, http://www.ufcstats.com/fight-details/3adae93bbf06287a, http://www.ufcstats.com/fight-details/eeb77732d7c3389a, http://www.ufcstats.com/fight-details/fb1f1b0c9ef454dc, http://www.ufcstats.com/fight-details/622cada31f247f9a, http://www.ufcstats.com/fight-details/fa193b3d07c0ed9b",2026-03-30T10:56:51Z,2026-08-08T18:30:37Z
edfe404d-b8af-546c-8f03-644d00c66673,http://www.ufcstats.com/event-details/03688dc3c3af3ac1,UFC 59: Reality Check,2006-04-15,completed,"http://www.ufcstats.com/fight-details/57a7767c4255e034, http://www.ufcstats.com/fight-details/fef433a7cb7a2029, http://www.ufcstats.com/fight-details/5f9b063630e52778, http://www.ufcstats.com/fight-details/f747fbe721cdb042, http://www.ufcstats.com/fight-details/fb972da69450127f, http://www.ufcstats.com/fight-details/0a083ab881ef3a5f, http://www.ufcstats.com/fight-details/fdafa20b7ec8cb44, http://www.ufcstats.com/fight-details/3fe41b95899316d5, http://www.ufcstats.com/fight-details/12231c1ca2e09011",2026-03-30T10:56:52Z,2026-08-08T18:30:38Z
e33191bb-7834-5f7f-957f-cdc1a17caa08,http://www.ufcstats.com/event-details/a54a35a670d8e852,UFC 60: Hughes vs Gracie,2006-05-27,completed,"http://www.ufcstats.com/fight-details/ed3ae3852fe549d4, http://www.ufcstats.com/fight-details/356fdab9bc109093, http://www.ufcstats.com/fight-details/d490c78bd5d0145a, http://www.ufcstats.com/fight-details/c66bd50ed1e75d2b, http://www.ufcstats.com/fight-details/c409c3a5eda764ba, http://www.ufcstats.com/fight-details/d1b8ff290d09013b, http://www.ufcstats.com/fight-details/857365273ed2f353, http://www.ufcstats.com/fight-details/3df422ea531e16c6, http://www.ufcstats.com/fight-details/25acf5f94667e79d",2026-03-30T10:56:54Z,2026-08-08T18:30:39Z
943fa092-7e44-56ea-b249-1b0d8de86191,http://www.ufcstats.com/event-details/1dab0d1d81dd06db,The Ultimate Fighter: Team Ortiz vs. Team Shamrock Finale,2006-06-24,completed,"http://www.ufcstats.com/fight-details/7cdb56b2f207a41b, http://www.ufcstats.com/fight-details/b48a211abe177846, http://www.ufcstats.com/fight-details/2b95f2982b19518a, http://www.ufcstats.com/fight-details/2168b2c814faada6, http://www.ufcstats.com/fight-details/4df8efe64e83f74e, http://www.ufcstats.com/fight-details/387bdcc2ca8709c1, http://www.ufcstats.com/fight-details/5bfba809430d178b, http://www.ufcstats.com/fight-details/20e28ee267d9b5dc, http://www.ufcstats.com/fight-details/43e5f75fe9cedafd",2026-03-30T10:56:55Z,2026-08-08T18:30:40Z
376dfa24-0f60-53bd-bd86-4fd15f3bf769,http://www.ufcstats.com/event-details/445a98acb8985970,UFC Fight Night 5,2006-06-28,completed,"http://www.ufcstats.com/fight-details/c4f05ff2781530f4, http://www.ufcstats.com/fight-details/ccdd6c7577927a8c, http://www.ufcstats.com/fight-details/e22b2f50d7eeed3a, http://www.ufcstats.com/fight-details/e7225dcc3349ae57, http://www.ufcstats.com/fight-details/4f1a8eade87e928e, http://www.ufcstats.com/fight-details/b0ba95fd1503411f, http://www.ufcstats.com/fight-details/16de071ad45cd350, http://www.ufcstats.com/fight-details/282d8651ca34b7f6, http://www.ufcstats.com/fight-details/919c86cce0eca615",2026-03-30T10:56:56Z,2026-08-08T18:30:42Z
36af0aa6-097c-56e4-b337-3bed62f190df,http://www.ufcstats.com/event-details/f70144caea5c4c80,UFC 61: Bitter Rivals,2006-07-08,completed,"http://www.ufcstats.com/fight-details/3c3533ba486a2006, http://www.ufcstats.com/fight-details/000da3152b7b5ab1, http://www.ufcstats.com/fight-details/ee6000812e2b9f9d, http://www.ufcstats.com/fight-details/9ce2d0b880e88934, http://www.ufcstats.com/fight-details/4000e1f32058796a, http://www.ufcstats.com/fight-details/01733579ef03be00, http://www.ufcstats.com/fight-details/bc7a81a81840e4be, http://www.ufcstats.com/fight-details/e3b5f66198161226, http://www.ufcstats.com/fight-details/979318b05efd1ea4",2026-03-30T10:56:57Z,2026-08-08T18:30:43Z
ff062e8e-487a-552d-bceb-258a51837318,http://www.ufcstats.com/event-details/46c8ec317aff28ac,UFC Fight Night 6,2006-08-17,completed,"http://www.ufcstats.com/fight-details/8b07bdaa0402bf2b, http://www.ufcstats.com/fight-details/8304a0ea004e73f5, http://www.ufcstats.com/fight-details/d14abced904806ca, http://www.ufcstats.com/fight-details/9450f80c9fab4da1, http://www.ufcstats.com/fight-details/1c9798288310201c, http://www.ufcstats.com/fight-details/8e51f8648840eb38, http://www.ufcstats.com/fight-details/2f4baf8f94c400cd, http://www.ufcstats.com/fight-details/fa2be4b37de934bf, http://www.ufcstats.com/fight-details/0c96a5a8ab740ca8",2026-03-30T10:56:59Z,2026-08-08T18:30:45Z
6e9199a7-0ddf-5602-b2f3-ef32ff5e71a2,http://www.ufcstats.com/event-details/f717b6002486f73f,UFC 62: Liddell vs Sobral,2006-08-26,completed,"http://www.ufcstats.com/fight-details/ec916b9f67175633, http://www.ufcstats.com/fight-details/c151729e47d9122b, http://www.ufcstats.com/fight-details/cd6070783f11619b, http://www.ufcstats.com/fight-details/2de0acc04cba91d3, http://www.ufcstats.com/fight-details/d40bfa821f2fe46a, http://www.ufcstats.com/fight-details/eb5fd91dd3d937db, http://www.ufcstats.com/fight-details/7c7177a028d55964, http://www.ufcstats.com/fight-details/14b61d9b3f6ddd37, http://www.ufcstats.com/fight-details/5ed402ad08d9d4f9",2026-03-30T10:57:00Z,2026-08-08T18:30:46Z
8260edc9-5442-56f5-a7ae-d1680903234a,http://www.ufcstats.com/event-details/13e62d766b709aa6,UFC 63: Hughes vs Penn,2006-09-23,completed,"http://www.ufcstats.com/fight-details/b4a2fc934d4660ff, http://www.ufcstats.com/fight-details/07c3ec83596e9798, http://www.ufcstats.com/fight-details/28a8c644c87ce45e, http://www.ufcstats.com/fight-details/87c07416af211de1, http://www.ufcstats.com/fight-details/cd9f95344fe14e37, http://www.ufcstats.com/fight-details/67a3b8dc3c0c3e45, http://www.ufcstats.com/fight-details/9a6b4829863eb9dc, http://www.ufcstats.com/fight-details/38231925d72d1309, http://www.ufcstats.com/fight-details/16dcd55681f990c0",2026-03-30T10:57:01Z,2026-08-08T18:30:47Z
30ce486a-a5f9-55fc-953d-c751a30e0fde,http://www.ufcstats.com/event-details/577ec7e108b94be3,Ortiz vs Shamrock 3: The Final Chapter,2006-10-10,completed,"http://www.ufcstats.com/fight-details/2cbba9394114edb5, http://www.ufcstats.com/fight-details/2e5a301f042f1fd6, http://www.ufcstats.com/fight-details/27cdd152218b44d4, http://www.ufcstats.com/fight-details/724dd26b47b7349e, http://www.ufcstats.com/fight-details/fee1d48d7bc17e56, http://www.ufcstats.com/fight-details/2e6c21d6bad88346, http://www.ufcstats.com/fight-details/963631fe3261f8e1, http://www.ufcstats.com/fight-details/ebfdeab96ca766be, http://www.ufcstats.com/fight-details/afda8492a55f1c5d",2026-03-30T10:57:03Z,2026-08-08T18:30:48Z
7868398f-f2a2-5eaf-b609-37520ff491e3,http://www.ufcstats.com/event-details/13b2f59210dda9cc,UFC 64: Unstoppable,2006-10-14,completed,"http://www.ufcstats.com/fight-details/84efac79989f4d0a, http://www.ufcstats.com/fight-details/e30ee434b864e4ac, http://www.ufcstats.com/fight-details/1ef09b1bf60f23cb, http://www.ufcstats.com/fight-details/95f052cbeb1d5e65, http://www.ufcstats.com/fight-details/94c1844d487490ef, http://www.ufcstats.com/fight-details/b23c7d4fb2068989, http://www.ufcstats.com/fight-details/a2e2d0e8b94d8eba, http://www.ufcstats.com/fight-details/7455cb1ee651f774",2026-03-30T10:57:03Z,2026-08-08T18:30:49Z
1fab2a97-6901-510f-8771-3bc7b8405b71,http://www.ufcstats.com/event-details/baf942f4bcb09894,The Ultimate Fighter: The Comeback Finale,2006-11-11,completed,"http://www.ufcstats.com/fight-details/71900a1af85710a9, http://www.ufcstats.com/fight-details/c00a49eadfb592f0, http://www.ufcstats.com/fight-details/c0e8b02fd4a5e56c, http://www.ufcstats.com/fight-details/b34aa3946ccfcfbb, http://www.ufcstats.com/fight-details/4cd909fa0d3e0483, http://www.ufcstats.com/fight-details/36895d9bbf5abc51, http://www.ufcstats.com/fight-details/cf1f2322c4b8bc64, http://www.ufcstats.com/fight-details/f8e3b306cf3e6d95",2026-03-30T10:57:05Z,2026-08-08T18:30:50Z
b16e64f1-3e2c-5f1d-a045-ef760062791d,http://www.ufcstats.com/event-details/3fed746acfd026dd,UFC 65: Bad Intentions,2006-11-18,completed,"http://www.ufcstats.com/fight-details/148f5128a45e9212, http://www.ufcstats.com/fight-details/2f379b530fefb7ea, http://www.ufcstats.com/fight-details/cb17062bfd400fb2, http://www.ufcstats.com/fight-details/ba0a3a4b80418db9, http://www.ufcstats.com/fight-details/e3d9bbea4c51dec4, http://www.ufcstats.com/fight-details/b03109dd04b2fa60, http://www.ufcstats.com/fight-details/3f7bf047b310943d, http://www.ufcstats.com/fight-details/719dbfab71e6c0bd, http://www.ufcstats.com/fight-details/f743abae6896c1e8",2026-03-30T10:57:06Z,2026-08-08T18:30:52Z
b0321939-7a03-5aa1-9260-9bbb4769ba02,http://www.ufcstats.com/event-details/21b8a0f5c231096f,UFC Fight Night: Sanchez vs Riggs,2006-12-13,completed,"http://www.ufcstats.com/fight-details/bc0155d267fb5892, http://www.ufcstats.com/fight-details/0d2314d23dee3796, http://www.ufcstats.com/fight-details/844fc95da48937b3, http://www.ufcstats.com/fight-details/a5155aef1093048b, http://www.ufcstats.com/fight-details/4faa30eab9089d71, http://www.ufcstats.com/fight-details/77a8a6e2c3a09d19, http://www.ufcstats.com/fight-details/e52eae4ea46c6010, http://www.ufcstats.com/fight-details/abf6ea197979e634, http://www.ufcstats.com/fight-details/8d3c5635cffe12cb",2026-03-30T10:57:07Z,2026-08-08T18:30:53Z
ce3b69b1-1ed2-54ce-a1d7-81fb7ece8200,http://www.ufcstats.com/event-details/ee5df903f80c6816,UFC 66: Liddell vs Ortiz 2,2006-12-30,completed,"http://www.ufcstats.com/fight-details/f507b715628d7bcb, http://www.ufcstats.com/fight-details/bb007be9f60ab3da, http://www.ufcstats.com/fight-details/3825f998c01cbeab, http://www.ufcstats.com/fight-details/5027a869467001d3, http://www.ufcstats.com/fight-details/da666b02372a465b, http://www.ufcstats.com/fight-details/cc02aaf53503d022, http://www.ufcstats.com/fight-details/2606c3853a8c0b62, http://www.ufcstats.com/fight-details/343b016754852c36, http://www.ufcstats.com/fight-details/56f77263c75392f2",2026-03-30T10:57:09Z,2026-08-08T18:30:54Z
8bfa4959-94d3-5af8-a737-ee5f08ea1068,http://www.ufcstats.com/event-details/13c4313ed0f744f3,UFC Fight Night: Evans vs Salmon,2007-01-25,completed,"http://www.ufcstats.com/fight-details/88d9e7ec7f228908, http://www.ufcstats.com/fight-details/830e59a396dddec3, http://www.ufcstats.com/fight-details/17b2d89ceb879a29, http://www.ufcstats.com/fight-details/7253daded133e97c, http://www.ufcstats.com/fight-details/539a550c0c1acd3e, http://www.ufcstats.com/fight-details/221928c8441779e4, http://www.ufcstats.com/fight-details/9c9039f921aa86ca, http://www.ufcstats.com/fight-details/14df6d96c5f2d1df",2026-03-30T10:57:10Z,2026-08-08T18:30:56Z
8fc04a90-d0b1-510a-baf3-7b121877f8ec,http://www.ufcstats.com/event-details/63b65af1c5cb02cb,UFC 67: All or Nothing,2007-02-03,completed,"http://www.ufcstats.com/fight-details/33065e87a42a74a2, http://www.ufcstats.com/fight-details/ca5b6d6a26891f4b, http://www.ufcstats.com/fight-details/5d06b45564f62c80, http://www.ufcstats.com/fight-details/c1df212ba092c404, http://www.ufcstats.com/fight-details/f0b7729fba7e4533, http://www.ufcstats.com/fight-details/c742bd1673635ded, http://www.ufcstats.com/fight-details/063599b1d4107289, http://www.ufcstats.com/fight-details/77df989840c76a08, http://www.ufcstats.com/fight-details/d6e35b8c66732da6",2026-03-30T10:57:11Z,2026-08-08T18:30:57Z
882cf51f-38da-571b-8d4b-c4e23aaee7dd,http://www.ufcstats.com/event-details/de3ed2e152520c8d,UFC 68: The Uprising,2007-03-03,completed,"http://www.ufcstats.com/fight-details/7401d0f8ededa102, http://www.ufcstats.com/fight-details/0653b6227894cfd7, http://www.ufcstats.com/fight-details/3404f9095676a556, http://www.ufcstats.com/fight-details/204932945d332406, http://www.ufcstats.com/fight-details/8ca1bb1b2517f2e5, http://www.ufcstats.com/fight-details/8afc674a60abab61, http://www.ufcstats.com/fight-details/94df6c8cd2256f54, http://www.ufcstats.com/fight-details/808d47f905e84e7e, http://www.ufcstats.com/fight-details/85e130a7c48f25f6",2026-03-30T10:57:13Z,2026-08-08T18:30:58Z
32e35ce7-3389-594f-8b32-08eba4c72589,http://www.ufcstats.com/event-details/a6c2f5381d575920,UFC Fight Night: Stevenson vs Guillard,2007-04-05,completed,"http://www.ufcstats.com/fight-details/e9390cff6e5d52d0, http://www.ufcstats.com/fight-details/fc4fc81d3b7cc3bd, http://www.ufcstats.com/fight-details/b2443846570bee7b, http://www.ufcstats.com/fight-details/de2b0b8ef112f3b7, http://www.ufcstats.com/fight-details/73ed365b57dc1a6e, http://www.ufcstats.com/fight-details/b15bebf4c6b6f495, http://www.ufcstats.com/fight-details/6d370bfe4248dc88, http://www.ufcstats.com/fight-details/460b421493dd9fb8, http://www.ufcstats.com/fight-details/e89db3b111f92587",2026-03-30T10:57:14Z,2026-08-08T18:30:59Z
5556af8c-d6d2-5e1d-bc20-6c1840905ed1,http://www.ufcstats.com/event-details/c1684f00c626f4c0,UFC 69: Shootout,2007-04-07,completed,"http://www.ufcstats.com/fight-details/9f60dd19c5705d45, http://www.ufcstats.com/fight-details/fc4e42a55ba285f6, http://www.ufcstats.com/fight-details/e7fdbd5c65798a5c, http://www.ufcstats.com/fight-details/cb93f5f9d09b29f1, http://www.ufcstats.com/fight-details/33b9285aec39e37f, http://www.ufcstats.com/fight-details/579f0be80b359d8b, http://www.ufcstats.com/fight-details/54cf1ffbc6e7a9fd, http://www.ufcstats.com/fight-details/f25e367b1cb8fab5, http://www.ufcstats.com/fight-details/32b058d82c9e38de",2026-03-30T10:57:15Z,2026-08-08T18:31:00Z
d7cb4aad-4fe8-5e2a-94b3-084e2958aa79,http://www.ufcstats.com/event-details/4604ab1de9058474,UFC 70: Nations Collide,2007-04-21,completed,"http://www.ufcstats.com/fight-details/e7a7ab126225540c, http://www.ufcstats.com/fight-details/57871671074ceb4c, http://www.ufcstats.com/fight-details/05b7bfd4fe75af69, http://www.ufcstats.com/fight-details/89b27e0bfa4ef4c3, http://www.ufcstats.com/fight-details/67160b93dec2b399, http://www.ufcstats.com/fight-details/8dbd4d1df2e7ff67, http://www.ufcstats.com/fight-details/4563e02bc4c1a1ef, http://www.ufcstats.com/fight-details/d8b098e5598509cc, http://www.ufcstats.com/fight-details/bc8e4abec782fd2b, http://www.ufcstats.com/fight-details/57a71ab365d2b64d",2026-03-30T10:57:16Z,2026-08-08T18:31:01Z
cec70e07-a95d-5f5d-b73b-d3160f02b79e,http://www.ufcstats.com/event-details/2e04a3b4a2011b97,UFC 71: Liddell vs Jackson,2007-05-26,completed,"http://www.ufcstats.com/fight-details/88b225f6f1fa5c59, http://www.ufcstats.com/fight-details/2ce541a11b2eb392, http://www.ufcstats.com/fight-details/1ac335f049ed4e5e, http://www.ufcstats.com/fight-details/5157988b77ca1097, http://www.ufcstats.com/fight-details/71348fd10e392dac, http://www.ufcstats.com/fight-details/cc444b10ea87c381, http://www.ufcstats.com/fight-details/b6462127cf553ff3, http://www.ufcstats.com/fight-details/a6cb909888f6a495, http://www.ufcstats.com/fight-details/dab2d3e9f2052047",2026-03-30T10:57:17Z,2026-08-08T18:31:02Z
a3db173b-245b-5c0e-9857-3329f04b4452,http://www.ufcstats.com/event-details/304fcd812f12c589,UFC Fight Night: Stout vs Fisher,2007-06-12,completed,"http://www.ufcstats.com/fight-details/07018cb7ae879456, http://www.ufcstats.com/fight-details/59da727c3ae7b497, http://www.ufcstats.com/fight-details/3b52291052353eef, http://www.ufcstats.com/fight-details/a6edcccdfccb9132, http://www.ufcstats.com/fight-details/1e12c4828d576b5c, http://www.ufcstats.com/fight-details/1d127ec120dcb58e, http://www.ufcstats.com/fight-details/ff8802aae3b81c3f, http://www.ufcstats.com/fight-details/764e5910ac779ae9, http://www.ufcstats.com/fight-details/ee071b5125ced92a",2026-03-30T10:57:19Z,2026-08-08T18:31:04Z
b5fa8110-7029-5f36-8792-285f3db91509,http://www.ufcstats.com/event-details/5ca158b1cc9cb242,UFC 72: Victory,2007-06-16,completed,"http://www.ufcstats.com/fight-details/dbc30717a3efba58, http://www.ufcstats.com/fight-details/6603ed5f10bd8047, http://www.ufcstats.com/fight-details/e8005a8c3c029a73, http://www.ufcstats.com/fight-details/071d716229f5ae7f, http://www.ufcstats.com/fight-details/805bc227bd40b0cc, http://www.ufcstats.com/fight-details/f1c1890491959bcf, http://www.ufcstats.com/fight-details/d4fa680b2a912534, http://www.ufcstats.com/fight-details/62048467be051636",2026-03-30T10:57:20Z,2026-08-08T18:31:05Z
807d9274-e01d-58aa-ac73-c4e6aadd14b9,http://www.ufcstats.com/event-details/e7ec11096eac0282,The Ultimate Fighter: Team Pulver vs. Team Penn Finale,2007-06-23,completed,"http://www.ufcstats.com/fight-details/30d7a9a1d99b327c, http://www.ufcstats.com/fight-details/3542c5c5c5180090, http://www.ufcstats.com/fight-details/1c36ff6c6284a523, http://www.ufcstats.com/fight-details/518fec4812ed1587, http://www.ufcstats.com/fight-details/5ab0e805e90d20d5, http://www.ufcstats.com/fight-details/41c979b223b3fb56, http://www.ufcstats.com/fight-details/53343bd123bcf651, http://www.ufcstats.com/fight-details/fda850240fb80339, http://www.ufcstats.com/fight-details/62454fb3a4fd5737",2026-03-30T10:57:21Z,2026-08-08T18:31:06Z
4b06be56-f116-5b22-a5d6-7fc1e06b5bae,http://www.ufcstats.com/event-details/2a6f8136da1e52c0,UFC 73: Stacked,2007-07-07,completed,"http://www.ufcstats.com/fight-details/19da32f5af2e8e2b, http://www.ufcstats.com/fight-details/eff9207427f0e02c, http://www.ufcstats.com/fight-details/0ec579db0efcf0c6, http://www.ufcstats.com/fight-details/6a9e343bd12dfa64, http://www.ufcstats.com/fight-details/4dd2cd7da33e35d7, http://www.ufcstats.com/fight-details/340a08b1f3d1dd36, http://www.ufcstats.com/fight-details/a8bab8884249f634, http://www.ufcstats.com/fight-details/3aa19b85fbf4114c, http://www.ufcstats.com/fight-details/2748001ead121b8a",2026-03-30T10:57:23Z,2026-08-08T18:31:08Z
3e6278c8-e87a-5c11-b3a7-21edd3d29d26,http://www.ufcstats.com/event-details/a5c53b3ddb31cc7d,UFC 74: Respect,2007-08-25,completed,"http://www.ufcstats.com/fight-details/2f22e38844aa7d96, http://www.ufcstats.com/fight-details/675cbe90f6d96feb, http://www.ufcstats.com/fight-details/6ce5d8041189d652, http://www.ufcstats.com/fight-details/f00b588a0d9a90e4, http://www.ufcstats.com/fight-details/cc17e4d182235a95, http://www.ufcstats.com/fight-details/6b38906e77607c77, http://www.ufcstats.com/fight-details/e7ff18a0cfa09702, http://www.ufcstats.com/fight-details/4a9b3b97fa2bbca9, http://www.ufcstats.com/fight-details/fa2271eecde701ed",2026-03-30T10:57:24Z,2026-08-08T18:31:09Z
fe8d2020-111d-563a-ba41-d27cde1f763d,http://www.ufcstats.com/event-details/0aa92558424ced9e,UFC 75: Champion vs Champion,2007-09-08,completed,"http://www.ufcstats.com/fight-details/49458279eafdaf94, http://www.ufcstats.com/fight-details/59d456f0da1159cf, http://www.ufcstats.com/fight-details/76d490a8bb168c78, http://www.ufcstats.com/fight-details/b953a9b5357cbf99, http://www.ufcstats.com/fight-details/79db1d9b15e16b1d, http://www.ufcstats.com/fight-details/9971f8bcd3b10069, http://www.ufcstats.com/fight-details/a3dfa0ac05433450, http://www.ufcstats.com/fight-details/574b4599ae9cb64e, http://www.ufcstats.com/fight-details/8f5e57a21383fa87",2026-03-30T10:57:25Z,2026-08-08T18:31:10Z
dd57aa5f-53d0-5f67-8a5b-7baae9ca5842,http://www.ufcstats.com/event-details/f341f9551ba744e2,UFC Fight Night: Thomas vs Florian,2007-09-19,completed,"http://www.ufcstats.com/fight-details/62dd8808ce397fa6, http://www.ufcstats.com/fight-details/e7d444e279914116, http://www.ufcstats.com/fight-details/a1950f4bd19ed06f, http://www.ufcstats.com/fight-details/b46679306287ea79, http://www.ufcstats.com/fight-details/997eda9196aad7f9, http://www.ufcstats.com/fight-details/be307e6647a655c8, http://www.ufcstats.com/fight-details/c86702c01c4cfee2, http://www.ufcstats.com/fight-details/c536a1119406c0f0, http://www.ufcstats.com/fight-details/88295b0ab9868db5",2026-03-30T10:57:27Z,2026-08-08T18:31:11Z
1a0832d3-e1bf-51f6-bcf6-508561ce2473,http://www.ufcstats.com/event-details/bad28b7b34f334de,UFC 76: Knockout,2007-09-22,completed,"http://www.ufcstats.com/fight-details/068e118edac9e057, http://www.ufcstats.com/fight-details/6773055965441b18, http://www.ufcstats.com/fight-details/344e6898a381648f, http://www.ufcstats.com/fight-details/90fb826944c46000, http://www.ufcstats.com/fight-details/669e3927b38a36fb, http://www.ufcstats.com/fight-details/4a7d39ebc9dce5db, http://www.ufcstats.com/fight-details/a1b912fe361f75bc, http://www.ufcstats.com/fight-details/51696044aafb2037, http://www.ufcstats.com/fight-details/73726e32d26c17ee",2026-03-30T10:57:28Z,2026-08-08T18:31:12Z
4dcbdad0-21a9-517b-b7fb-56674b3de792,http://www.ufcstats.com/event-details/91181b29be041f1c,UFC 77: Hostile Territory,2007-10-20,completed,"http://www.ufcstats.com/fight-details/3fe3208df1098fdc, http://www.ufcstats.com/fight-details/2e43a2f6e9336e2b, http://www.ufcstats.com/fight-details/2571e91b263df9fb, http://www.ufcstats.com/fight-details/f4e5f49ca3831e64, http://www.ufcstats.com/fight-details/431282ab4ee417f6, http://www.ufcstats.com/fight-details/c7f6da6cd8e940b2, http://www.ufcstats.com/fight-details/5498622706d8dc17, http://www.ufcstats.com/fight-details/a9e13a29a332c886, http://www.ufcstats.com/fight-details/91f7986d6fee7d57",2026-03-30T10:57:29Z,2026-08-08T18:31:14Z
5ad81b23-63cc-5b34-82e2-5f2c92cebfa2,http://www.ufcstats.com/event-details/1d147d4163a6989b,UFC 78: Validation,2007-11-17,completed,"http://www.ufcstats.com/fight-details/0b217fc503bd0585, http://www.ufcstats.com/fight-details/9d59ae86a2e6c444, http://www.ufcstats.com/fight-details/04995619538ae939, http://www.ufcstats.com/fight-details/bdd782059be98dfb, http://www.ufcstats.com/fight-details/0dddf7ec457caab3, http://www.ufcstats.com/fight-details/177201b1a7fa0dd0, http://www.ufcstats.com/fight-details/71440bf87b9c58a1, http://www.ufcstats.com/fight-details/63cfbf28e44febc2, http://www.ufcstats.com/fight-details/ec041009ce404879",2026-03-30T10:57:31Z,2026-08-08T18:31:15Z
4ee323ba-e54b-51b3-80fe-bfd43618e867,http://www.ufcstats.com/event-details/df85d6ec3493d120,The Ultimate Fighter: Team Hughes vs. Team Serra Finale,2007-12-08,completed,"http://www.ufcstats.com/fight-details/6ed5847dd874d2d2, http://www.ufcstats.com/fight-details/0fd639e6e28c51bb, http://www.ufcstats.com/fight-details/fc1f199c8ba32a19, http://www.ufcstats.com/fight-details/d1ce7361cb4e442b, http://www.ufcstats.com/fight-details/7f47865cfb9b0d55, http://www.ufcstats.com/fight-details/f62c29310e1d6253, http://www.ufcstats.com/fight-details/d3e37d1c95a5f382, http://www.ufcstats.com/fight-details/759659ca9303c720, http://www.ufcstats.com/fight-details/e301a2c3a415cd33",2026-03-30T10:57:32Z,2026-08-08T18:31:16Z
66534063-d17c-5604-b52e-48b272f88c0b,http://www.ufcstats.com/event-details/7269329bd87eb479,UFC 79: Nemesis,2007-12-29,completed,"http://www.ufcstats.com/fight-details/71e3272f7ebcca26, http://www.ufcstats.com/fight-details/2c9ddc75869894c5, http://www.ufcstats.com/fight-details/6d691b736d8c98b0, http://www.ufcstats.com/fight-details/2886e831af3994b7, http://www.ufcstats.com/fight-details/17404e252bdab9e7, http://www.ufcstats.com/fight-details/2b2a50d442da2b84, http://www.ufcstats.com/fight-details/478b0eaf22475be0, http://www.ufcstats.com/fight-details/afedd038b986cebc, http://www.ufcstats.com/fight-details/b03816c9ccd089d7, http://www.ufcstats.com/fight-details/c1b59b145d064048",2026-03-30T10:57:33Z,2026-08-08T18:31:17Z
cdac0670-8d16-5950-a977-9cc0a99ab1d6,http://www.ufcstats.com/event-details/a24e080000fa7a35,UFC 80: Rapid Fire,2008-01-19,completed,"http://www.ufcstats.com/fight-details/d98d5a3800cd21fb, http://www.ufcstats.com/fight-details/f9b600343a31227b, http://www.ufcstats.com/fight-details/524ce5c0d6db74bb, http://www.ufcstats.com/fight-details/0e37ea649c51fba9, http://www.ufcstats.com/fight-details/74c98716b4a74a3d, http://www.ufcstats.com/fight-details/26ad51050ea55600, http://www.ufcstats.com/fight-details/cfca060f39db1742, http://www.ufcstats.com/fight-details/1197b94bb4b56cc2, http://www.ufcstats.com/fight-details/db68ff7bf2487971",2026-03-30T10:57:34Z,2026-08-08T18:31:18Z
05e939cf-5944-5ead-a753-733b62dff36b,http://www.ufcstats.com/event-details/33e33d51f289d2a1,UFC Fight Night: Swick vs Burkman,2008-01-23,completed,"http://www.ufcstats.com/fight-details/20fc3b3ab2d2fecf, http://www.ufcstats.com/fight-details/d470bb3cb98d9ed7, http://www.ufcstats.com/fight-details/b5bef60f79b38e69, http://www.ufcstats.com/fight-details/d9decf169a2da676, http://www.ufcstats.com/fight-details/3957d820e11275f7, http://www.ufcstats.com/fight-details/804eff79a58ad250, http://www.ufcstats.com/fight-details/c4b0ef8f42eecbcc, http://www.ufcstats.com/fight-details/e1c333892d395a35, http://www.ufcstats.com/fight-details/fc0d77057ec806fe",2026-03-30T10:57:35Z,2026-08-08T18:31:20Z
fe4c08c4-cdcb-518a-b168-f3062d337b8b,http://www.ufcstats.com/event-details/597db668b01c442c,UFC 81: Breaking Point,2008-02-02,completed,"http://www.ufcstats.com/fight-details/fc6d1396755692b4, http://www.ufcstats.com/fight-details/f0b42c9e55025ad3, http://www.ufcstats.com/fight-details/8f560a1fa19c122a, http://www.ufcstats.com/fight-details/96828ec042f211bf, http://www.ufcstats.com/fight-details/dd47c3359dc1b7d0, http://www.ufcstats.com/fight-details/bb6eacc986791dcd, http://www.ufcstats.com/fight-details/d9a8d19107d2bd9e, http://www.ufcstats.com/fight-details/7929542a0003799f, http://www.ufcstats.com/fight-details/c5f56797c68ecbeb",2026-03-30T10:57:37Z,2026-08-08T18:31:21Z
019e3dbb-ab52-5c74-867a-c152f34f0055,http://www.ufcstats.com/event-details/598a58db87b890ee,UFC 82: Pride of a Champion,2008-03-01,completed,"http://www.ufcstats.com/fight-details/a53b8686b748849f, http://www.ufcstats.com/fight-details/65352762d807cd59, http://www.ufcstats.com/fight-details/50325e08203fedbd, http://www.ufcstats.com/fight-details/04476d021385a621, http://www.ufcstats.com/fight-details/029cd254fe02d4b8, http://www.ufcstats.com/fight-details/8b15591a73aa7eb0, http://www.ufcstats.com/fight-details/5182daf3d8726f6d, http://www.ufcstats.com/fight-details/825aa322af15780a, http://www.ufcstats.com/fight-details/bcf49463525efbee, http://www.ufcstats.com/fight-details/d036a7aeab47cf8c",2026-03-30T10:57:38Z,2026-08-08T18:31:23Z
04acd0b6-5fe0-5ba3-81fc-6238ec226b90,http://www.ufcstats.com/event-details/b9e871af730f826c,UFC Fight Night: Florian vs Lauzon,2008-04-02,completed,"http://www.ufcstats.com/fight-details/362f78f23304c6f4, http://www.ufcstats.com/fight-details/190c61d5a67018b5, http://www.ufcstats.com/fight-details/78f46acac9223859, http://www.ufcstats.com/fight-details/dbe6c361530958bc, http://www.ufcstats.com/fight-details/089dd2e0cc6395fa, http://www.ufcstats.com/fight-details/10b19bb48aadc6bd, http://www.ufcstats.com/fight-details/9103686732816d77, http://www.ufcstats.com/fight-details/6ca284a75c21c2e0, http://www.ufcstats.com/fight-details/b89dea8c3e6bba6f, http://www.ufcstats.com/fight-details/f35b859289fba80e, http://www.ufcstats.com/fight-details/53e9e8fefa2c2f42, http://www.ufcstats.com/fight-details/30aa9b4d266eb622",2026-03-30T10:57:39Z,2026-08-08T18:31:23Z
f22c2246-4e48-5c5b-a98e-970ef5b4d3fb,http://www.ufcstats.com/event-details/ad047e3073a775f3,UFC 83: Serra vs St-Pierre 2,2008-04-19,completed,"http://www.ufcstats.com/fight-details/67948da92e6c9bdc, http://www.ufcstats.com/fight-details/6ae2cd7feede5a33, http://www.ufcstats.com/fight-details/b675c94f20551631, http://www.ufcstats.com/fight-details/8153c30fad5b2ad8, http://www.ufcstats.com/fight-details/df3b75809b7fe252, http://www.ufcstats.com/fight-details/96da5813683649f5, http://www.ufcstats.com/fight-details/920194911d727a38, http://www.ufcstats.com/fight-details/af178adff964d854, http://www.ufcstats.com/fight-details/219bd976b8ca745d, http://www.ufcstats.com/fight-details/eb1b371dfc37fcdb, http://www.ufcstats.com/fight-details/be38ed9ccfe2ee03",2026-03-30T10:57:40Z,2026-08-08T18:31:25Z
8d11cfd7-b8d3-5ec9-9e49-baa1fe988a96,http://www.ufcstats.com/event-details/2549d63da9c456cb,UFC 84: Ill Will,2008-05-24,completed,"http://www.ufcstats.com/fight-details/c9d3ccbfef600989, http://www.ufcstats.com/fight-details/6baa381a75582d98, http://www.ufcstats.com/fight-details/c5bef3da17e595ee, http://www.ufcstats.com/fight-details/bd5edc0bfa0db8c8, http://www.ufcstats.com/fight-details/e57d1260201e5101, http://www.ufcstats.com/fight-details/03d30a534dee8ac5, http://www.ufcstats.com/fight-details/004b9368337d3cd6, http://www.ufcstats.com/fight-details/02d2da0420fbdd39, http://www.ufcstats.com/fight-details/b376a6fb0ca4862e, http://www.ufcstats.com/fight-details/1d00497a573d7f4c, http://www.ufcstats.com/fight-details/628d02b6046d5f73",2026-03-30T10:57:42Z,2026-08-08T18:31:25Z
224bd265-1eec-5f15-b874-c3857839682e,http://www.ufcstats.com/event-details/2efbc83a6b9b7f86,UFC 85: Bedlam,2008-06-07,completed,"http://www.ufcstats.com/fight-details/b3a3341a5db2d484, http://www.ufcstats.com/fight-details/761681c1ab0fdead, http://www.ufcstats.com/fight-details/ff872fa3e9ec32a9, http://www.ufcstats.com/fight-details/171007deb1cc56aa, http://www.ufcstats.com/fight-details/0fe3681eb934bdc3, http://www.ufcstats.com/fight-details/4a482ad5b021bb25, http://www.ufcstats.com/fight-details/94f880f25dd011cd, http://www.ufcstats.com/fight-details/f8f73efa2d4cc566, http://www.ufcstats.com/fight-details/b976eb99de0f63ca, http://www.ufcstats.com/fight-details/96c95cff535291d9, http://www.ufcstats.com/fight-details/8a8400c6c42df59a",2026-03-30T10:57:43Z,2026-08-08T18:31:27Z
d0c39d9f-c7c0-5b3f-a4d1-33a4775350eb,http://www.ufcstats.com/event-details/2299605af59fd309,The Ultimate Fighter: Team Rampage vs Team Forrest Finale,2008-06-21,completed,"http://www.ufcstats.com/fight-details/98b1ee14ad4ea1c6, http://www.ufcstats.com/fight-details/0064bbc554d85421, http://www.ufcstats.com/fight-details/31c2d8648b06a001, http://www.ufcstats.com/fight-details/7ddaf46a81b7e616, http://www.ufcstats.com/fight-details/61d89b0cb175430c, http://www.ufcstats.com/fight-details/688c8b695e521ce8, http://www.ufcstats.com/fight-details/98a1121ffbc47657, http://www.ufcstats.com/fight-details/6aee27cc2610b56a, http://www.ufcstats.com/fight-details/5288ef3edf1eda6e, http://www.ufcstats.com/fight-details/0700b74037329215",2026-03-30T10:57:44Z,2026-08-08T18:31:28Z
af4aa760-687b-53c4-bdc5-1ac98a536f8e,http://www.ufcstats.com/event-details/bf12aca029bfcc47,UFC 86: Jackson vs Griffin,2008-07-05,completed,"http://www.ufcstats.com/fight-details/ae674ec42bd0a979, http://www.ufcstats.com/fight-details/6760e48a36571feb, http://www.ufcstats.com/fight-details/51b0cc51799e7d5d, http://www.ufcstats.com/fight-details/ac82d28aaa5faaf0, http://www.ufcstats.com/fight-details/61f0ceb980c1ae81, http://www.ufcstats.com/fight-details/bbe3d2a2ad8d204e, http://www.ufcstats.com/fight-details/66f0238fac31130f, http://www.ufcstats.com/fight-details/13858ffdaaef5671, http://www.ufcstats.com/fight-details/bcefcb29bec709d6",2026-03-30T10:57:46Z,2026-08-08T18:31:29Z
d86d6b70-91c7-5bfd-b2f4-4666a6175992,http://www.ufcstats.com/event-details/46f11d15c0134fe3,UFC: Silva vs Irvin,2008-07-19,completed,"http://www.ufcstats.com/fight-details/4eafb2657c3781f5, http://www.ufcstats.com/fight-details/512f2d10f92d0d36, http://www.ufcstats.com/fight-details/9f14f080b08e6869, http://www.ufcstats.com/fight-details/333c9e6f3cc8f91e, http://www.ufcstats.com/fight-details/51ae1d8a663ae1fe, http://www.ufcstats.com/fight-details/403bed9fe983b10a, http://www.ufcstats.com/fight-details/b9b8509c568dc144, http://www.ufcstats.com/fight-details/82f2afc6d7db44f3, http://www.ufcstats.com/fight-details/f8b6468621db85ca, http://www.ufcstats.com/fight-details/62f487635d7a9bb0, http://www.ufcstats.com/fight-details/8d26509990b6e518",2026-03-30T10:57:47Z,2026-08-08T18:31:31Z
3128e0c4-a06e-5e66-9db5-152eac7cc28c,http://www.ufcstats.com/event-details/19ffeb5e3fffd6d5,UFC 87: Seek And Destroy,2008-08-09,completed,"http://www.ufcstats.com/fight-details/a23b4817f0b773c8, http://www.ufcstats.com/fight-details/b2013a8b4ed68c8d, http://www.ufcstats.com/fight-details/e915c1987050eac8, http://www.ufcstats.com/fight-details/c2fd7ee22721846c, http://www.ufcstats.com/fight-details/31362d9ea15127b2, http://www.ufcstats.com/fight-details/e2a61ec3bc83da98, http://www.ufcstats.com/fight-details/4f7a7a0b67f085b3, http://www.ufcstats.com/fight-details/c5e0e4ee11903076, http://www.ufcstats.com/fight-details/c92a4fe402579c49, http://www.ufcstats.com/fight-details/204fe39cf94f45dc",2026-03-30T10:57:48Z,2026-08-08T18:31:32Z
48c40b6b-3377-5949-ab38-99375931f7d6,http://www.ufcstats.com/event-details/0db70ca89e1c7374,UFC 88: Breakthrough,2008-09-06,completed,"http://www.ufcstats.com/fight-details/3e126f482e9a84b8, http://www.ufcstats.com/fight-details/c5574b79e31a1b2b, http://www.ufcstats.com/fight-details/a34dc525a16ce375, http://www.ufcstats.com/fight-details/b74ecc368d3ecbc4, http://www.ufcstats.com/fight-details/cafb86764ea92268, http://www.ufcstats.com/fight-details/976f7f5e7537c62b, http://www.ufcstats.com/fight-details/0568994b8323d640, http://www.ufcstats.com/fight-details/81734d11cb6a8ebb, http://www.ufcstats.com/fight-details/9a596aaa2b9a18db",2026-03-30T10:57:49Z,2026-08-08T18:31:33Z
d067f392-e479-5e5e-a044-72fde55629ff,http://www.ufcstats.com/event-details/279093302a6f44b3,UFC Fight Night: Diaz vs Neer,2008-09-17,completed,"http://www.ufcstats.com/fight-details/9fc232c3829a1ef0, http://www.ufcstats.com/fight-details/d460961065f1198b, http://www.ufcstats.com/fight-details/3818a33c9103c88f, http://www.ufcstats.com/fight-details/505d3d9b006014c8, http://www.ufcstats.com/fight-details/830bf05d0ee635a1, http://www.ufcstats.com/fight-details/43e8fcd8e4d015fb, http://www.ufcstats.com/fight-details/f6ea148cfeb1aaf7, http://www.ufcstats.com/fight-details/d23b05f33b741c47, http://www.ufcstats.com/fight-details/2822226962195259, http://www.ufcstats.com/fight-details/1992dcae0699200e",2026-03-30T10:57:50Z,2026-08-08T18:31:34Z
6887e229-0a55-5b87-9fd8-1a42491c3ea5,http://www.ufcstats.com/event-details/312f47c3d2f83ffa,UFC 89: Bisping vs Leben,2008-10-18,completed,"http://www.ufcstats.com/fight-details/1776c84e3d22d7cc, http://www.ufcstats.com/fight-details/01d71345ba7ea6f9, http://www.ufcstats.com/fight-details/781017bfa44d4058, http://www.ufcstats.com/fight-details/f24db9d7c3636a2a, http://www.ufcstats.com/fight-details/cc9cabc1fc747aaf, http://www.ufcstats.com/fight-details/0510d12ad43ede89, http://www.ufcstats.com/fight-details/550daf3853d050ba, http://www.ufcstats.com/fight-details/194f8d501f318ada, http://www.ufcstats.com/fight-details/cd5336ef8b2329f4, http://www.ufcstats.com/fight-details/9b8c29f50d452025, http://www.ufcstats.com/fight-details/757c11f17278b06a",2026-03-30T10:57:51Z,2026-08-08T18:31:35Z
f426724b-8084-5d21-bf5b-157b6707a8de,http://www.ufcstats.com/event-details/c670aa48827d6be6,UFC 90: Silva vs Cote,2008-10-25,completed,"http://www.ufcstats.com/fight-details/2281dea0c5903a2f, http://www.ufcstats.com/fight-details/64da1f4774624b72, http://www.ufcstats.com/fight-details/27868eac1d141498, http://www.ufcstats.com/fight-details/af4cbb9072814a86, http://www.ufcstats.com/fight-details/d5a0e8c67ed8abe0, http://www.ufcstats.com/fight-details/3feb2a8de9cf37da, http://www.ufcstats.com/fight-details/80fd1902547e0744, http://www.ufcstats.com/fight-details/34d1bfdde8ea3e11, http://www.ufcstats.com/fight-details/854c64fe481e65ee, http://www.ufcstats.com/fight-details/cfbeeffd65101ae1",2026-03-30T10:57:53Z,2026-08-08T18:31:37Z
3bcdf24b-0914-5061-bfcd-a4cff6db4842,http://www.ufcstats.com/event-details/a2b06ca02bca14c0,UFC 91: Couture vs Lesnar,2008-11-15,completed,"http://www.ufcstats.com/fight-details/75577b11361cb645, http://www.ufcstats.com/fight-details/821c27f0dbb27e86, http://www.ufcstats.com/fight-details/c739195deef32b45, http://www.ufcstats.com/fight-details/e94d7bfb0c92e30d, http://www.ufcstats.com/fight-details/bfd846ad4d597bbb, http://www.ufcstats.com/fight-details/958bd435389dd12a, http://www.ufcstats.com/fight-details/9e99536eae6d709b, http://www.ufcstats.com/fight-details/8191b8edfde3b9c3, http://www.ufcstats.com/fight-details/b34fb9e15fbd6b3b",2026-03-30T10:57:54Z,2026-08-08T18:31:38Z
38ce2c9b-5c49-5eb1-9506-8bc5c3a844ee,http://www.ufcstats.com/event-details/30cd319d39ee689b,UFC Fight Night - Fight for the Troops,2008-12-10,completed,"http://www.ufcstats.com/fight-details/11c3035dd9104e50, http://www.ufcstats.com/fight-details/0f235698600c962e, http://www.ufcstats.com/fight-details/d8f64b001cd590fa, http://www.ufcstats.com/fight-details/83406cd29d3c2d0f, http://www.ufcstats.com/fight-details/d90567f7d4372160, http://www.ufcstats.com/fight-details/ecfe522e5f1e766b, http://www.ufcstats.com/fight-details/44c9ca6a502db390, http://www.ufcstats.com/fight-details/79298011365a6d90, http://www.ufcstats.com/fight-details/c4e16d57dd9a1b39, http://www.ufcstats.com/fight-details/2f736846aebbf12d",2026-03-30T10:57:56Z,2026-08-08T18:31:39Z
d80f5914-8aba-5640-baee-00d47dc63d36,http://www.ufcstats.com/event-details/ea398c802d9998ee,The Ultimate Fighter: Team Nogueira vs. Team Mir Finale,2008-12-13,completed,"http://www.ufcstats.com/fight-details/86b8419f22f398c0, http://www.ufcstats.com/fight-details/e65da830a1928fe6, http://www.ufcstats.com/fight-details/f7cd0a90da3be3b2, http://www.ufcstats.com/fight-details/0b58bd40373b1811, http://www.ufcstats.com/fight-details/ec8ad2966a6816b3, http://www.ufcstats.com/fight-details/edeba52fc9b2855f, http://www.ufcstats.com/fight-details/59bd4e83d8f846ee, http://www.ufcstats.com/fight-details/09b36c7157770516, http://www.ufcstats.com/fight-details/52e07b6540fad19e, http://www.ufcstats.com/fight-details/bacb62c4f2058fd8",2026-03-30T10:57:57Z,2026-08-08T18:31:41Z
798d4fcc-0bbc-57dd-b25b-99be0b85b644,http://www.ufcstats.com/event-details/23ab42947c1990e3,UFC 92: The Ultimate 2008,2008-12-27,completed,"http://www.ufcstats.com/fight-details/041dd0fae4650970, http://www.ufcstats.com/fight-details/02c54d382fb1c347, http://www.ufcstats.com/fight-details/b8927a3a2735acb0, http://www.ufcstats.com/fight-details/c62d5962b99938de, http://www.ufcstats.com/fight-details/b3f4583109b429af, http://www.ufcstats.com/fight-details/4918b7e3600f67a1, http://www.ufcstats.com/fight-details/59e653313c871c3f, http://www.ufcstats.com/fight-details/539eff1fe2fb39ba, http://www.ufcstats.com/fight-details/f27bf6f21410547f, http://www.ufcstats.com/fight-details/8add23232cdb36ee",2026-03-30T10:57:58Z,2026-08-08T18:31:42Z
35ac6ffd-7472-5f3f-9fad-dc2c1f246ef3,http://www.ufcstats.com/event-details/68c6cd5287b473a7,UFC 93: Franklin vs Henderson,2009-01-17,completed,"http://www.ufcstats.com/fight-details/cb7cfa8b9900878f, http://www.ufcstats.com/fight-details/396214fd188c2549, http://www.ufcstats.com/fight-details/dd5f7a14f5782f79, http://www.ufcstats.com/fight-details/591e7797363a6c89, http://www.ufcstats.com/fight-details/e90dd017386025c4, http://www.ufcstats.com/fight-details/20b84b2cbfb92dc7, http://www.ufcstats.com/fight-details/e9658a79cfaafbb1, http://www.ufcstats.com/fight-details/4da34f2980b5c58d, http://www.ufcstats.com/fight-details/5a3b530c73106c5c, http://www.ufcstats.com/fight-details/f046dfa306dc7acb",2026-03-30T10:57:59Z,2026-08-08T18:31:43Z
3d04e7e4-c32d-525b-93ca-7ac5570f34a8,http://www.ufcstats.com/event-details/2a542ee8a8b83559,UFC 94: St-Pierre vs Penn 2,2009-01-31,completed,"http://www.ufcstats.com/fight-details/a158e4ff7ea93d43, http://www.ufcstats.com/fight-details/41b9240c854b0956, http://www.ufcstats.com/fight-details/afb9d3476c5caafa, http://www.ufcstats.com/fight-details/aa161809e78bef96, http://www.ufcstats.com/fight-details/92e9c53671ac8fe7, http://www.ufcstats.com/fight-details/c598261fac8cf23a, http://www.ufcstats.com/fight-details/e6dd15ef9fd7927e, http://www.ufcstats.com/fight-details/08f5bdfe45082ec5, http://www.ufcstats.com/fight-details/1cb28e867dd749b8, http://www.ufcstats.com/fight-details/fb7d31b36bebc5af",2026-03-30T10:58:00Z,2026-08-08T18:31:44Z
531416b0-a918-5f02-9c5e-576986e855fa,http://www.ufcstats.com/event-details/d1759b2b7be9be56,UFC Fight Night: Lauzon vs Stephens,2009-02-07,completed,"http://www.ufcstats.com/fight-details/83c5a944258d2332, http://www.ufcstats.com/fight-details/2d80f60b67791b97, http://www.ufcstats.com/fight-details/df7f3c60c523ca55, http://www.ufcstats.com/fight-details/868833557ae90877, http://www.ufcstats.com/fight-details/0a1f2e1f9d91bc9a, http://www.ufcstats.com/fight-details/14c3447726332f2b, http://www.ufcstats.com/fight-details/6a663c04dfe5b88e, http://www.ufcstats.com/fight-details/c9721146eba68c2a, http://www.ufcstats.com/fight-details/26888b89fbd860cf, http://www.ufcstats.com/fight-details/e4420b9812501c17",2026-03-30T10:58:02Z,2026-08-08T18:31:45Z
d8dd9bc5-da2e-588a-a005-dbd9824f10b8,http://www.ufcstats.com/event-details/7d21de9c6d7c98b2,UFC 95: Sanchez vs Stevenson,2009-02-21,completed,"http://www.ufcstats.com/fight-details/56aac937d9f1d13a, http://www.ufcstats.com/fight-details/9379672d351808a3, http://www.ufcstats.com/fight-details/c1b0670419fa0894, http://www.ufcstats.com/fight-details/995d42d9ff422ed1, http://www.ufcstats.com/fight-details/fd05ac3ac2f7d042, http://www.ufcstats.com/fight-details/0bf249717dacc5c3, http://www.ufcstats.com/fight-details/95c229097cd2d7c3, http://www.ufcstats.com/fight-details/d89b849df7bff79b, http://www.ufcstats.com/fight-details/0d395cb5d91f811f, http://www.ufcstats.com/fight-details/cdfaa6f4154a0ee9",2026-03-30T10:58:05Z,2026-08-08T18:31:46Z
dde461ac-06e6-5469-af72-fa3ab18094bc,http://www.ufcstats.com/event-details/29b5791e51e7e832,UFC 96: Jackson vs Jardine,2009-03-07,completed,"http://www.ufcstats.com/fight-details/011d818ec9bb3de6, http://www.ufcstats.com/fight-details/038c472ae3fd7728, http://www.ufcstats.com/fight-details/1df12710cfdb60f4, http://www.ufcstats.com/fight-details/798ca95afb5875ef, http://www.ufcstats.com/fight-details/789a8911fcd6de13, http://www.ufcstats.com/fight-details/31535a79c5959be8, http://www.ufcstats.com/fight-details/d9d7e8e9149e61b1, http://www.ufcstats.com/fight-details/39b79764bbac93cb, http://www.ufcstats.com/fight-details/731a3120fdffa44c, http://www.ufcstats.com/fight-details/21b02cb26307ac0f",2026-03-30T10:58:07Z,2026-08-08T18:31:48Z
d7011c2d-5488-5606-bf68-4172c2d0e707,http://www.ufcstats.com/event-details/04d5718ed2661e8c,UFC Fight Night: Condit vs Kampmann,2009-04-01,completed,"http://www.ufcstats.com/fight-details/ae68274ab6f78cd8, http://www.ufcstats.com/fight-details/a7d42315236560e9, http://www.ufcstats.com/fight-details/f1100f1bc6cbb351, http://www.ufcstats.com/fight-details/33e576af1d064e4e, http://www.ufcstats.com/fight-details/9c7a67ce1d6a01f9, http://www.ufcstats.com/fight-details/4b9203b86f0aa870, http://www.ufcstats.com/fight-details/47e17513aae45a95, http://www.ufcstats.com/fight-details/c642640db89fb033, http://www.ufcstats.com/fight-details/4cffb137402f7bb0, http://www.ufcstats.com/fight-details/a561360edf66ee6f, http://www.ufcstats.com/fight-details/ddc233f8ca7c05aa",2026-03-30T10:58:09Z,2026-08-08T18:31:49Z
3c4e3650-1d35-5acc-856d-3701e0ad6f93,http://www.ufcstats.com/event-details/1652f3213655b935,UFC 97: Redemption,2009-04-18,completed,"http://www.ufcstats.com/fight-details/7291a111058dbf0e, http://www.ufcstats.com/fight-details/de84ebe3b8cb8cd3, http://www.ufcstats.com/fight-details/d29dd21d8881a0e0, http://www.ufcstats.com/fight-details/1f64e532f942ef57, http://www.ufcstats.com/fight-details/bcba81de8f082768, http://www.ufcstats.com/fight-details/0bf025d86cc2a409, http://www.ufcstats.com/fight-details/154da5e0d8541508, http://www.ufcstats.com/fight-details/793432d042384a02, http://www.ufcstats.com/fight-details/06142a1de3bbae75, http://www.ufcstats.com/fight-details/bdb62b661d033fe2, http://www.ufcstats.com/fight-details/226de3e7e71f2b4f, http://www.ufcstats.com/fight-details/c6a5ed1127cbc9b9",2026-03-30T10:58:10Z,2026-08-08T18:31:50Z
8b6c5e1d-2d64-5de1-bece-c8792b29b923,http://www.ufcstats.com/event-details/c4b6099f0d25f75e,UFC 98: Evans vs Machida,2009-05-23,completed,"http://www.ufcstats.com/fight-details/15750dc75b7426f3, http://www.ufcstats.com/fight-details/d1e144ce44599f3a, http://www.ufcstats.com/fight-details/62fbd9d089a9a306, http://www.ufcstats.com/fight-details/1e87e0e4da55c92f, http://www.ufcstats.com/fight-details/eb23f3574b656624, http://www.ufcstats.com/fight-details/b9be472f456cac79, http://www.ufcstats.com/fight-details/f1423b63d81c88ea, http://www.ufcstats.com/fight-details/b4bf090eb5c57903, http://www.ufcstats.com/fight-details/dd400f38c483f629, http://www.ufcstats.com/fight-details/54d14f98d4a83def, http://www.ufcstats.com/fight-details/5060770f197e2147",2026-03-30T10:58:12Z,2026-08-08T18:31:51Z
58f42a27-e1f4-54e0-86e2-adaf95cd1a8a,http://www.ufcstats.com/event-details/cb6783c39c01d896,UFC 99: The Comeback,2009-06-13,completed,"http://www.ufcstats.com/fight-details/fcf3b0d21df10f56, http://www.ufcstats.com/fight-details/09e7db36cd72bf61, http://www.ufcstats.com/fight-details/3b44d0179f94726c, http://www.ufcstats.com/fight-details/df28f8cb5a12ec8e, http://www.ufcstats.com/fight-details/cfacff39c9f3b2f9, http://www.ufcstats.com/fight-details/11ca5d09db47708b, http://www.ufcstats.com/fight-details/0d09e95e85efad69, http://www.ufcstats.com/fight-details/bb0794053766a866, http://www.ufcstats.com/fight-details/83314e1ed6f7d94e, http://www.ufcstats.com/fight-details/cd45a78028039f53, http://www.ufcstats.com/fight-details/440936f9db783997, http://www.ufcstats.com/fight-details/f25d324841223f26",2026-03-30T10:58:13Z,2026-08-08T18:31:53Z
8f19fbf4-5de8-528e-88d8-ddc9e2a445e6,http://www.ufcstats.com/event-details/4908c5ee68a50ee5,The Ultimate Fighter: United States vs. United Kingdom Finale,2009-06-20,completed,"http://www.ufcstats.com/fight-details/468d6da7f097e449, http://www.ufcstats.com/fight-details/036bb5b335e93ca8, http://www.ufcstats.com/fight-details/4ae231bd909ceddc, http://www.ufcstats.com/fight-details/1d30430af5257347, http://www.ufcstats.com/fight-details/11871325db7a13ec, http://www.ufcstats.com/fight-details/a5a5e24f4dd40fbf, http://www.ufcstats.com/fight-details/08c5dcd426dea606, http://www.ufcstats.com/fight-details/0486ad62f7dfd11e, http://www.ufcstats.com/fight-details/707d6023b8723c5d, http://www.ufcstats.com/fight-details/43712d71cec9bde6",2026-03-30T10:58:14Z,2026-08-08T18:31:54Z
6fbabe03-9a29-5098-b8fd-81371b656cd1,http://www.ufcstats.com/event-details/0ee783aa00e468f0,UFC 100,2009-07-11,completed,"http://www.ufcstats.com/fight-details/55833bf5054126e2, http://www.ufcstats.com/fight-details/8df2751dcbfa0fa2, http://www.ufcstats.com/fight-details/b0dfb313364a7c80, http://www.ufcstats.com/fight-details/6d1093a1c31dab94, http://www.ufcstats.com/fight-details/15705df8ba8dcbe1, http://www.ufcstats.com/fight-details/f885b95dbb354e3d, http://www.ufcstats.com/fight-details/d9c3d7b09d8df3e4, http://www.ufcstats.com/fight-details/6f6158830b01ea27, http://www.ufcstats.com/fight-details/b6234bf015c80fc5, http://www.ufcstats.com/fight-details/f8896b43f4ecf861, http://www.ufcstats.com/fight-details/55bcf58be822d115",2026-03-30T10:58:15Z,2026-08-08T18:31:55Z
f27ea8bb-1771-5694-9030-e614ca78c7ce,http://www.ufcstats.com/event-details/48d1f690b763934c,UFC 101: Declaration,2009-08-08,completed,"http://www.ufcstats.com/fight-details/73a4a092c1850b57, http://www.ufcstats.com/fight-details/de495aa2ec1f1e91, http://www.ufcstats.com/fight-details/6a61d45818534b19, http://www.ufcstats.com/fight-details/28037f9be7e0781a, http://www.ufcstats.com/fight-details/a9dc59e90779c1e3, http://www.ufcstats.com/fight-details/b71f07f052d0a48b, http://www.ufcstats.com/fight-details/ef6a0ee848382391, http://www.ufcstats.com/fight-details/faec13fd40b6d797, http://www.ufcstats.com/fight-details/5a8c92dfbb16d26f, http://www.ufcstats.com/fight-details/8ead66bc1678519b, http://www.ufcstats.com/fight-details/ea9edb20f527b49e",2026-03-30T10:58:16Z,2026-08-08T18:31:56Z
5900e812-d2d6-5a11-b75b-13fec158257b,http://www.ufcstats.com/event-details/c6a33ff198aaaeeb,UFC 102: Couture vs Nogueira,2009-08-29,completed,"http://www.ufcstats.com/fight-details/2a23f787fff1d837, http://www.ufcstats.com/fight-details/39f07708af6ecfc7, http://www.ufcstats.com/fight-details/e3c9c95b67580b9b, http://www.ufcstats.com/fight-details/3445246f8e3eba24, http://www.ufcstats.com/fight-details/6d32a829217cf2fa, http://www.ufcstats.com/fight-details/2711e57bbef4d928, http://www.ufcstats.com/fight-details/4d3297af1b7889ba, http://www.ufcstats.com/fight-details/6ae10aa4c6dc986d, http://www.ufcstats.com/fight-details/fa0d393a452c0809, http://www.ufcstats.com/fight-details/fd292c2a587bb2f5, http://www.ufcstats.com/fight-details/b0958ed411ae9675",2026-03-30T10:58:18Z,2026-08-08T18:31:58Z
9ff57875-3e0c-517d-a954-23dc48813851,http://www.ufcstats.com/event-details/a8ea84cbe1655f0a,UFC Fight Night: Diaz vs Guillard,2009-09-16,completed,"http://www.ufcstats.com/fight-details/1287c631cb74f1d9, http://www.ufcstats.com/fight-details/b4a81d7eb4e42c1c, http://www.ufcstats.com/fight-details/aceaa32be99719b0, http://www.ufcstats.com/fight-details/b589aba75770bc6b, http://www.ufcstats.com/fight-details/c1be2b862f737c18, http://www.ufcstats.com/fight-details/7c620723b6840231, http://www.ufcstats.com/fight-details/e83b214695941af1, http://www.ufcstats.com/fight-details/4553c3ab494c2d05, http://www.ufcstats.com/fight-details/0454bfbc49e95c16, http://www.ufcstats.com/fight-details/d6e75e0238d3ad9b",2026-03-30T10:58:19Z,2026-08-08T18:31:59Z
2c51a229-cb1e-505d-ac26-80a8c5248693,http://www.ufcstats.com/event-details/896c322f56b8be5a,UFC 103: Franklin vs Belfort,2009-09-19,completed,"http://www.ufcstats.com/fight-details/ec271393bc31ab72, http://www.ufcstats.com/fight-details/2ff09ddaa2b78cc4, http://www.ufcstats.com/fight-details/acfa3a3c0d09bb57, http://www.ufcstats.com/fight-details/fd61b04ee64f7f20, http://www.ufcstats.com/fight-details/b272e9a4ed7a1b23, http://www.ufcstats.com/fight-details/656e1040e6e007b2, http://www.ufcstats.com/fight-details/a2da03d9c25b49e5, http://www.ufcstats.com/fight-details/42a7d576dc207e63, http://www.ufcstats.com/fight-details/92ea4999f99f55fd, http://www.ufcstats.com/fight-details/7b06e7f2b34d24b8, http://www.ufcstats.com/fight-details/d359fe8a99250f64, http://www.ufcstats.com/fight-details/e314474cb6a7a65c, http://www.ufcstats.com/fight-details/329a097e0b53daac",2026-03-30T10:58:20Z,2026-08-08T18:32:00Z
0fc969da-44c7-5115-ad23-d7aae0a885e9,http://www.ufcstats.com/event-details/7c0847d3854a95f2,UFC 104: Machida vs Shogun,2009-10-24,completed,"http://www.ufcstats.com/fight-details/e60e53bdc614a0af, http://www.ufcstats.com/fight-details/b4627dd3bb50be2c, http://www.ufcstats.com/fight-details/92975b516e6463b6, http://www.ufcstats.com/fight-details/1238f31a41b78528, http://www.ufcstats.com/fight-details/7a72d7448159fb59, http://www.ufcstats.com/fight-details/5c612d2cc1f5da21, http://www.ufcstats.com/fight-details/d77a72e3fa8db853, http://www.ufcstats.com/fight-details/32ae3f0d43babd86, http://www.ufcstats.com/fight-details/5a9ecff594dc6bb9, http://www.ufcstats.com/fight-details/03c2cebad8d8c012, http://www.ufcstats.com/fight-details/1298d89922befa8c",2026-03-30T10:58:21Z,2026-08-08T18:32:02Z
6bfc99ab-4a15-5f6b-a380-73a48bf7a247,http://www.ufcstats.com/event-details/fa8b9e6b0c2269f8,UFC 105: Couture vs Vera,2009-11-14,completed,"http://www.ufcstats.com/fight-details/7cdc6fdf983fb412, http://www.ufcstats.com/fight-details/bf8164367980fcd3, http://www.ufcstats.com/fight-details/b12d96ba9426b8d4, http://www.ufcstats.com/fight-details/2c07f8ba25640237, http://www.ufcstats.com/fight-details/b4ebb7576e9745e7, http://www.ufcstats.com/fight-details/cb510afff3dafdab, http://www.ufcstats.com/fight-details/4f36bc6fe119c4ac, http://www.ufcstats.com/fight-details/81283a33e907dbbe, http://www.ufcstats.com/fight-details/6c569785225fd2e7, http://www.ufcstats.com/fight-details/964245b54324810d, http://www.ufcstats.com/fight-details/b0ee33ab448e252b",2026-03-30T10:58:22Z,2026-08-08T18:32:03Z
68e246ba-5075-5cbe-9dcd-dcf2c3858270,http://www.ufcstats.com/event-details/84a067c46306a737,UFC 106: Ortiz vs Griffin 2,2009-11-21,completed,"http://www.ufcstats.com/fight-details/9fa3f9f7caf429d6, http://www.ufcstats.com/fight-details/31f12d3f95576ef4, http://www.ufcstats.com/fight-details/70228adf93b6434f, http://www.ufcstats.com/fight-details/119b156ded2af0f1, http://www.ufcstats.com/fight-details/fc0f12be6552bfe5, http://www.ufcstats.com/fight-details/0c6055509d98ed06, http://www.ufcstats.com/fight-details/c52e23519279d18a, http://www.ufcstats.com/fight-details/ef8f31b86469a967, http://www.ufcstats.com/fight-details/d66f2c83c26e5b80, http://www.ufcstats.com/fight-details/6f78fc53b8662627",2026-03-30T10:58:24Z,2026-08-08T18:32:03Z
c33aef03-096d-5032-a959-98aad4f696ae,http://www.ufcstats.com/event-details/91d73ee59347ac16,The Ultimate Fighter: Heavyweights Finale,2009-12-05,completed,"http://www.ufcstats.com/fight-details/e246b6a8cd7853de, http://www.ufcstats.com/fight-details/3f0826158f87f41d, http://www.ufcstats.com/fight-details/de2328aa13e5ecdc, http://www.ufcstats.com/fight-details/5ab4bdec4db84f7d, http://www.ufcstats.com/fight-details/f6246d2b9f663e33, http://www.ufcstats.com/fight-details/f5affe923c640d0e, http://www.ufcstats.com/fight-details/4182524382590e07, http://www.ufcstats.com/fight-details/c32b24a24d946893, http://www.ufcstats.com/fight-details/0b0ba5238399545c, http://www.ufcstats.com/fight-details/7f0e469103ab46b6",2026-03-30T10:58:25Z,2026-08-08T18:32:04Z
64044524-9668-56ec-a601-008b3c8621d4,http://www.ufcstats.com/event-details/821cd80aab70d5f9,UFC 107: Penn vs Sanchez,2009-12-12,completed,"http://www.ufcstats.com/fight-details/f6d078e9fe7d17c8, http://www.ufcstats.com/fight-details/a9bc7915974b7d15, http://www.ufcstats.com/fight-details/ccac56928fc2b40b, http://www.ufcstats.com/fight-details/9172138df0d70cb0, http://www.ufcstats.com/fight-details/a29236fcb395f443, http://www.ufcstats.com/fight-details/7f9a1b6d83d08c42, http://www.ufcstats.com/fight-details/8e9f2b82a7b87778, http://www.ufcstats.com/fight-details/afd5e85676eb697d, http://www.ufcstats.com/fight-details/a7c63a2b33049ace, http://www.ufcstats.com/fight-details/483d934c46351c78, http://www.ufcstats.com/fight-details/7e50ae4dbdd380a1",2026-03-30T10:58:26Z,2026-08-08T18:32:06Z
15bca2dc-7997-5f82-b50f-fb105724e32d,http://www.ufcstats.com/event-details/a6d8bfe9e0c8153b,UFC 108: Evans vs Silva,2010-01-02,completed,"http://www.ufcstats.com/fight-details/57dca2ebe96ed622, http://www.ufcstats.com/fight-details/c99370e3e54bd5fd, http://www.ufcstats.com/fight-details/d7f9a09021a9a13c, http://www.ufcstats.com/fight-details/9d2c9d2249d4fe50, http://www.ufcstats.com/fight-details/41e9da89f349b2bc, http://www.ufcstats.com/fight-details/78b928a602a81971, http://www.ufcstats.com/fight-details/47245dd345d9ef7e, http://www.ufcstats.com/fight-details/0e05f54d8b66f317, http://www.ufcstats.com/fight-details/24e14c4824144c64, http://www.ufcstats.com/fight-details/0949caefc6735f9b",2026-03-30T10:58:27Z,2026-08-08T18:32:07Z
bbbd2c08-5b19-5930-800d-acca1391940c,http://www.ufcstats.com/event-details/58bc81376286b3d3,UFC Fight Night: Maynard vs Diaz,2010-01-11,completed,"http://www.ufcstats.com/fight-details/5355fd4a2598f679, http://www.ufcstats.com/fight-details/504b540805598fa5, http://www.ufcstats.com/fight-details/be72958d9715757d, http://www.ufcstats.com/fight-details/a570acbbcbbd151d, http://www.ufcstats.com/fight-details/d5e0fd3eec76f7e1, http://www.ufcstats.com/fight-details/f4641db74fcb8ab7, http://www.ufcstats.com/fight-details/bad1f36202e2c7d7, http://www.ufcstats.com/fight-details/19f615a7a5cfd304, http://www.ufcstats.com/fight-details/c4fa93a4f37a6ca7, http://www.ufcstats.com/fight-details/db620510bbb3f0af, http://www.ufcstats.com/fight-details/f338da998c4fdf53",2026-03-30T10:58:29Z,2026-08-08T18:32:08Z
396c0a14-6b05-56c6-9b72-4b68e47bb39a,http://www.ufcstats.com/event-details/15edcf67ccf5be84,UFC 109: Relentless,2010-02-06,completed,"http://www.ufcstats.com/fight-details/f92e8d6c96306013, http://www.ufcstats.com/fight-details/b091e021e61f1950, http://www.ufcstats.com/fight-details/5e52b0bf9719f0ae, http://www.ufcstats.com/fight-details/83a7cc0b0de904b9, http://www.ufcstats.com/fight-details/2bf24d9c33bb4d49, http://www.ufcstats.com/fight-details/1fc065e1d3243594, http://www.ufcstats.com/fight-details/fb9b03644f559604, http://www.ufcstats.com/fight-details/840863604b38a33f, http://www.ufcstats.com/fight-details/adddc6e46da5ca19, http://www.ufcstats.com/fight-details/20628fd4e19a97e4, http://www.ufcstats.com/fight-details/1a21263dc5d866b6",2026-03-30T10:58:30Z,2026-08-08T18:32:09Z
bd7891da-7c13-593b-ac2f-58df4c3c24ed,http://www.ufcstats.com/event-details/49efbdc6c9f650c4,UFC 110: Nogueira vs Velasquez,2010-02-20,completed,"http://www.ufcstats.com/fight-details/ca93e3f69fa3d725, http://www.ufcstats.com/fight-details/241a722f3b042c59, http://www.ufcstats.com/fight-details/b4d624bdc27dff83, http://www.ufcstats.com/fight-details/aefca2869c87eb11, http://www.ufcstats.com/fight-details/e716f8079c60bc66, http://www.ufcstats.com/fight-details/0ea087a71863184d, http://www.ufcstats.com/fight-details/3b0258eb19d66f8f, http://www.ufcstats.com/fight-details/e892b4a03304f2a4, http://www.ufcstats.com/fight-details/46a7cb6937144ba2",2026-03-30T10:58:31Z,2026-08-08T18:32:10Z
997a9022-7657-5afe-a098-6def81305096,http://www.ufcstats.com/event-details/3795fca327cbcf23,UFC Live: Vera vs Jones,2010-03-21,completed,"http://www.ufcstats.com/fight-details/43f0495855470427, http://www.ufcstats.com/fight-details/7aa7b0c5706a0492, http://www.ufcstats.com/fight-details/d215c4e6dc1346ae, http://www.ufcstats.com/fight-details/275c22a93bdd84d8, http://www.ufcstats.com/fight-details/9368a80ba62d87e2, http://www.ufcstats.com/fight-details/2270b89b17067838, http://www.ufcstats.com/fight-details/f63a647b74359194, http://www.ufcstats.com/fight-details/eb62bfcd3d96a182, http://www.ufcstats.com/fight-details/dd56acbfb08aa6b2, http://www.ufcstats.com/fight-details/a41be337367884e6, http://www.ufcstats.com/fight-details/9f6f356a56e4fe6f",2026-03-30T10:58:32Z,2026-08-08T18:32:12Z
e9b5f9b1-5baf-5fc2-8f06-bf5acd7523e5,http://www.ufcstats.com/event-details/c80095f6092271a7,UFC 111: St-Pierre vs Hardy,2010-03-27,completed,"http://www.ufcstats.com/fight-details/d0e4876ab954d27d, http://www.ufcstats.com/fight-details/5755a68d39867abc, http://www.ufcstats.com/fight-details/e74e3c2a96fa9c55, http://www.ufcstats.com/fight-details/d89e004e3992c5a4, http://www.ufcstats.com/fight-details/3b8e793ed8151a51, http://www.ufcstats.com/fight-details/0ae251dd5c0b5304, http://www.ufcstats.com/fight-details/103b36a1b9d98102, http://www.ufcstats.com/fight-details/828776734a528b62, http://www.ufcstats.com/fight-details/4be101dd6883d9bb, http://www.ufcstats.com/fight-details/2059fd17f2ff4e4a",2026-03-30T10:58:33Z,2026-08-08T18:32:13Z
b8ae912b-d148-5f37-8c1f-2d73bd496388,http://www.ufcstats.com/event-details/3ed134d85dfbd7b4,UFC Fight Night: Florian vs Gomi,2010-03-31,completed,"http://www.ufcstats.com/fight-details/8d986c9ee38daf19, http://www.ufcstats.com/fight-details/17cda9957f96883f, http://www.ufcstats.com/fight-details/516868e246064e2b, http://www.ufcstats.com/fight-details/2328c7832a356a6d, http://www.ufcstats.com/fight-details/eeb8b25df8543e0f, http://www.ufcstats.com/fight-details/c16403197580e0af, http://www.ufcstats.com/fight-details/b32acf1c70321321, http://www.ufcstats.com/fight-details/2e8217f029c25a3a, http://www.ufcstats.com/fight-details/713c9b6d0abe5cfc, http://www.ufcstats.com/fight-details/9eaea5e0165802d0, http://www.ufcstats.com/fight-details/8afb878a0900372e",2026-03-30T10:58:35Z,2026-08-08T18:32:14Z
74970c3b-aedb-5f8d-8be1-7673fb61df34,http://www.ufcstats.com/event-details/24b033b3daf1c9df,UFC 112: Invincible,2010-04-10,completed,"http://www.ufcstats.com/fight-details/63f744d672fbb8b4, http://www.ufcstats.com/fight-details/29c9e57b23116aa2, http://www.ufcstats.com/fight-details/5a6861ca6d7fd021, http://www.ufcstats.com/fight-details/38ea5a7a5b4932cb, http://www.ufcstats.com/fight-details/354a92ca4fd824a1, http://www.ufcstats.com/fight-details/e1f77d40503e5259, http://www.ufcstats.com/fight-details/3a1d4016452477f5, http://www.ufcstats.com/fight-details/867904bc58d656df, http://www.ufcstats.com/fight-details/a2e7273a95d5db4a, http://www.ufcstats.com/fight-details/2fec2ba8ea346a3a",2026-03-30T10:58:36Z,2026-08-08T18:32:15Z
0943a582-4b42-52bd-b787-51ec887a918f,http://www.ufcstats.com/event-details/d0c29452d3272603,UFC 113: Machida vs Shogun 2,2010-05-08,completed,"http://www.ufcstats.com/fight-details/1572dbb2433d2201, http://www.ufcstats.com/fight-details/bb58aad30b58b1e4, http://www.ufcstats.com/fight-details/fc2badbeebf85ebf, http://www.ufcstats.com/fight-details/19425b506594d5c7, http://www.ufcstats.com/fight-details/44adac5d05f7e883, http://www.ufcstats.com/fight-details/351dccf63078a20e, http://www.ufcstats.com/fight-details/59f77a6ecd041dff, http://www.ufcstats.com/fight-details/e3846855a38f0bce, http://www.ufcstats.com/fight-details/d4415f08ba3e017e, http://www.ufcstats.com/fight-details/189d14e4e1602c48, http://www.ufcstats.com/fight-details/c795c4b7beb89bee",2026-03-30T10:58:37Z,2026-08-08T18:32:17Z
29ac29ca-062b-586b-80ca-e83c5f80fcfb,http://www.ufcstats.com/event-details/bfc2fc38a0e20211,UFC 114: Rampage vs Evans,2010-05-29,completed,"http://www.ufcstats.com/fight-details/3046c0d0208a65f1, http://www.ufcstats.com/fight-details/f89589236dc3cbd7, http://www.ufcstats.com/fight-details/094a77eecd56a27a, http://www.ufcstats.com/fight-details/26025a42e011229f, http://www.ufcstats.com/fight-details/7f35ce1469dab556, http://www.ufcstats.com/fight-details/96f51af6a93b94c6, http://www.ufcstats.com/fight-details/3832958c913305f0, http://www.ufcstats.com/fight-details/655a110a0bd2ea42, http://www.ufcstats.com/fight-details/8ba089858a7d647b, http://www.ufcstats.com/fight-details/6190569c372725bf, http://www.ufcstats.com/fight-details/5000a0bde6213fd9",2026-03-30T10:58:38Z,2026-08-08T18:32:18Z
74899f2f-76e4-5353-9292-0d02c578c7a7,http://www.ufcstats.com/event-details/cfb65863d5099327,UFC 115: Liddell vs Franklin,2010-06-12,completed,"http://www.ufcstats.com/fight-details/8c3179f0fd62af14, http://www.ufcstats.com/fight-details/9ae6a6f0f0730fa1, http://www.ufcstats.com/fight-details/11774c581b818e30, http://www.ufcstats.com/fight-details/dd7920cac66bed25, http://www.ufcstats.com/fight-details/0031c043c9f14eb8, http://www.ufcstats.com/fight-details/72d69e969eda8679, http://www.ufcstats.com/fight-details/c40fd062610d4e61, http://www.ufcstats.com/fight-details/37e2f89510cc0bba, http://www.ufcstats.com/fight-details/e7cb3f5cb39c33e6, http://www.ufcstats.com/fight-details/ab7934f39038ab27, http://www.ufcstats.com/fight-details/fcac56089f65d04e",2026-03-30T10:58:40Z,2026-08-08T18:32:20Z
a55fc7ff-b8da-5ad9-ac31-665c2d3074c1,http://www.ufcstats.com/event-details/9bcf8603ceb25680,The Ultimate Fighter: Team Liddell vs Team Ortiz Finale,2010-06-19,completed,"http://www.ufcstats.com/fight-details/8c082a3c69e2d192, http://www.ufcstats.com/fight-details/13fa791f0772250c, http://www.ufcstats.com/fight-details/a754766050409638, http://www.ufcstats.com/fight-details/9b38456520395242, http://www.ufcstats.com/fight-details/256c9a39386f94a9, http://www.ufcstats.com/fight-details/76ca3d1cefd6945a, http://www.ufcstats.com/fight-details/3eb829eb77256ac0, http://www.ufcstats.com/fight-details/3657196c2f624138, http://www.ufcstats.com/fight-details/c3e49cc87bd262c8, http://www.ufcstats.com/fight-details/a9da6a31229b136c",2026-03-30T10:58:41Z,2026-08-08T18:32:21Z
e38aa2bb-6e97-5390-9209-bdcadebbacc7,http://www.ufcstats.com/event-details/140745cbbcb023ac,UFC 116: Lesnar vs Carwin,2010-07-03,completed,"http://www.ufcstats.com/fight-details/d9c61052035c9b69, http://www.ufcstats.com/fight-details/049659c5a58ebb61, http://www.ufcstats.com/fight-details/4c5a2a3cf2bea222, http://www.ufcstats.com/fight-details/536c26ef4da9ace7, http://www.ufcstats.com/fight-details/b5608e83faac1387, http://www.ufcstats.com/fight-details/07ba406a1d0a5a71, http://www.ufcstats.com/fight-details/20d28c177a7d43a4, http://www.ufcstats.com/fight-details/16cab4b91e2c8881, http://www.ufcstats.com/fight-details/458e6de1b9ef3500, http://www.ufcstats.com/fight-details/bb7df9a9c9a69914, http://www.ufcstats.com/fight-details/6e62908d6639dcdb",2026-03-30T10:58:42Z,2026-08-08T18:32:22Z
e679e5d8-63d8-54f6-b674-2df778786dba,http://www.ufcstats.com/event-details/f12f979b657ab876,UFC Live: Jones vs Matyushenko,2010-08-01,completed,"http://www.ufcstats.com/fight-details/7949430ebc47f31b, http://www.ufcstats.com/fight-details/743f9df5bdfbcb95, http://www.ufcstats.com/fight-details/c0dc7511452ed0f8, http://www.ufcstats.com/fight-details/a01524699dfa3526, http://www.ufcstats.com/fight-details/71cb15f6dbdaccd8, http://www.ufcstats.com/fight-details/860954fbe26b867a, http://www.ufcstats.com/fight-details/26800d759ba50371, http://www.ufcstats.com/fight-details/a3902e22c10725c4, http://www.ufcstats.com/fight-details/db1c5b5a710fbdb0, http://www.ufcstats.com/fight-details/92dea6ff8f0c1b10",2026-03-30T10:58:43Z,2026-08-08T18:32:23Z
d1468534-5b9b-5a74-9d03-2e8c1b0a5e32,http://www.ufcstats.com/event-details/2f3f12002564bb55,UFC 117: Silva vs Sonnen,2010-08-07,completed,"http://www.ufcstats.com/fight-details/bcab3ebdc21b0b64, http://www.ufcstats.com/fight-details/c92c53954903554a, http://www.ufcstats.com/fight-details/3559cab3329e5431, http://www.ufcstats.com/fight-details/10fd87a88178aedd, http://www.ufcstats.com/fight-details/241a307a9c3d9a21, http://www.ufcstats.com/fight-details/57d481c10c842ba2, http://www.ufcstats.com/fight-details/10e35a0667d39086, http://www.ufcstats.com/fight-details/2592954ad51764b0, http://www.ufcstats.com/fight-details/0072df705378477c, http://www.ufcstats.com/fight-details/55e12d44e9e524cf, http://www.ufcstats.com/fight-details/951d11f8684ed734",2026-03-30T10:58:45Z,2026-08-08T18:32:25Z
b06de098-fdef-50d8-ad82-82fa7bf27714,http://www.ufcstats.com/event-details/054defd5420a551f,UFC 118: Edgar vs Penn 2,2010-08-28,completed,"http://www.ufcstats.com/fight-details/3d38022fdcb3b5c9, http://www.ufcstats.com/fight-details/bec66de67818a9b1, http://www.ufcstats.com/fight-details/4bb7363bb03628f6, http://www.ufcstats.com/fight-details/f484290346cfcf73, http://www.ufcstats.com/fight-details/17a8fbfbe8d32258, http://www.ufcstats.com/fight-details/a5962421d687de8f, http://www.ufcstats.com/fight-details/65290fc5216c2a73, http://www.ufcstats.com/fight-details/18cfc2f58d20c0f2, http://www.ufcstats.com/fight-details/dacca5ea6be14d08, http://www.ufcstats.com/fight-details/9443197a9e0a22a2",2026-03-30T10:58:46Z,2026-08-08T18:32:26Z
f8db83e3-14e8-566c-ae9d-40a0098404db,http://www.ufcstats.com/event-details/acff437707625fc7,UFC Fight Night: Marquardt vs Palhares,2010-09-15,completed,"http://www.ufcstats.com/fight-details/48db60440ead6f6d, http://www.ufcstats.com/fight-details/a24121c70f773fe2, http://www.ufcstats.com/fight-details/108140213049e629, http://www.ufcstats.com/fight-details/2aeba1cc4004d0bc, http://www.ufcstats.com/fight-details/25137d9cc8b47f57, http://www.ufcstats.com/fight-details/b972f998103731da, http://www.ufcstats.com/fight-details/2f2ac4c08e763d38, http://www.ufcstats.com/fight-details/f1ffe3ba615ad7b9, http://www.ufcstats.com/fight-details/a4bc92bfe82d0547, http://www.ufcstats.com/fight-details/88ef809a0fde3900",2026-03-30T10:58:47Z,2026-08-08T18:32:27Z
c979889d-7b3c-56c7-bbf1-369bdb69e5c2,http://www.ufcstats.com/event-details/ad32471f01e7b1a5,UFC 119: Mir vs Cro Cop,2010-09-25,completed,"http://www.ufcstats.com/fight-details/301b145c186635de, http://www.ufcstats.com/fight-details/7e3679992f2c6ff6, http://www.ufcstats.com/fight-details/5b986cd7289a0884, http://www.ufcstats.com/fight-details/81b5e933186a685a, http://www.ufcstats.com/fight-details/8e2e14693e04bf45, http://www.ufcstats.com/fight-details/1733594124569598, http://www.ufcstats.com/fight-details/b2717e8f7e7a196f, http://www.ufcstats.com/fight-details/c22d25f1febd8d09, http://www.ufcstats.com/fight-details/b30bb2ba5b68a180, http://www.ufcstats.com/fight-details/a8b22e990cba6144, http://www.ufcstats.com/fight-details/bd057764cb51f065",2026-03-30T10:58:49Z,2026-08-08T18:32:29Z
459c9d5d-7ed9-510f-87ed-9b30fe0b0fa1,http://www.ufcstats.com/event-details/d512d9f204059f57,UFC 120: Bisping vs Akiyama,2010-10-16,completed,"http://www.ufcstats.com/fight-details/ab341b7bb01cdc89, http://www.ufcstats.com/fight-details/9984333d8933dd58, http://www.ufcstats.com/fight-details/a829493aa8d25e3c, http://www.ufcstats.com/fight-details/00ecb8ea731e64d6, http://www.ufcstats.com/fight-details/2037295b161c8269, http://www.ufcstats.com/fight-details/5014298453caf116, http://www.ufcstats.com/fight-details/9f2e58bf880157b2, http://www.ufcstats.com/fight-details/676f5091ce2c3c90, http://www.ufcstats.com/fight-details/62d4a918256c83e8, http://www.ufcstats.com/fight-details/8c8d46d89bf899e8",2026-03-30T10:58:50Z,2026-08-08T18:32:30Z
4dc47fa8-5b68-5ec0-b876-133650ee6c78,http://www.ufcstats.com/event-details/afdb76fbd86f6d11,UFC 121: Lesnar vs Velasquez,2010-10-23,completed,"http://www.ufcstats.com/fight-details/8f301d4eb8e97449, http://www.ufcstats.com/fight-details/1a0b90c661fd603e, http://www.ufcstats.com/fight-details/635763ab6b5f0bf0, http://www.ufcstats.com/fight-details/ec618a1214d4b171, http://www.ufcstats.com/fight-details/8787d56f59bfb4c3, http://www.ufcstats.com/fight-details/46c74829fb4c2dd5, http://www.ufcstats.com/fight-details/704e1351a64581ed, http://www.ufcstats.com/fight-details/f7e5e9fdcbff28b3, http://www.ufcstats.com/fight-details/95ca100d6bf829b2, http://www.ufcstats.com/fight-details/f817a161eb72e685, http://www.ufcstats.com/fight-details/9c354bd6ea1bf25a",2026-03-30T10:58:51Z,2026-08-08T18:32:31Z
0177399e-5032-5835-af43-aa041620f243,http://www.ufcstats.com/event-details/0ff11cc094e887bc,UFC 122: Marquardt vs Okami,2010-11-13,completed,"http://www.ufcstats.com/fight-details/fdb7377a34603e47, http://www.ufcstats.com/fight-details/6a32cabbcd9b1e42, http://www.ufcstats.com/fight-details/82ad4eb50b3d7bd0, http://www.ufcstats.com/fight-details/5e3f46e6f46d5a90, http://www.ufcstats.com/fight-details/68b3222e977a6a11, http://www.ufcstats.com/fight-details/2a9755f4d43f3e2f, http://www.ufcstats.com/fight-details/d2ce61c578e67067, http://www.ufcstats.com/fight-details/0a5d29e380f1e3e0, http://www.ufcstats.com/fight-details/ebf204638524c377, http://www.ufcstats.com/fight-details/d87755257628de36",2026-03-30T10:58:52Z,2026-08-08T18:32:32Z
fb7c3fbf-bf7a-5af7-8277-cc5531047020,http://www.ufcstats.com/event-details/dd992d569aaebee6,UFC 123: Rampage vs Machida,2010-11-20,completed,"http://www.ufcstats.com/fight-details/47b690fb54f2eaf9, http://www.ufcstats.com/fight-details/552973c278f08fbb, http://www.ufcstats.com/fight-details/256aacb8cb2c4289, http://www.ufcstats.com/fight-details/71bcafd04decc8ce, http://www.ufcstats.com/fight-details/3e0301367e511512, http://www.ufcstats.com/fight-details/15cae38f1326adfb, http://www.ufcstats.com/fight-details/8d886fba9328269c, http://www.ufcstats.com/fight-details/0ed093f6aaab94d3, http://www.ufcstats.com/fight-details/8b87b341bcd130ee, http://www.ufcstats.com/fight-details/e76c3346ad9be24a, http://www.ufcstats.com/fight-details/83ea3c36a6f91cb8",2026-03-30T10:58:54Z,2026-08-08T18:32:33Z
48002ba2-5830-52f5-8487-b988dbe6a9ef,http://www.ufcstats.com/event-details/5d7bdab5e03e3216,The Ultimate Fighter: Team GSP vs Team Koscheck Finale,2010-12-04,completed,"http://www.ufcstats.com/fight-details/dca2a0eb4cd3deac, http://www.ufcstats.com/fight-details/a2be3b3f9739d0af, http://www.ufcstats.com/fight-details/dee976dde74e7e05, http://www.ufcstats.com/fight-details/dca074896265f816, http://www.ufcstats.com/fight-details/6e574bd614afffd9, http://www.ufcstats.com/fight-details/f5686732b85adafc, http://www.ufcstats.com/fight-details/ee85a66d86490f83, http://www.ufcstats.com/fight-details/a1b035662f43aae2, http://www.ufcstats.com/fight-details/d2287a9cfb6b9b07, http://www.ufcstats.com/fight-details/7206d0aa1d53e518, http://www.ufcstats.com/fight-details/3d16f99de58b9d0e",2026-03-30T10:58:55Z,2026-08-08T18:32:35Z
eb26121a-899a-5377-bdfb-034413ac175f,http://www.ufcstats.com/event-details/132f860d02953f4c,UFC 124: St-Pierre vs Koscheck 2,2010-12-11,completed,"http://www.ufcstats.com/fight-details/e87b5c403533b057, http://www.ufcstats.com/fight-details/ed6a02c8dcc6f922, http://www.ufcstats.com/fight-details/77785292d4df807c, http://www.ufcstats.com/fight-details/ecc41acbd699812a, http://www.ufcstats.com/fight-details/f0d86420d88ca27b, http://www.ufcstats.com/fight-details/ecc80630494d402a, http://www.ufcstats.com/fight-details/94a3e3df3d28d8f0, http://www.ufcstats.com/fight-details/1de579eecc094c8b, http://www.ufcstats.com/fight-details/37d988593cb5f14a, http://www.ufcstats.com/fight-details/42a361f33cbb8d6f, http://www.ufcstats.com/fight-details/c4bbae7615545c85",2026-03-30T10:58:56Z,2026-08-08T18:32:36Z
38883c67-45e1-59b9-81bf-0e4381f84c31,http://www.ufcstats.com/event-details/d1152823307d7e7c,UFC 125: Resolution,2011-01-01,completed,"http://www.ufcstats.com/fight-details/91bb64656e13a1d4, http://www.ufcstats.com/fight-details/075be81e3f92c2bf, http://www.ufcstats.com/fight-details/65b4d4be2d04bb34, http://www.ufcstats.com/fight-details/de7eec13356baebe, http://www.ufcstats.com/fight-details/f327f8e59acfab1b, http://www.ufcstats.com/fight-details/df42fd9af4740d24, http://www.ufcstats.com/fight-details/b13e3620949300c5, http://www.ufcstats.com/fight-details/fbc7d73f7bf60b9c, http://www.ufcstats.com/fight-details/965989097794b22b, http://www.ufcstats.com/fight-details/33c8395139de7551, http://www.ufcstats.com/fight-details/e7ace0544d5ab596",2026-03-30T10:58:58Z,2026-08-08T18:32:37Z
10361657-f12e-5836-9c55-e38ebe245f61,http://www.ufcstats.com/event-details/282fa667ff9c51ed,UFC Fight Night: Fight for the Troops 2,2011-01-22,completed,"http://www.ufcstats.com/fight-details/6963c65b49e47277, http://www.ufcstats.com/fight-details/a60ba933a7ea898e, http://www.ufcstats.com/fight-details/9a71dc94152a76ac, http://www.ufcstats.com/fight-details/4abf375aa97364f6, http://www.ufcstats.com/fight-details/dc58af0c02a42743, http://www.ufcstats.com/fight-details/ab8b506dd2277da3, http://www.ufcstats.com/fight-details/a245b4d0a7861fb8, http://www.ufcstats.com/fight-details/ba5b23e7ef308883, http://www.ufcstats.com/fight-details/dbfac95047e7b33a, http://www.ufcstats.com/fight-details/986bc0ce25dac848, http://www.ufcstats.com/fight-details/89cb6801b51f2216",2026-03-30T10:58:59Z,2026-08-08T18:32:38Z
da49735f-c394-5896-8dc0-216b90cf9f6a,http://www.ufcstats.com/event-details/65ddc8a9ac4e8531,UFC 126: Silva vs Belfort,2011-02-05,completed,"http://www.ufcstats.com/fight-details/87c73e2086214b5c, http://www.ufcstats.com/fight-details/d2246624da1c4e38, http://www.ufcstats.com/fight-details/65ce293c20bd25e2, http://www.ufcstats.com/fight-details/d1cda3a0c148b725, http://www.ufcstats.com/fight-details/ce6f4d06fe5b51f3, http://www.ufcstats.com/fight-details/6b7033df94818cee, http://www.ufcstats.com/fight-details/ae3ab5d1892153ef, http://www.ufcstats.com/fight-details/20aa994cd23074b9, http://www.ufcstats.com/fight-details/95f136c07f9834be, http://www.ufcstats.com/fight-details/c1843fa8f113d321, http://www.ufcstats.com/fight-details/791b8b3a475487e9",2026-03-30T10:59:00Z,2026-08-08T18:32:39Z
704e3ee7-321a-52a8-b06e-764bb0ebd1f6,http://www.ufcstats.com/event-details/88a9bc81271ccd89,UFC 127: Penn vs Fitch,2011-02-26,completed,"http://www.ufcstats.com/fight-details/f825e17e7a1332cd, http://www.ufcstats.com/fight-details/0f461c4ddf70eff9, http://www.ufcstats.com/fight-details/2dd864ec1a1a4031, http://www.ufcstats.com/fight-details/d5e7fe1f5035505c, http://www.ufcstats.com/fight-details/76e6177c401f2176, http://www.ufcstats.com/fight-details/72372c31dee3cadc, http://www.ufcstats.com/fight-details/fec8b9760d6bb235, http://www.ufcstats.com/fight-details/ae07b35f2797242e, http://www.ufcstats.com/fight-details/e4b5f0358ce7bad4, http://www.ufcstats.com/fight-details/5b6796a9194d339b, http://www.ufcstats.com/fight-details/6ac1478baeddaae8, http://www.ufcstats.com/fight-details/062816ff1b591bbb",2026-03-30T10:59:02Z,2026-08-08T18:32:41Z
d27407dc-c3e9-5f5e-9f65-b4c9d7fe5537,http://www.ufcstats.com/event-details/a54fc2d6fc224dc3,UFC Live: Sanchez vs Kampmann,2011-03-03,completed,"http://www.ufcstats.com/fight-details/42536a8cf2eda678, http://www.ufcstats.com/fight-details/08602f790f09d949, http://www.ufcstats.com/fight-details/4186686dbd9957cd, http://www.ufcstats.com/fight-details/f06030bf27ebe337, http://www.ufcstats.com/fight-details/67afd8e69820ffa0, http://www.ufcstats.com/fight-details/bbbb4c62c35f5390, http://www.ufcstats.com/fight-details/16b0e962beb6d15e, http://www.ufcstats.com/fight-details/d59b40be94d5a609, http://www.ufcstats.com/fight-details/de2513c984996c8c, http://www.ufcstats.com/fight-details/1fa6d636d283ac84, http://www.ufcstats.com/fight-details/3ce9e07f51239edd",2026-03-30T10:59:03Z,2026-08-08T18:32:42Z
a3b5102b-9440-52b6-9fbf-d9b1a4aa2fee,http://www.ufcstats.com/event-details/1411c630ba711b64,UFC 128: Shogun vs Jones,2011-03-19,completed,"http://www.ufcstats.com/fight-details/dc2a3aeac1441991, http://www.ufcstats.com/fight-details/dd3ea525fe1898f1, http://www.ufcstats.com/fight-details/2a28ce0035468735, http://www.ufcstats.com/fight-details/376beb49aadb06d6, http://www.ufcstats.com/fight-details/077667e3aaf314db, http://www.ufcstats.com/fight-details/e1563825c36aad26, http://www.ufcstats.com/fight-details/42e7cc48c31d8f29, http://www.ufcstats.com/fight-details/a8cf22bc7d05c0a1, http://www.ufcstats.com/fight-details/e595cb4bfc26193b, http://www.ufcstats.com/fight-details/04193f1fff93ddb1, http://www.ufcstats.com/fight-details/560cec2acc9b0a13, http://www.ufcstats.com/fight-details/18b31990d1808419",2026-03-30T10:59:04Z,2026-08-08T18:32:43Z
18634313-add9-5dd8-8ca7-59908bd91e2e,http://www.ufcstats.com/event-details/8a59d346dc976a10,UFC Fight Night: Nogueira vs Davis,2011-03-26,completed,"http://www.ufcstats.com/fight-details/28b405fe1552ccad, http://www.ufcstats.com/fight-details/60f3232bc7a73b15, http://www.ufcstats.com/fight-details/de78bdd8c734e8ab, http://www.ufcstats.com/fight-details/bb70048e290f4a86, http://www.ufcstats.com/fight-details/70e78fcf793bc82b, http://www.ufcstats.com/fight-details/28f57f60a46654f6, http://www.ufcstats.com/fight-details/60d27c73e4a20318, http://www.ufcstats.com/fight-details/c67473192bda50d8, http://www.ufcstats.com/fight-details/774f7eed6b0180be, http://www.ufcstats.com/fight-details/a1f4a5fcef50915b, http://www.ufcstats.com/fight-details/89d39663ff1b890e, http://www.ufcstats.com/fight-details/04d97700dbdaef5e",2026-03-30T10:59:05Z,2026-08-08T18:32:44Z
4d161804-5454-5b29-a53a-d12f2ff2d723,http://www.ufcstats.com/event-details/2db7fa8db6bc9632,UFC 129: St-Pierre vs Shields,2011-04-30,completed,"http://www.ufcstats.com/fight-details/9c3c0818f0c32768, http://www.ufcstats.com/fight-details/12b94f0229c30ead, http://www.ufcstats.com/fight-details/f0e299c134cbac37, http://www.ufcstats.com/fight-details/520de85f6d492264, http://www.ufcstats.com/fight-details/eb8e4c57d131fb46, http://www.ufcstats.com/fight-details/6f0dc5319bf900dc, http://www.ufcstats.com/fight-details/81ec228bf7af0fc1, http://www.ufcstats.com/fight-details/eb6a55ee772dd722, http://www.ufcstats.com/fight-details/6d83de8d54f75ffc, http://www.ufcstats.com/fight-details/5aef2af22f5f2fbd, http://www.ufcstats.com/fight-details/6d3655c731347f94, http://www.ufcstats.com/fight-details/8348ff428d1687ab",2026-03-30T10:59:06Z,2026-08-08T18:32:44Z
e58b986b-9147-5a4a-a0f0-16211ed8013b,http://www.ufcstats.com/event-details/b732b326c362fb62,UFC 130: Rampage vs Hamill,2011-05-28,completed,"http://www.ufcstats.com/fight-details/9cf91ae875d886df, http://www.ufcstats.com/fight-details/c553753c64379c39, http://www.ufcstats.com/fight-details/727c8004faed648d, http://www.ufcstats.com/fight-details/7956ae951020ce8c, http://www.ufcstats.com/fight-details/6617170d3659b175, http://www.ufcstats.com/fight-details/b0cfaf01a155985b, http://www.ufcstats.com/fight-details/3d1a835c15fd8cb2, http://www.ufcstats.com/fight-details/6299412d7bbfbce6, http://www.ufcstats.com/fight-details/556952a9520d0ae0, http://www.ufcstats.com/fight-details/4cc8bef7c487cf9d",2026-03-30T10:59:07Z,2026-08-08T18:32:46Z
706462b8-494f-5e9b-8439-ed454821319d,http://www.ufcstats.com/event-details/3ba3b5cc94498437,The Ultimate Fighter: Team Lesnar vs Team dos Santos Finale,2011-06-04,completed,"http://www.ufcstats.com/fight-details/cd0bc692a7bce9e7, http://www.ufcstats.com/fight-details/e9fc9dcc549c7f3b, http://www.ufcstats.com/fight-details/a1f9a28339f5e1b2, http://www.ufcstats.com/fight-details/35e23b1917b59132, http://www.ufcstats.com/fight-details/1b0887e7533b9b49, http://www.ufcstats.com/fight-details/7240a9432bf2af67, http://www.ufcstats.com/fight-details/2ebfb072b178649e, http://www.ufcstats.com/fight-details/ba0b95898baad200, http://www.ufcstats.com/fight-details/33005a28b1226d15, http://www.ufcstats.com/fight-details/57622ac93e8d8900, http://www.ufcstats.com/fight-details/07df55cb3cc0ec30",2026-03-30T10:59:08Z,2026-08-08T18:32:47Z
5d27990e-dd99-5375-a217-bc484ec23ccd,http://www.ufcstats.com/event-details/aac5ac38148f0528,UFC 131: Dos Santos vs Carwin,2011-06-11,completed,"http://www.ufcstats.com/fight-details/60be440e54760b40, http://www.ufcstats.com/fight-details/c1039954c3457fe7, http://www.ufcstats.com/fight-details/6dc666fd76a3b280, http://www.ufcstats.com/fight-details/65270a16c25b59ad, http://www.ufcstats.com/fight-details/9f69f6420f21080a, http://www.ufcstats.com/fight-details/44e24628e8eda0b1, http://www.ufcstats.com/fight-details/65ac65daa51720e2, http://www.ufcstats.com/fight-details/1878e37418f1dfcd, http://www.ufcstats.com/fight-details/06db48a74d81a15e, http://www.ufcstats.com/fight-details/b3a0fc0a945a31f7, http://www.ufcstats.com/fight-details/9a18479792f990f7, http://www.ufcstats.com/fight-details/29bf7862fb1c28d6",2026-03-30T10:59:09Z,2026-08-08T18:32:48Z
2c1db35c-bc0d-5f32-9ce4-335ea3def2ed,http://www.ufcstats.com/event-details/d023ae89a2a4a41e,UFC Live: Kongo vs Barry,2011-06-26,completed,"http://www.ufcstats.com/fight-details/4d6f492092d827cf, http://www.ufcstats.com/fight-details/0212461ac95ae690, http://www.ufcstats.com/fight-details/5ad0a7ec5e99955b, http://www.ufcstats.com/fight-details/41f186bffee2bb29, http://www.ufcstats.com/fight-details/70ddd13934e6c0e9, http://www.ufcstats.com/fight-details/4289bcb551b07bc1, http://www.ufcstats.com/fight-details/6b3038fe26a57b80, http://www.ufcstats.com/fight-details/6cc8c21becd17ffa, http://www.ufcstats.com/fight-details/91daeeeea0a83e49, http://www.ufcstats.com/fight-details/16da233dcf7fecc8, http://www.ufcstats.com/fight-details/daa06084bcc66645",2026-03-30T10:59:11Z,2026-08-08T18:32:49Z
7e6c3a17-7de0-5860-a05f-41d3f6c2a6fe,http://www.ufcstats.com/event-details/83fd97284f4bb4a4,UFC 132: Cruz vs Faber,2011-07-02,completed,"http://www.ufcstats.com/fight-details/8f4a445ccb548f15, http://www.ufcstats.com/fight-details/50ebe7915d9f0cab, http://www.ufcstats.com/fight-details/be79dafe6c0b7671, http://www.ufcstats.com/fight-details/34c6c06ba60a9ade, http://www.ufcstats.com/fight-details/d5d6ae85ebcfd160, http://www.ufcstats.com/fight-details/137d7dea41cacdc6, http://www.ufcstats.com/fight-details/65171ae917df102f, http://www.ufcstats.com/fight-details/a0d1be5413e301dd, http://www.ufcstats.com/fight-details/ec20620c294a49a4, http://www.ufcstats.com/fight-details/d8287db48ec356df, http://www.ufcstats.com/fight-details/29a1ed2c88c34fe0",2026-03-30T10:59:12Z,2026-08-08T18:32:50Z
137dd745-93f9-5bc4-8d62-6bf1dcae1e6f,http://www.ufcstats.com/event-details/f1f9e48a0d150757,UFC 133: Evans vs Ortiz 2,2011-08-06,completed,"http://www.ufcstats.com/fight-details/68ac97071275099f, http://www.ufcstats.com/fight-details/eb3093e235f048c8, http://www.ufcstats.com/fight-details/27593cd1cda3cc2f, http://www.ufcstats.com/fight-details/04df2fbb108b23c1, http://www.ufcstats.com/fight-details/c299ca1bc07857d5, http://www.ufcstats.com/fight-details/48ac0e2cf3681cca, http://www.ufcstats.com/fight-details/e516a0e035fd57f7, http://www.ufcstats.com/fight-details/de41ca23c9a13bfb, http://www.ufcstats.com/fight-details/87cc38e9d565f819, http://www.ufcstats.com/fight-details/9468f58f8abf78df, http://www.ufcstats.com/fight-details/ba2f30fb7143a6b1",2026-03-30T10:59:14Z,2026-08-08T18:32:51Z
1e82219a-2a9e-5388-9dac-36329d114f5e,http://www.ufcstats.com/event-details/4c8d6fde2dde07c4,UFC Live: Hardy vs Lytle,2011-08-14,completed,"http://www.ufcstats.com/fight-details/aa4aa75f0065a687, http://www.ufcstats.com/fight-details/5169aaf0ce80d1f8, http://www.ufcstats.com/fight-details/295c2e1ae2d54287, http://www.ufcstats.com/fight-details/09c1d4c96efd0545, http://www.ufcstats.com/fight-details/74773b56e0b31c6b, http://www.ufcstats.com/fight-details/0fd5485e64712df9, http://www.ufcstats.com/fight-details/23243c27deb4d596, http://www.ufcstats.com/fight-details/a39286bf0a443ff0, http://www.ufcstats.com/fight-details/345f0bd50451a321, http://www.ufcstats.com/fight-details/475c55534f9e08ee, http://www.ufcstats.com/fight-details/03938272fb7c3971, http://www.ufcstats.com/fight-details/096d656048f85b18",2026-03-30T10:59:15Z,2026-08-08T18:32:52Z
46b40701-5c2b-5712-8da1-49dce579a473,http://www.ufcstats.com/event-details/18968f97ad34f15c,UFC 134: Silva vs Okami,2011-08-27,completed,"http://www.ufcstats.com/fight-details/89cc8f4a69e9ea0e, http://www.ufcstats.com/fight-details/e7da014d4dfc5bf3, http://www.ufcstats.com/fight-details/fa3294fe655440dd, http://www.ufcstats.com/fight-details/c8fbe7ade97e2055, http://www.ufcstats.com/fight-details/8782dca7c99717a6, http://www.ufcstats.com/fight-details/6265ffd51a18ff21, http://www.ufcstats.com/fight-details/15b62b191eb6dacf, http://www.ufcstats.com/fight-details/8938fad6ec08499d, http://www.ufcstats.com/fight-details/7b1d63d0e3e12804, http://www.ufcstats.com/fight-details/9d379b41d86d7c7f, http://www.ufcstats.com/fight-details/7036a87673c98a13, http://www.ufcstats.com/fight-details/1fb62d8192128dc1",2026-03-30T10:59:16Z,2026-08-08T18:32:53Z
33363c49-69ee-5514-bdc9-a48cf5214105,http://www.ufcstats.com/event-details/1ffc38f67785797b,UFC Fight Night: Shields vs Ellenberger,2011-09-17,completed,"http://www.ufcstats.com/fight-details/1fa175b6a35e95e2, http://www.ufcstats.com/fight-details/032a61c6f9439b1d, http://www.ufcstats.com/fight-details/b4daedb1e0c4ee02, http://www.ufcstats.com/fight-details/a7fca585b4fd4255, http://www.ufcstats.com/fight-details/5dc4552c9288441a, http://www.ufcstats.com/fight-details/fdc82a98c68588c4, http://www.ufcstats.com/fight-details/558b54d28a662cca, http://www.ufcstats.com/fight-details/35cfe0b894b93332, http://www.ufcstats.com/fight-details/be5cdd4872fbd0b7, http://www.ufcstats.com/fight-details/11141cf97c6156b6, http://www.ufcstats.com/fight-details/0f5f1f5828ebd9c5, http://www.ufcstats.com/fight-details/1f70cf05ec46f065",2026-03-30T10:59:17Z,2026-08-08T18:32:54Z
883e9352-92c2-5f41-a43f-1051fdac3c43,http://www.ufcstats.com/event-details/73ef22f25d0f70e2,UFC 135: Jones vs Rampage,2011-09-24,completed,"http://www.ufcstats.com/fight-details/181ce41897b37352, http://www.ufcstats.com/fight-details/8133b11f2b7ad634, http://www.ufcstats.com/fight-details/cca58aece2816dd1, http://www.ufcstats.com/fight-details/9cb967c62498ff02, http://www.ufcstats.com/fight-details/fde66b153c65e25d, http://www.ufcstats.com/fight-details/3f7c7917a57d2782, http://www.ufcstats.com/fight-details/8af87933e6409e24, http://www.ufcstats.com/fight-details/d7d7c9ce3d812eca, http://www.ufcstats.com/fight-details/eb5b6287ba73640d, http://www.ufcstats.com/fight-details/38591fb67eb2a6c3",2026-03-30T10:59:18Z,2026-08-08T18:32:55Z
b7d50dfb-2088-5600-ac03-67676869d242,http://www.ufcstats.com/event-details/44f9c777fed7ca03,UFC Live: Cruz vs Johnson,2011-10-01,completed,"http://www.ufcstats.com/fight-details/e2433610f128d963, http://www.ufcstats.com/fight-details/008d1123cc90f003, http://www.ufcstats.com/fight-details/f914dd2414f9a0ae, http://www.ufcstats.com/fight-details/3542b1fd47163fcd, http://www.ufcstats.com/fight-details/765a1fde5ee12784, http://www.ufcstats.com/fight-details/6aa873e65d880322, http://www.ufcstats.com/fight-details/d7f151f529543431, http://www.ufcstats.com/fight-details/cdedc8f026307dd7, http://www.ufcstats.com/fight-details/425e856cac6f521b, http://www.ufcstats.com/fight-details/8bd1f8cb9aa06dcf",2026-03-30T10:59:20Z,2026-08-08T18:32:57Z
2a7ecc06-b945-5118-bbe2-0b1e116663c1,http://www.ufcstats.com/event-details/7d5b12de1625984e,UFC 136: Edgar vs Maynard 3,2011-10-08,completed,"http://www.ufcstats.com/fight-details/8a660069ae42edc2, http://www.ufcstats.com/fight-details/21d2958e13389511, http://www.ufcstats.com/fight-details/63ee688385bf7c69, http://www.ufcstats.com/fight-details/80538f958af30aa0, http://www.ufcstats.com/fight-details/a369d5ca5aef8b25, http://www.ufcstats.com/fight-details/5f4284409503d874, http://www.ufcstats.com/fight-details/24d92c89c893db42, http://www.ufcstats.com/fight-details/9274af24eb96e4b1, http://www.ufcstats.com/fight-details/a730a20ab0c61499, http://www.ufcstats.com/fight-details/b16534d6bb279b2a, http://www.ufcstats.com/fight-details/14b450e4ff3c5b97",2026-03-30T10:59:21Z,2026-08-08T18:32:58Z
542fee5a-d13e-5a53-8a93-dddc1188a257,http://www.ufcstats.com/event-details/8788beb528894f33,UFC 137: Penn vs Diaz,2011-10-29,completed,"http://www.ufcstats.com/fight-details/0583a3d402bed6e4, http://www.ufcstats.com/fight-details/ce05150d524a1829, http://www.ufcstats.com/fight-details/9574c1ed9ad25816, http://www.ufcstats.com/fight-details/332432834ece3bc7, http://www.ufcstats.com/fight-details/040f9c9b470f3e6b, http://www.ufcstats.com/fight-details/f141416b02a31f4e, http://www.ufcstats.com/fight-details/8aefe4de7a490de6, http://www.ufcstats.com/fight-details/3ce9fb5e3bdee7b0, http://www.ufcstats.com/fight-details/baf123a5b5fc674c, http://www.ufcstats.com/fight-details/f19a56ecc6c150e3, http://www.ufcstats.com/fight-details/1a28928b8d7b4c11",2026-03-30T10:59:22Z,2026-08-08T18:33:00Z
3c93407c-13e5-58b3-9193-f40d41cd2d7e,http://www.ufcstats.com/event-details/e780ccc79a209985,UFC 138: Leben vs Munoz,2011-11-05,completed,"http://www.ufcstats.com/fight-details/3fad8fd8b6e4465d, http://www.ufcstats.com/fight-details/3ca05de15ddd658b, http://www.ufcstats.com/fight-details/30d0cab706e43838, http://www.ufcstats.com/fight-details/da876a1ab4b8eb48, http://www.ufcstats.com/fight-details/92030ef8b5796b0a, http://www.ufcstats.com/fight-details/e623355d7f897b92, http://www.ufcstats.com/fight-details/b7799cdf8a6470ea, http://www.ufcstats.com/fight-details/77862f580ce9bca8, http://www.ufcstats.com/fight-details/7360ec204d4e0e10, http://www.ufcstats.com/fight-details/3ed2190f1d604432",2026-03-30T10:59:24Z,2026-08-08T18:33:01Z
d17b749c-f585-5988-9927-6eda7f09c0de,http://www.ufcstats.com/event-details/1c061eb6e29eaa0a,UFC on FOX: Velasquez vs Dos Santos,2011-11-12,completed,"http://www.ufcstats.com/fight-details/78294f5d5e0f2b13, http://www.ufcstats.com/fight-details/5254658d4e4126c9, http://www.ufcstats.com/fight-details/db690563ae7fa070, http://www.ufcstats.com/fight-details/0f22781ab4635414, http://www.ufcstats.com/fight-details/bc7743819590b193, http://www.ufcstats.com/fight-details/f0666193c544be4a, http://www.ufcstats.com/fight-details/8208afe1e52b02e9, http://www.ufcstats.com/fight-details/9eed1b277c76f576, http://www.ufcstats.com/fight-details/42a353676554ecf2, http://www.ufcstats.com/fight-details/48c6c45d9628bb79",2026-03-30T10:59:25Z,2026-08-08T18:33:02Z
d5726122-dd8e-5ede-b622-833a0a03696d,http://www.ufcstats.com/event-details/0ec821423baa26bd,UFC 139: Shogun vs Henderson,2011-11-19,completed,"http://www.ufcstats.com/fight-details/206db35805bb83dc, http://www.ufcstats.com/fight-details/30c574f33700010a, http://www.ufcstats.com/fight-details/73fd4982ef7aae44, http://www.ufcstats.com/fight-details/89820fae001dd151, http://www.ufcstats.com/fight-details/50ffbc85d3c50604, http://www.ufcstats.com/fight-details/2f5ced39b8208e46, http://www.ufcstats.com/fight-details/52f77a9f9eb66ab7, http://www.ufcstats.com/fight-details/f754d17d5047d536, http://www.ufcstats.com/fight-details/a117805ab030b194, http://www.ufcstats.com/fight-details/10f54096561f587d, http://www.ufcstats.com/fight-details/421842986f10851e, http://www.ufcstats.com/fight-details/39e7bb2a0842b8a1",2026-03-30T10:59:27Z,2026-08-08T18:33:03Z
937c5344-0f5e-5021-9e5d-aacbad4aa18c,http://www.ufcstats.com/event-details/1f5f75658551f2d3,The Ultimate Fighter: Team Bisping vs Team Miller Finale,2011-12-03,completed,"http://www.ufcstats.com/fight-details/f182b13c6e07dfb1, http://www.ufcstats.com/fight-details/6e85d8d17c3eed58, http://www.ufcstats.com/fight-details/9a3908ab337c5f3f, http://www.ufcstats.com/fight-details/381b2df85ac06615, http://www.ufcstats.com/fight-details/25783a9abbfee4fc, http://www.ufcstats.com/fight-details/9821faf6a5d6fd0d, http://www.ufcstats.com/fight-details/72481ce1897251cd, http://www.ufcstats.com/fight-details/c302f24082239f82, http://www.ufcstats.com/fight-details/21ebc940f3dfde82, http://www.ufcstats.com/fight-details/b28aad0fdc0b8cc0",2026-03-30T10:59:27Z,2026-08-08T18:33:04Z
725f08da-86de-50c0-bfd5-dbdbf819b79c,http://www.ufcstats.com/event-details/6d7886b094b471ac,UFC 140: Jones vs Machida,2011-12-10,completed,"http://www.ufcstats.com/fight-details/834968d130e1f0e9, http://www.ufcstats.com/fight-details/92d0c39f0df77c7e, http://www.ufcstats.com/fight-details/69d6d58d58cb81e3, http://www.ufcstats.com/fight-details/dbe53d31f4c1ccf7, http://www.ufcstats.com/fight-details/8abe79e6d300b639, http://www.ufcstats.com/fight-details/e03ec6b24fca2386, http://www.ufcstats.com/fight-details/76d18b94f580be6e, http://www.ufcstats.com/fight-details/fd0c847858bd346f, http://www.ufcstats.com/fight-details/fef109b9f26585b3, http://www.ufcstats.com/fight-details/70995170c27c4143, http://www.ufcstats.com/fight-details/d6d812269487071e, http://www.ufcstats.com/fight-details/e094423979fc7c6a",2026-03-30T10:59:29Z,2026-08-08T18:33:06Z
31e9b0b1-8dfd-51a0-9f09-9562151df14f,http://www.ufcstats.com/event-details/91720876db0ee468,UFC 141: Lesnar vs Overeem,2011-12-30,completed,"http://www.ufcstats.com/fight-details/5c3325b7da3f7828, http://www.ufcstats.com/fight-details/d940ffe543c4e38b, http://www.ufcstats.com/fight-details/b9508f47504ccc59, http://www.ufcstats.com/fight-details/607722017a9d7e22, http://www.ufcstats.com/fight-details/eeef3df8adb8acc7, http://www.ufcstats.com/fight-details/434411f139e51760, http://www.ufcstats.com/fight-details/68137e9ff22d426b, http://www.ufcstats.com/fight-details/972034fcd94ca83b, http://www.ufcstats.com/fight-details/46bea6d63ffe17e4, http://www.ufcstats.com/fight-details/2f715933d0626544",2026-03-30T10:59:30Z,2026-08-08T18:33:07Z
10f0a7f4-6840-58ab-a654-97ab1f1c3434,http://www.ufcstats.com/event-details/18524b46c570730b,UFC 142: Aldo vs Mendes,2012-01-14,completed,"http://www.ufcstats.com/fight-details/9afcb091777f6a83, http://www.ufcstats.com/fight-details/50bdcb20286690ff, http://www.ufcstats.com/fight-details/c715c165cb3469d2, http://www.ufcstats.com/fight-details/b2a91be41c3233cd, http://www.ufcstats.com/fight-details/11e7f12ecb2d1597, http://www.ufcstats.com/fight-details/977e37adadd1b8ad, http://www.ufcstats.com/fight-details/0695d1f42b1550a2, http://www.ufcstats.com/fight-details/0be68308b5d63a47, http://www.ufcstats.com/fight-details/f126491f024c1563, http://www.ufcstats.com/fight-details/7bb603674999e675",2026-03-30T10:59:31Z,2026-08-08T18:33:08Z
e1ecfa93-e09f-51b4-9c18-9d8980d822b8,http://www.ufcstats.com/event-details/4d74641fac830182,UFC on FX: Guillard vs Miller,2012-01-20,completed,"http://www.ufcstats.com/fight-details/90d50fb7e2bf789e, http://www.ufcstats.com/fight-details/d391ca8154bcf507, http://www.ufcstats.com/fight-details/77c1e127c1be9983, http://www.ufcstats.com/fight-details/fc91f1e448f35797, http://www.ufcstats.com/fight-details/0071c5d16e6e07f6, http://www.ufcstats.com/fight-details/8360accf6f70ebc4, http://www.ufcstats.com/fight-details/be7b9301e7c689c1, http://www.ufcstats.com/fight-details/37e0251af7b18742, http://www.ufcstats.com/fight-details/f4bdf10856c1760e, http://www.ufcstats.com/fight-details/26cdaf7cf575f656",2026-03-30T10:59:33Z,2026-08-08T18:33:10Z
67f6e0ce-6571-56b3-bd53-687e6dfaa846,http://www.ufcstats.com/event-details/c3c23c99477c041b,UFC on FOX: Evans vs Davis,2012-01-28,completed,"http://www.ufcstats.com/fight-details/e0df5f84686586a1, http://www.ufcstats.com/fight-details/81c5c897717a1ef6, http://www.ufcstats.com/fight-details/ba75be28158d424c, http://www.ufcstats.com/fight-details/e7861d4e2b29193f, http://www.ufcstats.com/fight-details/c63a050af0692daf, http://www.ufcstats.com/fight-details/ca263e46051261e2, http://www.ufcstats.com/fight-details/7a4e5bcd7336d203, http://www.ufcstats.com/fight-details/e8a167bb84082832, http://www.ufcstats.com/fight-details/fd230ba169b3f2b6, http://www.ufcstats.com/fight-details/7a37fd92b26d15c8",2026-03-30T10:59:34Z,2026-08-08T18:33:11Z
be7bb790-f3b0-5b6c-b64a-c5d4567ba562,http://www.ufcstats.com/event-details/df2cf66d8c0123db,UFC 143: Diaz vs Condit,2012-02-04,completed,"http://www.ufcstats.com/fight-details/09a2909e1848be52, http://www.ufcstats.com/fight-details/6bde0b88f21304d4, http://www.ufcstats.com/fight-details/cee1fb8ac703f34f, http://www.ufcstats.com/fight-details/6fbe7dffff5f5f1e, http://www.ufcstats.com/fight-details/7e57d7848f9faacf, http://www.ufcstats.com/fight-details/099a2db0470d456b, http://www.ufcstats.com/fight-details/d019250cc6d93527, http://www.ufcstats.com/fight-details/bd340a13bc3df8a1, http://www.ufcstats.com/fight-details/6ecc59654c2f519f, http://www.ufcstats.com/fight-details/5510b86a35c5614b, http://www.ufcstats.com/fight-details/40c080d0f86f1f1f",2026-03-30T10:59:35Z,2026-08-08T18:33:12Z
846fcf65-6fda-506a-9c4d-f08efda5ba99,http://www.ufcstats.com/event-details/0a97691039c4bbfb,UFC on FUEL TV: Sanchez vs Ellenberger,2012-02-15,completed,"http://www.ufcstats.com/fight-details/3e50773520e7a218, http://www.ufcstats.com/fight-details/e93d07a18ca847c8, http://www.ufcstats.com/fight-details/f10d3d4ffd5a4922, http://www.ufcstats.com/fight-details/796a7e1fa80af990, http://www.ufcstats.com/fight-details/5f7a1ba6e016b249, http://www.ufcstats.com/fight-details/74e92a66b29674a9, http://www.ufcstats.com/fight-details/2341651d1043e2c0, http://www.ufcstats.com/fight-details/adb35d212e716b8a, http://www.ufcstats.com/fight-details/638a999dab6fe310",2026-03-30T10:59:36Z,2026-08-08T18:33:13Z
f8f588ab-4488-5bd9-aea1-7caa30d87e49,http://www.ufcstats.com/event-details/8377c5572cb356f3,UFC 144: Edgar vs Henderson,2012-02-25,completed,"http://www.ufcstats.com/fight-details/43b494c32b7f18cb, http://www.ufcstats.com/fight-details/7c307d98ed135d32, http://www.ufcstats.com/fight-details/319053a9de63ab85, http://www.ufcstats.com/fight-details/53d2a57daaae700b, http://www.ufcstats.com/fight-details/eac1c31f1b3d11f3, http://www.ufcstats.com/fight-details/6bcf5381dd8de85b, http://www.ufcstats.com/fight-details/9b4bff38430a01eb, http://www.ufcstats.com/fight-details/1b4f87d607b3964d, http://www.ufcstats.com/fight-details/a196dce12754e34e, http://www.ufcstats.com/fight-details/fb57dcc651894ae9, http://www.ufcstats.com/fight-details/3101c8d54df53e27, http://www.ufcstats.com/fight-details/84e800acc2aacd8e",2026-03-30T10:59:37Z,2026-08-08T18:33:15Z
2fceff22-c0fc-54d6-a789-362a3758d323,http://www.ufcstats.com/event-details/b5ea750025697880,UFC on FX: Alves vs Kampmann,2012-03-02,completed,"http://www.ufcstats.com/fight-details/b42d4c3c701945bf, http://www.ufcstats.com/fight-details/058d32372a2271fd, http://www.ufcstats.com/fight-details/5c55530a258a9e41, http://www.ufcstats.com/fight-details/01e5e4099f03f20e, http://www.ufcstats.com/fight-details/33f0817701e49bf1, http://www.ufcstats.com/fight-details/b218d6a420abb67b, http://www.ufcstats.com/fight-details/54b7b3378e394070, http://www.ufcstats.com/fight-details/a00b98f41c05ae6c, http://www.ufcstats.com/fight-details/3a2bd4fe6f08bc17, http://www.ufcstats.com/fight-details/60f53ad3f114da6e, http://www.ufcstats.com/fight-details/6ba485fc7b8f38ee",2026-03-30T10:59:38Z,2026-08-08T18:33:16Z
80ec9a87-5f68-5ddc-8039-922dfb44e14f,http://www.ufcstats.com/event-details/21f2974fd08085e3,UFC on FUEL TV: Gustafsson vs Silva,2012-04-14,completed,"http://www.ufcstats.com/fight-details/93096cfccdbf4fe8, http://www.ufcstats.com/fight-details/990bf4ef60890853, http://www.ufcstats.com/fight-details/8757fbfa0857415f, http://www.ufcstats.com/fight-details/2dc181c1473eb269, http://www.ufcstats.com/fight-details/3368c2419e259992, http://www.ufcstats.com/fight-details/806761834799c352, http://www.ufcstats.com/fight-details/a2308473bcd77da8, http://www.ufcstats.com/fight-details/8aa637fc26a01581, http://www.ufcstats.com/fight-details/a90cabf2913fc6ef, http://www.ufcstats.com/fight-details/a7e1e349980063c9, http://www.ufcstats.com/fight-details/589fd70f6f8b747c, http://www.ufcstats.com/fight-details/0890d21317c9aa2d",2026-03-30T10:59:40Z,2026-08-08T18:33:17Z
04c8317c-9e95-58b1-a0a4-f0ab8103a62d,http://www.ufcstats.com/event-details/155bfc7ed36622df,UFC 145: Jones vs Evans,2012-04-21,completed,"http://www.ufcstats.com/fight-details/9dc5b5f29d9ff028, http://www.ufcstats.com/fight-details/4966e9d7479c8d8d, http://www.ufcstats.com/fight-details/41d170c5da83c8be, http://www.ufcstats.com/fight-details/33a93002fef6c89d, http://www.ufcstats.com/fight-details/eb5cd79e00dd5cd2, http://www.ufcstats.com/fight-details/c1c8b38d315d487b, http://www.ufcstats.com/fight-details/a6c02fb0b18e916c, http://www.ufcstats.com/fight-details/bf5a5b23a49fa17c, http://www.ufcstats.com/fight-details/2bb3a036759d79f2, http://www.ufcstats.com/fight-details/ad101f8850eff427, http://www.ufcstats.com/fight-details/06eb7492a27bb19a, http://www.ufcstats.com/fight-details/eaf8782e4e03139b",2026-03-30T10:59:41Z,2026-08-08T18:33:19Z
c0b489ec-0f0a-5f85-b3f5-aeb987c3c4ec,http://www.ufcstats.com/event-details/5898357a45a73674,UFC on FOX: Diaz vs Miller,2012-05-05,completed,"http://www.ufcstats.com/fight-details/db51d17ea03da745, http://www.ufcstats.com/fight-details/a5fa3bf3dc91eb88, http://www.ufcstats.com/fight-details/704a089fde021153, http://www.ufcstats.com/fight-details/c7be6a466d1d0a1e, http://www.ufcstats.com/fight-details/1f290005cc147afb, http://www.ufcstats.com/fight-details/e257f0f5224ef6ab, http://www.ufcstats.com/fight-details/920665daa1261dbc, http://www.ufcstats.com/fight-details/539e0008bb634f1b, http://www.ufcstats.com/fight-details/c039953c2f438832, http://www.ufcstats.com/fight-details/0387bc11a0a0c325, http://www.ufcstats.com/fight-details/151f9966cae7682c, http://www.ufcstats.com/fight-details/a28c80463d7d0c03",2026-03-30T10:59:43Z,2026-08-08T18:33:20Z
df9e4ef8-6b8e-5b7e-b6ee-173e556c550a,http://www.ufcstats.com/event-details/8caca5857ce0e30b,UFC on FUEL TV: Korean Zombie vs Poirier,2012-05-15,completed,"http://www.ufcstats.com/fight-details/a8ec9c513d28c25c, http://www.ufcstats.com/fight-details/0b4ac9bcf5dbb382, http://www.ufcstats.com/fight-details/49818fb1520ce956, http://www.ufcstats.com/fight-details/e0e41464c1bc7ee1, http://www.ufcstats.com/fight-details/303db84673492cd6, http://www.ufcstats.com/fight-details/57bbe424b0d6837c, http://www.ufcstats.com/fight-details/3b1461ff02a3f98e, http://www.ufcstats.com/fight-details/df5ab14481442365, http://www.ufcstats.com/fight-details/4655930eb83446c7, http://www.ufcstats.com/fight-details/ade59be2e9bc1108, http://www.ufcstats.com/fight-details/fc95c49b69a8d476, http://www.ufcstats.com/fight-details/b4407dd3627c1675",2026-03-30T10:59:44Z,2026-08-08T18:33:21Z
5b3f6a99-28fd-578e-b3b1-e5b0b3a11358,http://www.ufcstats.com/event-details/4985113c0928aa62,UFC 146: Dos Santos vs Mir,2012-05-26,completed,"http://www.ufcstats.com/fight-details/41e6ace08a2679e1, http://www.ufcstats.com/fight-details/1a699da1b1b5ef85, http://www.ufcstats.com/fight-details/00cf159d5e637238, http://www.ufcstats.com/fight-details/cd2a60453f8ac133, http://www.ufcstats.com/fight-details/a8dc7400f270a144, http://www.ufcstats.com/fight-details/b187bdcc2ceba00f, http://www.ufcstats.com/fight-details/9cdeb62aa9092713, http://www.ufcstats.com/fight-details/de8e1dd07ad49c94, http://www.ufcstats.com/fight-details/8238c5f16d0b39c3, http://www.ufcstats.com/fight-details/3fc1ebe73920a2a7, http://www.ufcstats.com/fight-details/a6a1adfeab7f7bb7, http://www.ufcstats.com/fight-details/d5457867cbd0caf7",2026-03-30T10:59:45Z,2026-08-08T18:33:22Z
ae7ebbfd-93ad-512b-9e8d-f441d833bcfd,http://www.ufcstats.com/event-details/96087e90d900f0ef,The Ultimate Fighter: Live Finale,2012-06-01,completed,"http://www.ufcstats.com/fight-details/8422c70a72eb9291, http://www.ufcstats.com/fight-details/1c245dc63a0b9d51, http://www.ufcstats.com/fight-details/0b5c7c95b0316276, http://www.ufcstats.com/fight-details/fe1ce9e3a38a734b, http://www.ufcstats.com/fight-details/64e7c4ee81d46900, http://www.ufcstats.com/fight-details/06a28491fe26baa6, http://www.ufcstats.com/fight-details/2a7cf1a89de3709e, http://www.ufcstats.com/fight-details/fa8c1f3d27fc349c, http://www.ufcstats.com/fight-details/e8bb812cd91d9c28, http://www.ufcstats.com/fight-details/8e4439cdc98d0644",2026-03-30T10:59:47Z,2026-08-08T18:33:24Z
f5e3da4c-63a8-5d25-8818-5be079fa7ad4,http://www.ufcstats.com/event-details/49590e0508b2c19f,UFC on FX: Johnson vs McCall,2012-06-08,completed,"http://www.ufcstats.com/fight-details/2cf065874bcc4144, http://www.ufcstats.com/fight-details/77b6fd5d0b8c60b4, http://www.ufcstats.com/fight-details/be6024894ebcb360, http://www.ufcstats.com/fight-details/ed697b0ef9d455e4, http://www.ufcstats.com/fight-details/13a6496a09ae821e, http://www.ufcstats.com/fight-details/2771872dd02e5d19, http://www.ufcstats.com/fight-details/a6d07c32a1cb9730, http://www.ufcstats.com/fight-details/2ccecfdd7683043e, http://www.ufcstats.com/fight-details/1984570de7f0c89e, http://www.ufcstats.com/fight-details/873886ee1dee4c9a, http://www.ufcstats.com/fight-details/d1ad8d6ef48f7835, http://www.ufcstats.com/fight-details/d08a7d4de3c760ec",2026-03-30T10:59:48Z,2026-08-08T18:33:25Z
35beac12-00f9-56d3-8243-2e6f8a7764be,http://www.ufcstats.com/event-details/505934897b8b4824,UFC on FX: Maynard vs Guida,2012-06-22,completed,"http://www.ufcstats.com/fight-details/18efcec3c51750e9, http://www.ufcstats.com/fight-details/756cae177016ebf1, http://www.ufcstats.com/fight-details/69fd05c73b645a62, http://www.ufcstats.com/fight-details/40fa0bf9783cdc2e, http://www.ufcstats.com/fight-details/8a1678a54dc82206, http://www.ufcstats.com/fight-details/00731068c3195f7f, http://www.ufcstats.com/fight-details/2d3cbfb47faf717d, http://www.ufcstats.com/fight-details/cd055be419f77f3e, http://www.ufcstats.com/fight-details/f4af2b4349b7b589, http://www.ufcstats.com/fight-details/a497d4a83afe6f2d, http://www.ufcstats.com/fight-details/ecb9c5ae7fd7a5cc, http://www.ufcstats.com/fight-details/179426f56818a1c9",2026-03-30T10:59:50Z,2026-08-08T18:33:26Z
db87397c-69d7-59d4-ae3c-2df7a37ea40c,http://www.ufcstats.com/event-details/3da19339ee7051d5,UFC 147: Silva vs Franklin 2,2012-06-23,completed,"http://www.ufcstats.com/fight-details/1b80d5696c2dc640, http://www.ufcstats.com/fight-details/9232fed045b1f4f9, http://www.ufcstats.com/fight-details/366de1daf05a2b62, http://www.ufcstats.com/fight-details/0239f24134022656, http://www.ufcstats.com/fight-details/f638f176dd1834c0, http://www.ufcstats.com/fight-details/1bfb8faa1edd3867, http://www.ufcstats.com/fight-details/c1bf9ca94c1f7f09, http://www.ufcstats.com/fight-details/00c20fa576380ac8, http://www.ufcstats.com/fight-details/cc3e0c5a0f868502, http://www.ufcstats.com/fight-details/f269d25146eec937, http://www.ufcstats.com/fight-details/1c0bf66167c91e01",2026-03-30T10:59:51Z,2026-08-08T18:33:27Z
6cce84a1-a745-5c10-a49e-59f33b77c9d3,http://www.ufcstats.com/event-details/e8efeb9cf33b1941,UFC 148: Silva vs Sonnen 2,2012-07-07,completed,"http://www.ufcstats.com/fight-details/83526f699d25e4e4, http://www.ufcstats.com/fight-details/cf04a408cedb37ff, http://www.ufcstats.com/fight-details/64d4c58a37e1d29b, http://www.ufcstats.com/fight-details/61cb2ca1469c83ba, http://www.ufcstats.com/fight-details/d1268ffa059f9d42, http://www.ufcstats.com/fight-details/21751a3cc69e5aae, http://www.ufcstats.com/fight-details/0c37ff69a00c0e74, http://www.ufcstats.com/fight-details/ded18af0e4eae2f7, http://www.ufcstats.com/fight-details/2f5e137118d57d0e, http://www.ufcstats.com/fight-details/5c783d455daff573, http://www.ufcstats.com/fight-details/8e7b1dfc608a2ef4",2026-03-30T10:59:52Z,2026-08-08T18:33:29Z
d71996d4-2455-5f8f-b179-a4b47d5fe2a4,http://www.ufcstats.com/event-details/d3b5ad3b15a64a18,UFC on FUEL TV: Munoz vs Weidman,2012-07-11,completed,"http://www.ufcstats.com/fight-details/8d2f3e0abb22689f, http://www.ufcstats.com/fight-details/0d63a7d3e08df3db, http://www.ufcstats.com/fight-details/1eb7733d880a0b8f, http://www.ufcstats.com/fight-details/d37660fceaa8125a, http://www.ufcstats.com/fight-details/7287b029f4596be7, http://www.ufcstats.com/fight-details/34e67c2b110f6b6a, http://www.ufcstats.com/fight-details/d6dcbf543d7e303d, http://www.ufcstats.com/fight-details/1085f281dd966d96, http://www.ufcstats.com/fight-details/0ae4889892f21738, http://www.ufcstats.com/fight-details/831957c67bfc4486, http://www.ufcstats.com/fight-details/a914df32b95a1abc",2026-03-30T10:59:53Z,2026-08-08T18:33:30Z
54db8701-23c5-5bf7-8ede-9ff732d262d8,http://www.ufcstats.com/event-details/abbc4fc02e0d84b3,UFC 149: Faber vs Barao,2012-07-21,completed,"http://www.ufcstats.com/fight-details/50a381c1eb88dbb0, http://www.ufcstats.com/fight-details/b6620177ac975ff2, http://www.ufcstats.com/fight-details/66785060ebaa2387, http://www.ufcstats.com/fight-details/c330107229012260, http://www.ufcstats.com/fight-details/ccacbe6a4c31cd45, http://www.ufcstats.com/fight-details/3c552514bb9b5c98, http://www.ufcstats.com/fight-details/93ffadd9e41af797, http://www.ufcstats.com/fight-details/ec5e9ce2be2e1586, http://www.ufcstats.com/fight-details/fa6775e369b9eec9, http://www.ufcstats.com/fight-details/64fa0e558f5d1b24, http://www.ufcstats.com/fight-details/b616ec23516b7244",2026-03-30T10:59:55Z,2026-08-08T18:33:31Z
d5009124-7445-572a-8783-9b80fffc3957,http://www.ufcstats.com/event-details/f62850b3c7480db9,UFC on FOX: Shogun vs Vera,2012-08-04,completed,"http://www.ufcstats.com/fight-details/1cbffe3a467d0ded, http://www.ufcstats.com/fight-details/957b7c74ce120a32, http://www.ufcstats.com/fight-details/4c4e1f7521c27900, http://www.ufcstats.com/fight-details/1e2677e481a587fd, http://www.ufcstats.com/fight-details/d2ea9181abacc2ee, http://www.ufcstats.com/fight-details/7e27d9f37c217b63, http://www.ufcstats.com/fight-details/9a85303025a077b5, http://www.ufcstats.com/fight-details/758ec6b5d55c1b09, http://www.ufcstats.com/fight-details/3e6dfafb8aa780f9, http://www.ufcstats.com/fight-details/08bd9e03c187f66b",2026-03-30T10:59:56Z,2026-08-08T18:33:32Z
e605f448-368f-5494-a9bb-a30009d884bf,http://www.ufcstats.com/event-details/3c48019bc387b80c,UFC 150: Henderson vs Edgar II,2012-08-11,completed,"http://www.ufcstats.com/fight-details/7ddf71a85fbb0e4c, http://www.ufcstats.com/fight-details/7c07a71fa1882bf4, http://www.ufcstats.com/fight-details/c47cf097227cc6a0, http://www.ufcstats.com/fight-details/f0d5e2c27c9fd2c1, http://www.ufcstats.com/fight-details/42f11b82d67585af, http://www.ufcstats.com/fight-details/0c58b5f37bfeb65a, http://www.ufcstats.com/fight-details/9360a34eb511a9b4, http://www.ufcstats.com/fight-details/19da5aa17c896a1a, http://www.ufcstats.com/fight-details/be6d6abb11ef8297, http://www.ufcstats.com/fight-details/4af9088a165c7751",2026-03-30T10:59:57Z,2026-08-08T18:33:33Z
39cb7f26-6af8-5543-ae22-c09bb5debc37,http://www.ufcstats.com/event-details/53e533db1b8e9712,UFC 152: Jones vs Belfort,2012-09-22,completed,"http://www.ufcstats.com/fight-details/8af511cc6e6a9678, http://www.ufcstats.com/fight-details/9890835f4c1c6b75, http://www.ufcstats.com/fight-details/c97d0a476c2e7cb5, http://www.ufcstats.com/fight-details/304fc030ee6dd9ee, http://www.ufcstats.com/fight-details/307b12b9f08a4cbf, http://www.ufcstats.com/fight-details/3367081258d6ae12, http://www.ufcstats.com/fight-details/5af6a54d7e0f2b7f, http://www.ufcstats.com/fight-details/de1124dba8c1a1b0, http://www.ufcstats.com/fight-details/147e0b1c64cb7ef0, http://www.ufcstats.com/fight-details/aa1db19806dfd62e, http://www.ufcstats.com/fight-details/2aff05a835ed715e, http://www.ufcstats.com/fight-details/87790788d1bb3b75",2026-03-30T10:59:59Z,2026-08-08T18:33:34Z
11f83b6c-d196-577e-9d31-573beeadfcae,http://www.ufcstats.com/event-details/6cbb7661c3258617,UFC on FUEL TV: Struve vs Miocic,2012-09-29,completed,"http://www.ufcstats.com/fight-details/a97a7707d5021181, http://www.ufcstats.com/fight-details/1332dc236a3fd3b2, http://www.ufcstats.com/fight-details/21392a61a2cf24a3, http://www.ufcstats.com/fight-details/29cd6bee493a8662, http://www.ufcstats.com/fight-details/91e4da6ecf28a7a3, http://www.ufcstats.com/fight-details/4c54ca018e70ed04, http://www.ufcstats.com/fight-details/26f876a7fb1020e1, http://www.ufcstats.com/fight-details/cc6934588298958e, http://www.ufcstats.com/fight-details/e34d313fbe1c28f1, http://www.ufcstats.com/fight-details/ddf768753c8030c1, http://www.ufcstats.com/fight-details/e0a69c1f4a019727",2026-03-30T11:00:00Z,2026-08-08T18:33:35Z
e07b51fd-1e37-588d-a316-2b35901f1024,http://www.ufcstats.com/event-details/6a0b80a24f22e152,UFC on FX: Browne vs Bigfoot,2012-10-05,completed,"http://www.ufcstats.com/fight-details/0cced3b02b6b1b95, http://www.ufcstats.com/fight-details/8802182074bf4a3a, http://www.ufcstats.com/fight-details/dc5e46b2ee0898ec, http://www.ufcstats.com/fight-details/b56d1822b9f9a35f, http://www.ufcstats.com/fight-details/3195350c98c9491d, http://www.ufcstats.com/fight-details/28990faebda68fa8, http://www.ufcstats.com/fight-details/5e69e2fa8421ce5e, http://www.ufcstats.com/fight-details/a80162f4c8842da3, http://www.ufcstats.com/fight-details/a6548a1e188c53fb, http://www.ufcstats.com/fight-details/147c04a6798a69c3",2026-03-30T11:00:01Z,2026-08-08T18:33:36Z
4b3e13c6-ab6d-53a6-838a-2a3b22d43b5e,http://www.ufcstats.com/event-details/96d173b7f92aa520,UFC 153: Silva vs Bonnar,2012-10-13,completed,"http://www.ufcstats.com/fight-details/526ab0f38313c630, http://www.ufcstats.com/fight-details/dba1add63d4bcbaa, http://www.ufcstats.com/fight-details/778d3f5c4bcc2927, http://www.ufcstats.com/fight-details/034ce0af4dedbfd7, http://www.ufcstats.com/fight-details/4c9cb823fd7e3e2c, http://www.ufcstats.com/fight-details/219610bc6e7d9196, http://www.ufcstats.com/fight-details/dab5e3680cf6eac7, http://www.ufcstats.com/fight-details/297a3fe0edd6f1c5, http://www.ufcstats.com/fight-details/eaa0355223b770dc, http://www.ufcstats.com/fight-details/5ab7629e07da22e6, http://www.ufcstats.com/fight-details/d9df78e82953bfe5, http://www.ufcstats.com/fight-details/e3072951bb030826",2026-03-30T11:00:03Z,2026-08-08T18:33:37Z
3f1afcd8-b6b5-5e26-ad1d-4a6a3c0562cd,http://www.ufcstats.com/event-details/319fa1bd3176bded,UFC Macao: Franklin vs Le,2012-11-10,completed,"http://www.ufcstats.com/fight-details/1a113ac3255f3ac3, http://www.ufcstats.com/fight-details/346875f19aefc88d, http://www.ufcstats.com/fight-details/dd875196c446fdf0, http://www.ufcstats.com/fight-details/0fad42b9ab3f31be, http://www.ufcstats.com/fight-details/8d556e2826924946, http://www.ufcstats.com/fight-details/e881ba0a28fffb6e, http://www.ufcstats.com/fight-details/01993fb1d4b34b21, http://www.ufcstats.com/fight-details/b79a0b9c1f729c0d, http://www.ufcstats.com/fight-details/dd440cb166329a82",2026-03-30T11:00:03Z,2026-08-08T18:33:38Z
880956fb-36dc-51e8-acf9-fe2eb83d485e,http://www.ufcstats.com/event-details/d41937647eae9a34,UFC 154: St-Pierre vs Condit,2012-11-17,completed,"http://www.ufcstats.com/fight-details/8d12287f672cabd8, http://www.ufcstats.com/fight-details/4a29c1f671bd89cb, http://www.ufcstats.com/fight-details/4861212df08bbf77, http://www.ufcstats.com/fight-details/a65cf6951e097273, http://www.ufcstats.com/fight-details/bc3323f172832a53, http://www.ufcstats.com/fight-details/72a3ec0672871ab4, http://www.ufcstats.com/fight-details/1f7c1c741b06a3ed, http://www.ufcstats.com/fight-details/467d2dc6a71e1b00, http://www.ufcstats.com/fight-details/f6d8bdc3cdcf1dd8, http://www.ufcstats.com/fight-details/30ebe705eac7b121, http://www.ufcstats.com/fight-details/9b6806203bc4875a, http://www.ufcstats.com/fight-details/e843a7a6f49db3bb",2026-03-30T11:00:05Z,2026-08-08T18:33:39Z
66afcbb5-14a3-5113-adc1-54f6930510a2,http://www.ufcstats.com/event-details/d1e6a6536ee62517,UFC on FOX: Henderson vs Diaz,2012-12-08,completed,"http://www.ufcstats.com/fight-details/bc72dac46f0383f1, http://www.ufcstats.com/fight-details/3b1aed7d00a775c6, http://www.ufcstats.com/fight-details/2adfc6444d1adc01, http://www.ufcstats.com/fight-details/405cbbcaa79db24b, http://www.ufcstats.com/fight-details/9caaca5748ea9086, http://www.ufcstats.com/fight-details/b3e520f1092401c1, http://www.ufcstats.com/fight-details/b57345c34f6d2ab3, http://www.ufcstats.com/fight-details/5c36d760c7e272f5, http://www.ufcstats.com/fight-details/ed8944898353b526, http://www.ufcstats.com/fight-details/41d1e163b930426b, http://www.ufcstats.com/fight-details/f0cf2ca8e5c621a8",2026-03-30T11:00:06Z,2026-08-08T18:33:41Z
a92a125f-1518-5fa9-97eb-d51327c5fa47,http://www.ufcstats.com/event-details/e8c170a64dc920ac,UFC on FX: Sotiropoulos vs Pearson,2012-12-14,completed,"http://www.ufcstats.com/fight-details/e2bacdc395aa7b40, http://www.ufcstats.com/fight-details/d6b3c56a4cf14c1a, http://www.ufcstats.com/fight-details/ddf2eff896475431, http://www.ufcstats.com/fight-details/6834ae686aa0c588, http://www.ufcstats.com/fight-details/a6097fd4e77cb881, http://www.ufcstats.com/fight-details/61d89fc97e7b145c, http://www.ufcstats.com/fight-details/d4c85298623130de, http://www.ufcstats.com/fight-details/e57b884785848624, http://www.ufcstats.com/fight-details/f82c414666fe934c, http://www.ufcstats.com/fight-details/4eda704823ccfb71",2026-03-30T11:00:07Z,2026-08-08T18:33:42Z
9b9d54ed-1d40-5a5d-85f6-e33e1a2a03fc,http://www.ufcstats.com/event-details/c6da1c24fe473418,The Ultimate Fighter: Team Carwin vs. Team Nelson Finale,2012-12-15,completed,"http://www.ufcstats.com/fight-details/5bcc7204a43cf34e, http://www.ufcstats.com/fight-details/99c12cc04b4261bf, http://www.ufcstats.com/fight-details/cade8a4e97911e89, http://www.ufcstats.com/fight-details/e88c59ad88e9dc27, http://www.ufcstats.com/fight-details/1d20bba4aca5f81a, http://www.ufcstats.com/fight-details/452a9728317893d7, http://www.ufcstats.com/fight-details/12d17a837caeae63, http://www.ufcstats.com/fight-details/6b83234360b3ca62, http://www.ufcstats.com/fight-details/6463a48c9347a9f3, http://www.ufcstats.com/fight-details/8935fc5943a78c20, http://www.ufcstats.com/fight-details/b43c83505edcd8fa",2026-03-30T11:00:09Z,2026-08-08T18:33:43Z
7de0ffa6-29d3-5247-991c-78c8d54d6931,http://www.ufcstats.com/event-details/c6e6926a81adcd00,UFC 155: Dos Santos vs Velasquez II,2012-12-29,completed,"http://www.ufcstats.com/fight-details/02a373f6503b3530, http://www.ufcstats.com/fight-details/5d7a720a2e2f4749, http://www.ufcstats.com/fight-details/526790a5b3c4b5a2, http://www.ufcstats.com/fight-details/23cdc3ef525ba8e4, http://www.ufcstats.com/fight-details/bab948352454f302, http://www.ufcstats.com/fight-details/5a65ffe3842ce2f2, http://www.ufcstats.com/fight-details/ea9059fd076a2f1e, http://www.ufcstats.com/fight-details/0d4927585d0480fc, http://www.ufcstats.com/fight-details/85f67de8e9dc5689, http://www.ufcstats.com/fight-details/84500d5c1aba97a2, http://www.ufcstats.com/fight-details/a551d93167533459, http://www.ufcstats.com/fight-details/fc9ec3a01d0129b6",2026-03-30T11:00:10Z,2026-08-08T18:33:44Z
2691f681-5999-5e5e-93bf-95781b65f0c2,http://www.ufcstats.com/event-details/56f4b81ec4db61af,UFC on FX: Belfort vs Bisping,2013-01-19,completed,"http://www.ufcstats.com/fight-details/b51d691b9f5603a8, http://www.ufcstats.com/fight-details/4d231d5d5f815085, http://www.ufcstats.com/fight-details/2eeb1656692bd967, http://www.ufcstats.com/fight-details/7651b2e09ea2c420, http://www.ufcstats.com/fight-details/8f426040f746905d, http://www.ufcstats.com/fight-details/dff7ce155b47442c, http://www.ufcstats.com/fight-details/302ce74d8b0d12a6, http://www.ufcstats.com/fight-details/470f6fdd47f671fd, http://www.ufcstats.com/fight-details/7601245171a28da1, http://www.ufcstats.com/fight-details/c7ad34973f9d1cf6, http://www.ufcstats.com/fight-details/f4273b2155fe20fe",2026-03-30T11:00:11Z,2026-08-08T18:33:46Z
70c43fa8-bc97-58b1-9fd1-9db4915fe318,http://www.ufcstats.com/event-details/738acab0c6934dd8,UFC on FOX: Johnson vs Dodson,2013-01-26,completed,"http://www.ufcstats.com/fight-details/9b9591a4f7febe32, http://www.ufcstats.com/fight-details/638093bc4f69f639, http://www.ufcstats.com/fight-details/bddf441908777c0c, http://www.ufcstats.com/fight-details/4e87af7e5156bbf7, http://www.ufcstats.com/fight-details/e8c24a1754599237, http://www.ufcstats.com/fight-details/76690fbdcaa85c21, http://www.ufcstats.com/fight-details/856e171bdfc98cb5, http://www.ufcstats.com/fight-details/97cec48c97e7ea31, http://www.ufcstats.com/fight-details/ca28f69fa42f88ed, http://www.ufcstats.com/fight-details/df0d3dec831e2142, http://www.ufcstats.com/fight-details/83f6a6fc79036749",2026-03-30T11:00:12Z,2026-08-08T18:33:47Z
c1cc8b05-708d-5031-b1d1-0076f476dd66,http://www.ufcstats.com/event-details/601cf40c09090853,UFC 156: Aldo vs Edgar,2013-02-02,completed,"http://www.ufcstats.com/fight-details/1c4e4b3358089960, http://www.ufcstats.com/fight-details/031eac0f0f85d0bf, http://www.ufcstats.com/fight-details/21419797f539de5e, http://www.ufcstats.com/fight-details/171eb38b335030d3, http://www.ufcstats.com/fight-details/40cc0ccf580a4836, http://www.ufcstats.com/fight-details/1d43112d98de273a, http://www.ufcstats.com/fight-details/8bcdb1c3418fe739, http://www.ufcstats.com/fight-details/cd03bff050e53625, http://www.ufcstats.com/fight-details/54c842a037183f48, http://www.ufcstats.com/fight-details/6247ad19755b71d6, http://www.ufcstats.com/fight-details/42eba784becde9ad",2026-03-30T11:00:14Z,2026-08-08T18:33:49Z
c343c353-a06b-5b6f-8d6b-314514e3c1a8,http://www.ufcstats.com/event-details/4679a38cced7c64a,UFC on FUEL TV: Barao vs McDonald,2013-02-16,completed,"http://www.ufcstats.com/fight-details/3dbf17b9946d26db, http://www.ufcstats.com/fight-details/493b7a8e3253b133, http://www.ufcstats.com/fight-details/2968840a5f24ce9f, http://www.ufcstats.com/fight-details/7549887ba7ae86e6, http://www.ufcstats.com/fight-details/635ef1f12a60e9d7, http://www.ufcstats.com/fight-details/287c71b9017c5769, http://www.ufcstats.com/fight-details/e27a9b4b4a46f091, http://www.ufcstats.com/fight-details/530558f01ac425af, http://www.ufcstats.com/fight-details/d607908be8b19273, http://www.ufcstats.com/fight-details/22a574162e2ebcf6, http://www.ufcstats.com/fight-details/f509d5ffcc3f46fe, http://www.ufcstats.com/fight-details/16ba92318ff66d4a",2026-03-30T11:00:16Z,2026-08-08T18:33:50Z
cf490673-0aa0-5fe1-ae23-66c18b942ca3,http://www.ufcstats.com/event-details/09c44b317c98bf96,UFC 157: Rousey vs Carmouche,2013-02-23,completed,"http://www.ufcstats.com/fight-details/e9e6023dbba9a8b0, http://www.ufcstats.com/fight-details/ee43dc83049ecc8d, http://www.ufcstats.com/fight-details/785c0e68b34ea383, http://www.ufcstats.com/fight-details/db43605f10bd67b4, http://www.ufcstats.com/fight-details/b4db19e62f087a7f, http://www.ufcstats.com/fight-details/50eb4822a74a417e, http://www.ufcstats.com/fight-details/69f8e2ba5d1048d4, http://www.ufcstats.com/fight-details/80769cf090fa34dd, http://www.ufcstats.com/fight-details/2b3a1c063245e280, http://www.ufcstats.com/fight-details/2a8ff828e4891b82, http://www.ufcstats.com/fight-details/919ddc634c54ad20, http://www.ufcstats.com/fight-details/69ca032aaef2e3d0",2026-03-30T11:00:17Z,2026-08-08T18:33:51Z
418a005b-3956-5238-9789-942f1f0e361f,http://www.ufcstats.com/event-details/83c6c3e0f8bde8ee,UFC on FUEL TV: Silva vs. Stann,2013-03-02,completed,"http://www.ufcstats.com/fight-details/e2b547e64f6532bb, http://www.ufcstats.com/fight-details/c996b2ff10a915b1, http://www.ufcstats.com/fight-details/1acde2739237c4f8, http://www.ufcstats.com/fight-details/e830cb1df07f3466, http://www.ufcstats.com/fight-details/1dcc880fc80e6332, http://www.ufcstats.com/fight-details/e0bdef2580715030, http://www.ufcstats.com/fight-details/c79c00f5443c2f6e, http://www.ufcstats.com/fight-details/7af713ee9e3006eb, http://www.ufcstats.com/fight-details/8666332154fc6f4a, http://www.ufcstats.com/fight-details/be70a2f68f6ad3e7, http://www.ufcstats.com/fight-details/68e1a69423360900",2026-03-30T11:00:18Z,2026-08-08T18:33:52Z
745e5077-1ef3-5b53-96cf-497aaea3f30c,http://www.ufcstats.com/event-details/f1b2a4365799c48b,UFC 158: St-Pierre vs Diaz,2013-03-16,completed,"http://www.ufcstats.com/fight-details/e5e3c3a055df3016, http://www.ufcstats.com/fight-details/29398b15b94c3847, http://www.ufcstats.com/fight-details/5adcbd20eed3795d, http://www.ufcstats.com/fight-details/79dcde3ad50f6165, http://www.ufcstats.com/fight-details/cc6e74d0558b7340, http://www.ufcstats.com/fight-details/d0797451df1de80f, http://www.ufcstats.com/fight-details/7b9de06ef8c09ba6, http://www.ufcstats.com/fight-details/b6c46c3c239e7863, http://www.ufcstats.com/fight-details/0bd0ca01a255038c, http://www.ufcstats.com/fight-details/9030c92a161afaf9, http://www.ufcstats.com/fight-details/9c3db86db300119e, http://www.ufcstats.com/fight-details/8e4650807ea06626",2026-03-30T11:00:19Z,2026-08-08T18:33:53Z
c10ff059-5e08-579f-b3c2-6b26c314c80d,http://www.ufcstats.com/event-details/6291ac0a3726732f,UFC on FUEL TV: Mousasi vs Latifi,2013-04-06,completed,"http://www.ufcstats.com/fight-details/3509779ebe302d06, http://www.ufcstats.com/fight-details/fa520c5834cda94e, http://www.ufcstats.com/fight-details/a89b9eeacdb85ec1, http://www.ufcstats.com/fight-details/4e69c86d09c9f782, http://www.ufcstats.com/fight-details/f3ebaf9af44c1e6d, http://www.ufcstats.com/fight-details/53467e6296c2e5e6, http://www.ufcstats.com/fight-details/bc0779b232828e67, http://www.ufcstats.com/fight-details/7047b70f28c2d2fd, http://www.ufcstats.com/fight-details/9eb1ce435cc1536e, http://www.ufcstats.com/fight-details/24393bea0c4cf49a, http://www.ufcstats.com/fight-details/8b0ff8defc1a14f4, http://www.ufcstats.com/fight-details/438f5404c43303b8, http://www.ufcstats.com/fight-details/e67e15cc6578d1c3",2026-03-30T11:00:20Z,2026-08-08T18:33:54Z
ade0a206-6a9e-5eb5-9f16-c6ded401e470,http://www.ufcstats.com/event-details/ce47f49e5c386a9c,The Ultimate Fighter: Team Jones vs. Team Sonnen Finale,2013-04-13,completed,"http://www.ufcstats.com/fight-details/b4d0659f60c8aa7c, http://www.ufcstats.com/fight-details/f286aad7b3558b21, http://www.ufcstats.com/fight-details/2594287e8fa31404, http://www.ufcstats.com/fight-details/5ba1e6f5519074c9, http://www.ufcstats.com/fight-details/dc85144d1d945076, http://www.ufcstats.com/fight-details/5067fe22dbc4baff, http://www.ufcstats.com/fight-details/8c8468ed2878dc0a, http://www.ufcstats.com/fight-details/adf590055f922f5b, http://www.ufcstats.com/fight-details/40a43ffdd1624bed, http://www.ufcstats.com/fight-details/4f850f7e35d85bb8, http://www.ufcstats.com/fight-details/0a5a021cb11299bf, http://www.ufcstats.com/fight-details/ae0fdb792308b0f8",2026-03-30T11:00:21Z,2026-08-08T18:33:55Z
628404f2-3905-5404-b135-bc9a0e37e5fb,http://www.ufcstats.com/event-details/aa79d5399571068e,UFC on FOX: Henderson vs Melendez,2013-04-20,completed,"http://www.ufcstats.com/fight-details/6599a94704d56719, http://www.ufcstats.com/fight-details/4dd561df1ca58ab8, http://www.ufcstats.com/fight-details/56ce29bdb1fe9abf, http://www.ufcstats.com/fight-details/004885f7983f4658, http://www.ufcstats.com/fight-details/d13ea6559225991f, http://www.ufcstats.com/fight-details/3566c8e9d3a9caa8, http://www.ufcstats.com/fight-details/704adfae22d0dfb8, http://www.ufcstats.com/fight-details/a6797238f9f98644, http://www.ufcstats.com/fight-details/786033c27fdaa020, http://www.ufcstats.com/fight-details/b229ee2997b70d16, http://www.ufcstats.com/fight-details/56ad1de1924984ad, http://www.ufcstats.com/fight-details/c8a48abe3263f796",2026-03-30T11:00:22Z,2026-08-08T18:33:57Z
306aaf96-1c3b-591a-956d-b6c49bcb57fa,http://www.ufcstats.com/event-details/ea0ad155451ed1f5,UFC 159: Jones vs Sonnen,2013-04-27,completed,"http://www.ufcstats.com/fight-details/8151421edf24a821, http://www.ufcstats.com/fight-details/1ac61e415deca2fe, http://www.ufcstats.com/fight-details/04e6a26fe2a4017d, http://www.ufcstats.com/fight-details/c29850ed8d9d1073, http://www.ufcstats.com/fight-details/bb59b82bddc96cca, http://www.ufcstats.com/fight-details/59ad5b88804afbf5, http://www.ufcstats.com/fight-details/523e8ca343a0becc, http://www.ufcstats.com/fight-details/fb30b2752d3dc1eb, http://www.ufcstats.com/fight-details/372a0456aa4ff6cf, http://www.ufcstats.com/fight-details/44ad16cd4e6c93d7, http://www.ufcstats.com/fight-details/6d6a1834e0d18f0c",2026-03-30T11:00:24Z,2026-08-08T18:33:58Z
759b7e8f-9ac8-53e8-b951-f4684d57a93f,http://www.ufcstats.com/event-details/030f08370fd1c2bb,UFC on FX: Belfort vs. Rockhold,2013-05-18,completed,"http://www.ufcstats.com/fight-details/110d18c0953bde1d, http://www.ufcstats.com/fight-details/ac269f99e4e53634, http://www.ufcstats.com/fight-details/05f8696303709939, http://www.ufcstats.com/fight-details/59bb17087b12ad35, http://www.ufcstats.com/fight-details/cf5f9da861c5e63f, http://www.ufcstats.com/fight-details/91f33ac24fb39eca, http://www.ufcstats.com/fight-details/edc4e54d5258eea8, http://www.ufcstats.com/fight-details/4b4c4df2778538d9, http://www.ufcstats.com/fight-details/019b88d4ac875ae4, http://www.ufcstats.com/fight-details/11249454ed5fd71f, http://www.ufcstats.com/fight-details/8aff100107d0ba11, http://www.ufcstats.com/fight-details/caa56c26127bf7e8, http://www.ufcstats.com/fight-details/eacfc05c3e5ead5e",2026-03-30T11:00:25Z,2026-08-08T18:33:59Z
d13cd4f9-c1a5-5586-8946-45148db375f2,http://www.ufcstats.com/event-details/3c241737a6069b9f,UFC 160: Velasquez vs Silva 2,2013-05-25,completed,"http://www.ufcstats.com/fight-details/d51757fe7dd89f2d, http://www.ufcstats.com/fight-details/19d6c7f5263c9398, http://www.ufcstats.com/fight-details/5f87dc7d18517d87, http://www.ufcstats.com/fight-details/9dd931fd20d6c886, http://www.ufcstats.com/fight-details/3f19bab8de698eb0, http://www.ufcstats.com/fight-details/d236fe0f180312e3, http://www.ufcstats.com/fight-details/149a0b38fa02e647, http://www.ufcstats.com/fight-details/3333fdbe86a763fb, http://www.ufcstats.com/fight-details/e1d33aa47b35d021, http://www.ufcstats.com/fight-details/a6ba04a54eb7e8fa, http://www.ufcstats.com/fight-details/1260d0031a5e469d, http://www.ufcstats.com/fight-details/172dfd6cab9b627b",2026-03-30T11:00:26Z,2026-08-08T18:34:00Z
c442d3d7-d7fc-5469-afa9-0fb17beb94c2,http://www.ufcstats.com/event-details/7865707fd684d77b,UFC on FUEL TV: Nogueira vs. Werdum,2013-06-08,completed,"http://www.ufcstats.com/fight-details/8857bf28823b1b2d, http://www.ufcstats.com/fight-details/bd9100f5d4ee6823, http://www.ufcstats.com/fight-details/2692ac9853970e08, http://www.ufcstats.com/fight-details/0e272af30a23e09b, http://www.ufcstats.com/fight-details/8c1787fe568f1ca6, http://www.ufcstats.com/fight-details/c25c2000aa99832c, http://www.ufcstats.com/fight-details/f5ebfe526cf409e8, http://www.ufcstats.com/fight-details/d03618c86d395b43, http://www.ufcstats.com/fight-details/b6d027c60f879e4a, http://www.ufcstats.com/fight-details/291bebbbf4f9128f, http://www.ufcstats.com/fight-details/401a21d881a1f26a, http://www.ufcstats.com/fight-details/66b295262ef7ee91",2026-03-30T11:00:28Z,2026-08-08T18:34:02Z
016dfad2-71fe-5e69-b85d-238c299818b0,http://www.ufcstats.com/event-details/8fd1f27e86661ede,UFC 161: Evans vs Henderson,2013-06-15,completed,"http://www.ufcstats.com/fight-details/c8ec6fd9aa2dcc23, http://www.ufcstats.com/fight-details/a4daf2f24acdcd43, http://www.ufcstats.com/fight-details/44ca8997a3e5cda8, http://www.ufcstats.com/fight-details/4912788e449ce79a, http://www.ufcstats.com/fight-details/27ff1bfeb2d50b38, http://www.ufcstats.com/fight-details/43d1693f0198a93e, http://www.ufcstats.com/fight-details/63af858a04c1ad79, http://www.ufcstats.com/fight-details/177c1956907ed687, http://www.ufcstats.com/fight-details/8b08b73f16ff7b3b, http://www.ufcstats.com/fight-details/5deeecb6aaa5dfd1, http://www.ufcstats.com/fight-details/19828eb12f6d41a8",2026-03-30T11:00:29Z,2026-08-08T18:34:03Z
69c06d51-05c5-53f1-81bf-bf1c503b0e05,http://www.ufcstats.com/event-details/e0b74df14f52cd15,UFC 162: Silva vs Weidman,2013-07-06,completed,"http://www.ufcstats.com/fight-details/9a6a6716cdfadc98, http://www.ufcstats.com/fight-details/6453b20a65c62cfe, http://www.ufcstats.com/fight-details/b57f68fa967fa59e, http://www.ufcstats.com/fight-details/8c124a6196e39ad8, http://www.ufcstats.com/fight-details/c3601529b7a7d489, http://www.ufcstats.com/fight-details/701279417e0bf776, http://www.ufcstats.com/fight-details/86bbe429ae27d913, http://www.ufcstats.com/fight-details/c5de5c3633a0bfce, http://www.ufcstats.com/fight-details/005723fb99440272, http://www.ufcstats.com/fight-details/faca931257ad2e92, http://www.ufcstats.com/fight-details/a7cc5dc1a5c1e643",2026-03-30T11:00:31Z,2026-08-08T18:34:04Z
a8929dfd-80c6-5102-87d2-c209cd32eeac,http://www.ufcstats.com/event-details/5330fe7e4c3af81c,UFC on FOX: Johnson vs Moraga,2013-07-27,completed,"http://www.ufcstats.com/fight-details/edc00a33666b0b59, http://www.ufcstats.com/fight-details/3f14c96ea899321d, http://www.ufcstats.com/fight-details/f747701638da90ae, http://www.ufcstats.com/fight-details/c543563958093446, http://www.ufcstats.com/fight-details/900ae72adbf7c49f, http://www.ufcstats.com/fight-details/dbd0ffc84699ad6b, http://www.ufcstats.com/fight-details/7ec61e2b0728e6d4, http://www.ufcstats.com/fight-details/cf6b9a001b0824de, http://www.ufcstats.com/fight-details/c5603628f7ae84d3, http://www.ufcstats.com/fight-details/dbab923a090fe93f, http://www.ufcstats.com/fight-details/b616969d55fb2d7a, http://www.ufcstats.com/fight-details/9cb8fe20b05d886e",2026-03-30T11:00:32Z,2026-08-08T18:34:06Z
b6ebe0cf-36b7-52e2-aef9-40e8c85adcfb,http://www.ufcstats.com/event-details/ebc5af72ad5a28cb,UFC 163: Aldo vs Jung,2013-08-03,completed,"http://www.ufcstats.com/fight-details/72e1b3e1224f5314, http://www.ufcstats.com/fight-details/a602962f1dda3205, http://www.ufcstats.com/fight-details/1acdcfe32d975f42, http://www.ufcstats.com/fight-details/af0327945c9656e0, http://www.ufcstats.com/fight-details/5f9b11f4cb3057f2, http://www.ufcstats.com/fight-details/4c6030fafb46330f, http://www.ufcstats.com/fight-details/168413032bb51ce0, http://www.ufcstats.com/fight-details/3846db1456151f80, http://www.ufcstats.com/fight-details/5f2065f737591226, http://www.ufcstats.com/fight-details/bf6857338637013b, http://www.ufcstats.com/fight-details/7b97ca2c378e7782, http://www.ufcstats.com/fight-details/4f8b6eecb0361290",2026-03-30T11:00:33Z,2026-08-08T18:34:07Z
b3ede6ec-1a0f-5a0d-9ab0-71f4b1062b7e,http://www.ufcstats.com/event-details/cf1a88371c8cb690,UFC Fight Night: Shogun vs Sonnen,2013-08-17,completed,"http://www.ufcstats.com/fight-details/1308a39eec6f86cc, http://www.ufcstats.com/fight-details/eefc526e320524e6, http://www.ufcstats.com/fight-details/751f2796809d2a6f, http://www.ufcstats.com/fight-details/85ee3b5995874141, http://www.ufcstats.com/fight-details/47dd6356ceb2eba8, http://www.ufcstats.com/fight-details/320580a92d5c2924, http://www.ufcstats.com/fight-details/8e41d022b55277ae, http://www.ufcstats.com/fight-details/5d839e4eda09d6e4, http://www.ufcstats.com/fight-details/05dce98da0acefd8, http://www.ufcstats.com/fight-details/a2c0f4142ba4ba75, http://www.ufcstats.com/fight-details/0f74449bf6f64616, http://www.ufcstats.com/fight-details/5135e078b807f9a2, http://www.ufcstats.com/fight-details/f12126b5c49a318a",2026-03-30T11:00:34Z,2026-08-08T18:34:08Z
eaaac872-a4a3-5ce0-8594-6912be932393,http://www.ufcstats.com/event-details/e5c38954c006f15c,UFC Fight Night: Condit vs Kampmann 2,2013-08-28,completed,"http://www.ufcstats.com/fight-details/bfef39e6493f6487, http://www.ufcstats.com/fight-details/ca17e1385ef98e57, http://www.ufcstats.com/fight-details/f0d839f6d712a233, http://www.ufcstats.com/fight-details/f18ea0d8b472dc1e, http://www.ufcstats.com/fight-details/382d626d45c36f14, http://www.ufcstats.com/fight-details/8ab4682a544f3c49, http://www.ufcstats.com/fight-details/a86b801279e0ef4a, http://www.ufcstats.com/fight-details/964eb53864554ed0, http://www.ufcstats.com/fight-details/dd1131c208475365, http://www.ufcstats.com/fight-details/e1f9390c465a2988, http://www.ufcstats.com/fight-details/602e8602fe9c9121, http://www.ufcstats.com/fight-details/6b30fe49b6df63de",2026-03-30T11:00:35Z,2026-08-08T18:34:10Z
e606962a-2cf0-594c-9250-609207262170,http://www.ufcstats.com/event-details/980b4e712489098e,UFC 164: Henderson vs Pettis 2,2013-08-31,completed,"http://www.ufcstats.com/fight-details/fa084335b5f87627, http://www.ufcstats.com/fight-details/aac887ea8a83d7a4, http://www.ufcstats.com/fight-details/fef6b147d5fb90bd, http://www.ufcstats.com/fight-details/4dc03e76536b85e5, http://www.ufcstats.com/fight-details/af51920a3e176995, http://www.ufcstats.com/fight-details/7b13fdc889028e66, http://www.ufcstats.com/fight-details/336670b46f343d65, http://www.ufcstats.com/fight-details/66a99e85803efd92, http://www.ufcstats.com/fight-details/6ce1b33bccdfa676, http://www.ufcstats.com/fight-details/b4555cd5b5d2a53f, http://www.ufcstats.com/fight-details/9cd973a0a6c1cd5c, http://www.ufcstats.com/fight-details/98903717ea3dfc24",2026-03-30T11:00:37Z,2026-08-08T18:34:11Z
f8891b01-587c-5f61-8653-77ddd1dca8e2,http://www.ufcstats.com/event-details/b23fca14c7b79935,UFC Fight Night: Teixeira vs Bader,2013-09-04,completed,"http://www.ufcstats.com/fight-details/8456a02bd3621837, http://www.ufcstats.com/fight-details/9166d2f99369c06b, http://www.ufcstats.com/fight-details/bbcb7b5ca439bebb, http://www.ufcstats.com/fight-details/5aeac72404dd7c6d, http://www.ufcstats.com/fight-details/d67dadf630c36f18, http://www.ufcstats.com/fight-details/46aa72d0ccd2be0a, http://www.ufcstats.com/fight-details/5df777be98ea09de, http://www.ufcstats.com/fight-details/b8e1a9db956e245b, http://www.ufcstats.com/fight-details/e706a0fca8e82288, http://www.ufcstats.com/fight-details/563adcb4abd48f6b, http://www.ufcstats.com/fight-details/95d86cec2a7124b3",2026-03-30T11:00:38Z,2026-08-08T18:34:13Z
a3685b5a-1139-52af-8c26-7666f488ef8d,http://www.ufcstats.com/event-details/df5a77121ba84a5d,UFC 165: Jones vs Gustafsson,2013-09-21,completed,"http://www.ufcstats.com/fight-details/0aa5be9d0e75dd42, http://www.ufcstats.com/fight-details/1019f330bdecfc65, http://www.ufcstats.com/fight-details/c0a5eeb0be0049bb, http://www.ufcstats.com/fight-details/d9834a03626a3c06, http://www.ufcstats.com/fight-details/ca2b48fd007126e0, http://www.ufcstats.com/fight-details/b3bb90f5a2aa0d7c, http://www.ufcstats.com/fight-details/e37368ff2a7a71f6, http://www.ufcstats.com/fight-details/a95be3943ea0f691, http://www.ufcstats.com/fight-details/0d857bd8245f9d31, http://www.ufcstats.com/fight-details/d3f9262901219944, http://www.ufcstats.com/fight-details/5b2cc17158d77f07, http://www.ufcstats.com/fight-details/a605d4153c7dbd84, http://www.ufcstats.com/fight-details/c3b1653fb5e101e0",2026-03-30T11:00:39Z,2026-08-08T18:34:13Z
82f6d425-fc9f-54db-be76-1ac28ce2d838,http://www.ufcstats.com/event-details/43612456979e5d5e,UFC Fight Night: Maia vs Shields,2013-10-09,completed,"http://www.ufcstats.com/fight-details/a41ba2624191bf23, http://www.ufcstats.com/fight-details/3fc3179cd800128e, http://www.ufcstats.com/fight-details/adede42d4c20494c, http://www.ufcstats.com/fight-details/fecf9c7a4e965690, http://www.ufcstats.com/fight-details/e0ca5ac323768da0, http://www.ufcstats.com/fight-details/9ad2dde9c35d3cc4, http://www.ufcstats.com/fight-details/676590832dc86748, http://www.ufcstats.com/fight-details/3e610c7a2ab31acd, http://www.ufcstats.com/fight-details/3a8baa48c9b30d47, http://www.ufcstats.com/fight-details/79e7b986601fdd2a",2026-03-30T11:00:40Z,2026-08-08T18:34:14Z
7fab94a1-5014-5b36-86ee-f135f44348a9,http://www.ufcstats.com/event-details/eae4aec1a5a8ff01,UFC 166: Velasquez vs Dos Santos 3,2013-10-19,completed,"http://www.ufcstats.com/fight-details/0bdc4e7ce6687367, http://www.ufcstats.com/fight-details/e7cb40d82d987b9e, http://www.ufcstats.com/fight-details/340d5e6f22ff6ac4, http://www.ufcstats.com/fight-details/ed53922429a19c99, http://www.ufcstats.com/fight-details/eba86a4ea6128840, http://www.ufcstats.com/fight-details/fffa21388cdd78b7, http://www.ufcstats.com/fight-details/2a5fd0e2728967a5, http://www.ufcstats.com/fight-details/c9eb00b7efdc7559, http://www.ufcstats.com/fight-details/ed9d7d85a5ae06b1, http://www.ufcstats.com/fight-details/2443d8aa86f0070d, http://www.ufcstats.com/fight-details/58b7b23b46f4ccd6, http://www.ufcstats.com/fight-details/f11ca082c924464c, http://www.ufcstats.com/fight-details/e1ccf09c055bac01",2026-03-30T11:00:42Z,2026-08-08T18:34:16Z
c4b55c58-b39a-5461-a09a-dd10a0cc7a4b,http://www.ufcstats.com/event-details/60884f31ead1609c,UFC Fight Night: Machida vs Munoz,2013-10-26,completed,"http://www.ufcstats.com/fight-details/49d065270f57ad99, http://www.ufcstats.com/fight-details/b25662d83e6d4c3b, http://www.ufcstats.com/fight-details/c33671cab408184b, http://www.ufcstats.com/fight-details/a34dc365302238e8, http://www.ufcstats.com/fight-details/2a50b91600e87994, http://www.ufcstats.com/fight-details/4c0718f12ca664bb, http://www.ufcstats.com/fight-details/22fdf7a08691db5d, http://www.ufcstats.com/fight-details/6fbd9d599d638106, http://www.ufcstats.com/fight-details/5364d1537fc7d5aa, http://www.ufcstats.com/fight-details/0051d7fbb7893d27, http://www.ufcstats.com/fight-details/ce9e10ad39976287, http://www.ufcstats.com/fight-details/46c89e7e886cdc5b",2026-03-30T11:00:43Z,2026-08-08T18:34:17Z
ed7fb7a1-fa1c-5fdc-9b22-a684c0f9c275,http://www.ufcstats.com/event-details/35dc6220b113b7ec,UFC Fight Night: Fight for the Troops 3,2013-11-06,completed,"http://www.ufcstats.com/fight-details/26e876df6d498657, http://www.ufcstats.com/fight-details/4c257f69fb974088, http://www.ufcstats.com/fight-details/b35f2071e6dd4b12, http://www.ufcstats.com/fight-details/dbc3afd71525c83d, http://www.ufcstats.com/fight-details/0cd79ea89d5931d0, http://www.ufcstats.com/fight-details/2bcb1b0b05e2c739, http://www.ufcstats.com/fight-details/dc3deae609874677, http://www.ufcstats.com/fight-details/ce30634422a264f9, http://www.ufcstats.com/fight-details/add991cb839af4ed, http://www.ufcstats.com/fight-details/ef97cccf28cf00a8, http://www.ufcstats.com/fight-details/ab18079c7c0040fb, http://www.ufcstats.com/fight-details/6017ccf5fa09da34, http://www.ufcstats.com/fight-details/20a83369ee44e1d4",2026-03-30T11:00:44Z,2026-08-08T18:34:18Z
09df5ae7-9e69-57db-936a-2901827e528f,http://www.ufcstats.com/event-details/5d7c18191b8aa432,UFC Fight Night: Belfort vs Henderson 2,2013-11-09,completed,"http://www.ufcstats.com/fight-details/1d34e2f80cb91188, http://www.ufcstats.com/fight-details/2d57ce76f7922ed9, http://www.ufcstats.com/fight-details/c6c37a9e8990baba, http://www.ufcstats.com/fight-details/8de959ac3c3eeb85, http://www.ufcstats.com/fight-details/389c844a1a56177c, http://www.ufcstats.com/fight-details/2e042964c6498e7a, http://www.ufcstats.com/fight-details/0a70601cc9f2426f, http://www.ufcstats.com/fight-details/e9bc416752cadd29, http://www.ufcstats.com/fight-details/ee4d086121100177, http://www.ufcstats.com/fight-details/2dd0a47f43dfe8f6, http://www.ufcstats.com/fight-details/5cce3bc28ddb158f",2026-03-30T11:00:45Z,2026-08-08T18:34:20Z
252395c6-f8f7-5e2f-91bd-d066e9f67e70,http://www.ufcstats.com/event-details/28f3c2258a1d8874,UFC 167: St-Pierre vs Hendricks,2013-11-16,completed,"http://www.ufcstats.com/fight-details/7ff036c99621eb1c, http://www.ufcstats.com/fight-details/25cb0e15dfc8deb3, http://www.ufcstats.com/fight-details/6c1fa30e1dd38c0b, http://www.ufcstats.com/fight-details/1f5c71dd2a0672ac, http://www.ufcstats.com/fight-details/3081e6e1bc1235a8, http://www.ufcstats.com/fight-details/67222a0d79c83086, http://www.ufcstats.com/fight-details/e9ed827818e8cadf, http://www.ufcstats.com/fight-details/9bec9d2d0dd1d7f7, http://www.ufcstats.com/fight-details/9cc0582c703637aa, http://www.ufcstats.com/fight-details/a4d7e8241422ed41, http://www.ufcstats.com/fight-details/55f4c3598797ce6f, http://www.ufcstats.com/fight-details/d8b864e673f53ec2",2026-03-30T11:00:47Z,2026-08-08T18:34:21Z
f6fa5559-50f0-5d71-88a8-127c58b7f59e,http://www.ufcstats.com/event-details/9a967e8e43dcef63,The Ultimate Fighter: Team Rousey vs. Team Tate Finale,2013-11-30,completed,"http://www.ufcstats.com/fight-details/f0815638f558968d, http://www.ufcstats.com/fight-details/fca7fbd0bafc480c, http://www.ufcstats.com/fight-details/a072ec605bebe5a8, http://www.ufcstats.com/fight-details/1b7bc992c26ac10f, http://www.ufcstats.com/fight-details/2a940fac11da404d, http://www.ufcstats.com/fight-details/b186f4778257ca6d, http://www.ufcstats.com/fight-details/e9ec16e4e7cfb120, http://www.ufcstats.com/fight-details/2b5058614b56a898, http://www.ufcstats.com/fight-details/64e1197b8d5d0706, http://www.ufcstats.com/fight-details/c9ebbba18e4e1e84",2026-03-30T11:00:48Z,2026-08-08T18:34:22Z
948253ec-c5c2-5f42-a800-d9f394ab0473,http://www.ufcstats.com/event-details/ee457ef1e1c326c1,UFC Fight Night: Hunt vs Bigfoot,2013-12-06,completed,"http://www.ufcstats.com/fight-details/fe52c91f751e8db6, http://www.ufcstats.com/fight-details/b568f3700aa2c1f7, http://www.ufcstats.com/fight-details/bfc321f0b0a7bf40, http://www.ufcstats.com/fight-details/45e6eec6b35d7dfe, http://www.ufcstats.com/fight-details/adc1b34f6988bd68, http://www.ufcstats.com/fight-details/39efb868dbe7e311, http://www.ufcstats.com/fight-details/b951f2d4080ef172, http://www.ufcstats.com/fight-details/e982a2648d69fda6, http://www.ufcstats.com/fight-details/e14b4f2c7b36d0b9, http://www.ufcstats.com/fight-details/678eb77df5589eac, http://www.ufcstats.com/fight-details/2389557cfa02df78",2026-03-30T11:00:49Z,2026-08-08T18:34:23Z
f7e8970e-7dbe-58aa-8d2d-efc7529a9faa,http://www.ufcstats.com/event-details/480b702debcb5433,UFC on FOX: Johnson vs. Benavidez 2,2013-12-14,completed,"http://www.ufcstats.com/fight-details/e6663b2c16df6191, http://www.ufcstats.com/fight-details/00566b4d89565373, http://www.ufcstats.com/fight-details/631f0721b3fc56dc, http://www.ufcstats.com/fight-details/319d75c21fbb5d3f, http://www.ufcstats.com/fight-details/c1d2ce95229cdbd9, http://www.ufcstats.com/fight-details/a5c76ead1a2767b6, http://www.ufcstats.com/fight-details/f5fb4435faf1ca04, http://www.ufcstats.com/fight-details/5ffccdf4af20dc0d, http://www.ufcstats.com/fight-details/5929c539190c8a07, http://www.ufcstats.com/fight-details/4618dcef2dc6250f, http://www.ufcstats.com/fight-details/0f215b143e08f425",2026-03-30T11:00:50Z,2026-08-08T18:34:24Z
d85476a7-a5d6-5065-b153-0dc5943f5596,http://www.ufcstats.com/event-details/83d0de122f2f9664,UFC 168: Weidman vs Silva 2,2013-12-28,completed,"http://www.ufcstats.com/fight-details/2a17686c6b5f334e, http://www.ufcstats.com/fight-details/315968a74789600a, http://www.ufcstats.com/fight-details/a060b6b0dfe275b7, http://www.ufcstats.com/fight-details/39be68189f2d5074, http://www.ufcstats.com/fight-details/5e4f358e0bcc2f15, http://www.ufcstats.com/fight-details/11706648d34ff3e8, http://www.ufcstats.com/fight-details/b1fd21231f0604e1, http://www.ufcstats.com/fight-details/f1a9c3187855155c, http://www.ufcstats.com/fight-details/a6e494c82d136172, http://www.ufcstats.com/fight-details/49c0071ae52fc83a, http://www.ufcstats.com/fight-details/27635cc4d9fcac98",2026-03-30T11:00:52Z,2026-08-08T18:34:25Z
53cbb95a-6ba8-58d9-b576-9085c390eb7c,http://www.ufcstats.com/event-details/e5c9de15bb58b1c6,UFC Fight Night: Saffiedine vs Lim,2014-01-04,completed,"http://www.ufcstats.com/fight-details/3ff7d02ef633ee22, http://www.ufcstats.com/fight-details/07d1d120dab41893, http://www.ufcstats.com/fight-details/74edd53297a084b9, http://www.ufcstats.com/fight-details/221cb15141299346, http://www.ufcstats.com/fight-details/4b69545737f1902a, http://www.ufcstats.com/fight-details/ab8722d48a5a447e, http://www.ufcstats.com/fight-details/e2bb4b8ce5ada2a8, http://www.ufcstats.com/fight-details/181429d8227794cb, http://www.ufcstats.com/fight-details/eb82e95ab678f8bc, http://www.ufcstats.com/fight-details/f7bd56e197bab2a6",2026-03-30T11:00:53Z,2026-08-08T18:34:27Z
d60fa677-9497-5e1a-91c1-a99fd2b18931,http://www.ufcstats.com/event-details/30a09e43f15f1d75,UFC Fight Night: Rockhold vs Philippou,2014-01-15,completed,"http://www.ufcstats.com/fight-details/0f3e6876516edeaf, http://www.ufcstats.com/fight-details/8d6392d59e1ca099, http://www.ufcstats.com/fight-details/55139052f4641670, http://www.ufcstats.com/fight-details/7e3609b672c7ecf9, http://www.ufcstats.com/fight-details/eea06604a47ea9a8, http://www.ufcstats.com/fight-details/fac335e6aeff29f5, http://www.ufcstats.com/fight-details/bbb810f50d60b31a, http://www.ufcstats.com/fight-details/3b8b70b448b0c604, http://www.ufcstats.com/fight-details/94608c62dd497366, http://www.ufcstats.com/fight-details/c2f70bd2fc1bac73, http://www.ufcstats.com/fight-details/1143d37503a9527d, http://www.ufcstats.com/fight-details/6f3e189c393c0e09",2026-03-30T11:00:54Z,2026-08-08T18:34:28Z
77a2cbbc-3002-552e-bdb9-57b1fdc423c8,http://www.ufcstats.com/event-details/a8d521d913df4e31,UFC on FOX: Henderson vs Thomson,2014-01-25,completed,"http://www.ufcstats.com/fight-details/7fda79ba69b06c0b, http://www.ufcstats.com/fight-details/77d82e8a220053ea, http://www.ufcstats.com/fight-details/ca8e482388e7ac82, http://www.ufcstats.com/fight-details/6fdcd1caa0e9d239, http://www.ufcstats.com/fight-details/6a7f68feb5c0755d, http://www.ufcstats.com/fight-details/97ad3419f2029ba1, http://www.ufcstats.com/fight-details/80cb366cd1e54aec, http://www.ufcstats.com/fight-details/df7cf7ef41eccbe6, http://www.ufcstats.com/fight-details/3f1d1bd33a296f26, http://www.ufcstats.com/fight-details/ea0f7fe570c1533f, http://www.ufcstats.com/fight-details/e53c8a20819f9be6",2026-03-30T11:00:55Z,2026-08-08T18:34:30Z
99b71383-14bb-54a0-a782-a70e14c79e84,http://www.ufcstats.com/event-details/fc31f896cde2bc2e,UFC 169: Barao vs Faber 2,2014-02-01,completed,"http://www.ufcstats.com/fight-details/4c9047d1c1bc1e29, http://www.ufcstats.com/fight-details/a3b37f8ea171b962, http://www.ufcstats.com/fight-details/651bdd9e17a58c5d, http://www.ufcstats.com/fight-details/a851348faa460c2d, http://www.ufcstats.com/fight-details/fe936088ec4dcb0d, http://www.ufcstats.com/fight-details/b9be2e52d02886e2, http://www.ufcstats.com/fight-details/b705fb146638d859, http://www.ufcstats.com/fight-details/c145e4b6206d4c18, http://www.ufcstats.com/fight-details/b51163f358495b41, http://www.ufcstats.com/fight-details/131732f248cd2829, http://www.ufcstats.com/fight-details/bc9dd73e0a982c08, http://www.ufcstats.com/fight-details/7a91b26b3e231fff",2026-03-30T11:00:56Z,2026-08-08T18:34:31Z
f98cbd79-c366-58e3-af1c-fad9254eed87,http://www.ufcstats.com/event-details/51b0bb73a1da34bc,UFC Fight Night: Machida vs Mousasi,2014-02-15,completed,"http://www.ufcstats.com/fight-details/aa11f2375ee2118f, http://www.ufcstats.com/fight-details/ffbc12e4f821ec68, http://www.ufcstats.com/fight-details/dadde3eb4e5f43b4, http://www.ufcstats.com/fight-details/d0e084b6345c5af0, http://www.ufcstats.com/fight-details/b96e1222eb1a0faf, http://www.ufcstats.com/fight-details/cfefbf79340d3346, http://www.ufcstats.com/fight-details/420114bb94080b3c, http://www.ufcstats.com/fight-details/ea60fdcfd423a15e, http://www.ufcstats.com/fight-details/01d4d1d8bcb014cf, http://www.ufcstats.com/fight-details/8619c3cde7dd4e15, http://www.ufcstats.com/fight-details/496a169f4c9becec, http://www.ufcstats.com/fight-details/816119e4d9d983b1",2026-03-30T11:00:58Z,2026-08-08T18:34:32Z
8e3607a2-8f2b-5928-a602-d06abbc36017,http://www.ufcstats.com/event-details/3138fab619faf4d1,UFC 170: Rousey vs McMann,2014-02-22,completed,"http://www.ufcstats.com/fight-details/654127f5b9140be2, http://www.ufcstats.com/fight-details/b1a033020bd6d3f3, http://www.ufcstats.com/fight-details/29657325bfc1d590, http://www.ufcstats.com/fight-details/9988ff4d4197663b, http://www.ufcstats.com/fight-details/ab0d6346b7938a7f, http://www.ufcstats.com/fight-details/36630b8c820db52b, http://www.ufcstats.com/fight-details/faaa7340f4ede814, http://www.ufcstats.com/fight-details/41727d51af72b1d5, http://www.ufcstats.com/fight-details/1a8b815679bc89b8, http://www.ufcstats.com/fight-details/dc28c6e66f333d2a, http://www.ufcstats.com/fight-details/328ae84bf2af537e",2026-03-30T11:00:58Z,2026-08-08T18:34:34Z
0cfa5ef8-c804-5a3e-9c24-6b153c59ab8d,http://www.ufcstats.com/event-details/a26198ba5093147e,UFC Fight Night: Kim vs Hathaway,2014-03-01,completed,"http://www.ufcstats.com/fight-details/e38d7761a92e1bf9, http://www.ufcstats.com/fight-details/0fea1cff62e26b46, http://www.ufcstats.com/fight-details/82448697e7a44028, http://www.ufcstats.com/fight-details/57ab45aa1ebd087e, http://www.ufcstats.com/fight-details/c53a5dca56870ea5, http://www.ufcstats.com/fight-details/3fa2e753afa0bdbb, http://www.ufcstats.com/fight-details/36d4e8f650539bf0, http://www.ufcstats.com/fight-details/2ebe2ae9b4812f0a",2026-03-30T11:01:00Z,2026-08-08T18:34:35Z
dadddb27-2888-5ede-9910-77a2ace335d4,http://www.ufcstats.com/event-details/ebc1f40e00e0c481,UFC Fight Night: Gustafsson vs Manuwa,2014-03-08,completed,"http://www.ufcstats.com/fight-details/742fcd610f344810, http://www.ufcstats.com/fight-details/73f55778c5c55c2f, http://www.ufcstats.com/fight-details/b5be58e7fa1e7439, http://www.ufcstats.com/fight-details/0b3c3d363c82835f, http://www.ufcstats.com/fight-details/6242126d8d06a7ca, http://www.ufcstats.com/fight-details/406154260435c65a, http://www.ufcstats.com/fight-details/4911fcfb1b28faa5, http://www.ufcstats.com/fight-details/54845ec0646a9bee, http://www.ufcstats.com/fight-details/443791a8c6790cf0",2026-03-30T11:01:01Z,2026-08-08T18:34:36Z
3483441c-54cd-5fd8-8394-4f29c97c7580,http://www.ufcstats.com/event-details/179f1948dc234f1f,UFC 171: Hendricks vs Lawler,2014-03-15,completed,"http://www.ufcstats.com/fight-details/cdf58f62e289efec, http://www.ufcstats.com/fight-details/ba38b96f39db78c0, http://www.ufcstats.com/fight-details/d4d4aded862ace46, http://www.ufcstats.com/fight-details/427a10db0406cfba, http://www.ufcstats.com/fight-details/2d050cb1f7d8789a, http://www.ufcstats.com/fight-details/56b57d076f874eb0, http://www.ufcstats.com/fight-details/99170b2f2496e479, http://www.ufcstats.com/fight-details/639013929b61e834, http://www.ufcstats.com/fight-details/a5f39e8ff1398269, http://www.ufcstats.com/fight-details/364ed6aecfc8d16d, http://www.ufcstats.com/fight-details/0175c0d2a98576f1, http://www.ufcstats.com/fight-details/8f979d206eaec468, http://www.ufcstats.com/fight-details/543dca66a449d9d5",2026-03-30T11:01:02Z,2026-08-08T18:34:37Z
f5429020-9312-5fd1-9ecd-4580f8e548c0,http://www.ufcstats.com/event-details/d5f820c11a121050,UFC Fight Night: Shogun vs Henderson 2,2014-03-23,completed,"http://www.ufcstats.com/fight-details/981e2f5a8e46a1f1, http://www.ufcstats.com/fight-details/eae8d2c30c0bb499, http://www.ufcstats.com/fight-details/671048cd1933855a, http://www.ufcstats.com/fight-details/98cea844501261a9, http://www.ufcstats.com/fight-details/fcb3e9f89987d519, http://www.ufcstats.com/fight-details/995f0dcdcd5fe43c, http://www.ufcstats.com/fight-details/283c0b3b7e425252, http://www.ufcstats.com/fight-details/a5827bfce19e63ea, http://www.ufcstats.com/fight-details/5464d7ccb4177464, http://www.ufcstats.com/fight-details/8e87b33bea7c5da9, http://www.ufcstats.com/fight-details/8f120352072bd5ed",2026-03-30T11:01:03Z,2026-08-08T18:34:39Z
8b2df758-44c2-5fee-8f73-80ed73db4097,http://www.ufcstats.com/event-details/d632d156c0549e07,UFC Fight Night: Minotauro vs Nelson,2014-04-11,completed,"http://www.ufcstats.com/fight-details/20d732758337f0a5, http://www.ufcstats.com/fight-details/a2e1e35e4e84e08d, http://www.ufcstats.com/fight-details/8c47c4b9503dd5b4, http://www.ufcstats.com/fight-details/beed8bc1f800de8f, http://www.ufcstats.com/fight-details/f524520a7fe0a8b8, http://www.ufcstats.com/fight-details/a523ac02533f8b4d, http://www.ufcstats.com/fight-details/f7fac3df5c6dc91f, http://www.ufcstats.com/fight-details/ceac6997d22f2f3b",2026-03-30T11:01:05Z,2026-08-08T18:34:40Z
0d4e4ae7-91d7-5e0a-bc75-d48f9fbcf940,http://www.ufcstats.com/event-details/f9f07bb5a43535ed,UFC Fight Night: Bisping vs Kennedy,2014-04-16,completed,"http://www.ufcstats.com/fight-details/3a5b53d1123d9f7e, http://www.ufcstats.com/fight-details/1a6e7e7c98886198, http://www.ufcstats.com/fight-details/273f9520d75f3dac, http://www.ufcstats.com/fight-details/0dd560fbcae2244f, http://www.ufcstats.com/fight-details/3e6b5cb3c37bef3b, http://www.ufcstats.com/fight-details/3406cf3e28e30d1b, http://www.ufcstats.com/fight-details/2e8d68b14dde981e, http://www.ufcstats.com/fight-details/f0b117394e52996b, http://www.ufcstats.com/fight-details/3427667c1a265fe5, http://www.ufcstats.com/fight-details/a7aac5f6b470ddaa, http://www.ufcstats.com/fight-details/01c67a3990800dc3, http://www.ufcstats.com/fight-details/e532ef88b8cb26d2, http://www.ufcstats.com/fight-details/d2519c169f3039ee",2026-03-30T11:01:06Z,2026-08-08T18:34:42Z
663663ce-50bb-5aa3-b66b-defac3cdd30a,http://www.ufcstats.com/event-details/a421465acbe59c77,UFC on FOX: Werdum vs Browne,2014-04-19,completed,"http://www.ufcstats.com/fight-details/a9660625bab5d4a3, http://www.ufcstats.com/fight-details/e446c5e4a8b8d189, http://www.ufcstats.com/fight-details/4e3ccffe18641d9c, http://www.ufcstats.com/fight-details/f5445d367e7dbb2b, http://www.ufcstats.com/fight-details/9d1722fb8b83a92a, http://www.ufcstats.com/fight-details/220aa11288e919c6, http://www.ufcstats.com/fight-details/f8c9a597f719d75c, http://www.ufcstats.com/fight-details/3808db1e982cb103, http://www.ufcstats.com/fight-details/7fe2f0213d641540, http://www.ufcstats.com/fight-details/73f72edb86c82eef, http://www.ufcstats.com/fight-details/b36362f5db72abee, http://www.ufcstats.com/fight-details/70e0e57a6755e31e, http://www.ufcstats.com/fight-details/a283975bf9355757",2026-03-30T11:01:08Z,2026-08-08T18:34:43Z
a4837406-6198-5976-9752-1203c13d73a0,http://www.ufcstats.com/event-details/4f2fcbefb668689d,UFC 172: Jones vs Teixeira,2014-04-26,completed,"http://www.ufcstats.com/fight-details/e332aec001b34f50, http://www.ufcstats.com/fight-details/9a1d57966d8a17a4, http://www.ufcstats.com/fight-details/9b10db4499b211b7, http://www.ufcstats.com/fight-details/484cf23d5110ca04, http://www.ufcstats.com/fight-details/5b0cc074c657ebd4, http://www.ufcstats.com/fight-details/553a788a44b8e794, http://www.ufcstats.com/fight-details/23861a2085ea34a3, http://www.ufcstats.com/fight-details/c3455ba522bb37eb, http://www.ufcstats.com/fight-details/e4fcad8261083dbf, http://www.ufcstats.com/fight-details/82f00e723ed5f6ea",2026-03-30T11:01:09Z,2026-08-08T18:34:44Z
70f7a408-b4ff-544f-a9e1-94eca0d97c74,http://www.ufcstats.com/event-details/579fcdfcabd23a7b,UFC Fight Night: Brown vs Silva,2014-05-10,completed,"http://www.ufcstats.com/fight-details/f8cceeabeb2afd4d, http://www.ufcstats.com/fight-details/2d14f73c374f2875, http://www.ufcstats.com/fight-details/3ee1a3216cf66b95, http://www.ufcstats.com/fight-details/107079f548338ac3, http://www.ufcstats.com/fight-details/4ceadad9c2dd0a87, http://www.ufcstats.com/fight-details/7d947be4c15ebe36, http://www.ufcstats.com/fight-details/289004336bd71d34, http://www.ufcstats.com/fight-details/8ea70cfd5d3aa5ee, http://www.ufcstats.com/fight-details/9a8fedc4fa968bbd, http://www.ufcstats.com/fight-details/23e96ddeb14b5936, http://www.ufcstats.com/fight-details/687b9b2c11667531, http://www.ufcstats.com/fight-details/2b6c2cdccb2cc659, http://www.ufcstats.com/fight-details/d6e4d0d62a96a948",2026-03-30T11:01:10Z,2026-08-08T18:34:46Z
9f181955-5b29-5667-a95a-c1f04f1eccc6,http://www.ufcstats.com/event-details/9ca265dfe8323db3,UFC 173: Barao vs Dillashaw,2014-05-24,completed,"http://www.ufcstats.com/fight-details/edcb573f1462846e, http://www.ufcstats.com/fight-details/2f6b63e8ec62e3ca, http://www.ufcstats.com/fight-details/c3e3d5ef06a45616, http://www.ufcstats.com/fight-details/f9a59f7c67fbce01, http://www.ufcstats.com/fight-details/164eb9071caf3fe8, http://www.ufcstats.com/fight-details/1789d630e31e9c77, http://www.ufcstats.com/fight-details/002c1562708ac307, http://www.ufcstats.com/fight-details/ee0075e188e87e86, http://www.ufcstats.com/fight-details/4ead27d52c14697a, http://www.ufcstats.com/fight-details/11d2b546c8533c0f, http://www.ufcstats.com/fight-details/8d98ccae1057815e, http://www.ufcstats.com/fight-details/b56fd6eb7d0b6083",2026-03-30T11:01:12Z,2026-08-08T18:34:47Z
fac36e1c-6427-5811-aa2c-fd522d4b6eb7,http://www.ufcstats.com/event-details/b757c73f443d4fca,UFC Fight Night: Munoz vs Mousasi,2014-05-31,completed,"http://www.ufcstats.com/fight-details/5d7c91acbcddda2f, http://www.ufcstats.com/fight-details/0ecbb881c74a63f5, http://www.ufcstats.com/fight-details/3618e0e165190576, http://www.ufcstats.com/fight-details/0b1af005a5f25561, http://www.ufcstats.com/fight-details/042fee3d05e105fa, http://www.ufcstats.com/fight-details/5b6405eeb6757637, http://www.ufcstats.com/fight-details/2133f8798f089140, http://www.ufcstats.com/fight-details/e886e22d31bc96c1, http://www.ufcstats.com/fight-details/47bdfab3cdcdddfd, http://www.ufcstats.com/fight-details/2baa02e0df86b566",2026-03-30T11:01:13Z,2026-08-08T18:34:48Z
0eaaca83-496c-58c4-91c8-e9969e50a932,http://www.ufcstats.com/event-details/59aaf2730b84698a,UFC Fight Night: Miocic vs Maldonado,2014-05-31,completed,"http://www.ufcstats.com/fight-details/09f9849d363433a7, http://www.ufcstats.com/fight-details/c16454a3205506c6, http://www.ufcstats.com/fight-details/bd0497a410822291, http://www.ufcstats.com/fight-details/f9109d1e7c4ff9aa, http://www.ufcstats.com/fight-details/a104c62f69ce47de, http://www.ufcstats.com/fight-details/16216dcec4a48768, http://www.ufcstats.com/fight-details/4041e280dc113323, http://www.ufcstats.com/fight-details/c16b1dc7577fc31c, http://www.ufcstats.com/fight-details/c556a9d615f11483, http://www.ufcstats.com/fight-details/e64310b89b54db3f, http://www.ufcstats.com/fight-details/ab27a211bcb9550b, http://www.ufcstats.com/fight-details/f132535656f28648",2026-03-30T11:01:14Z,2026-08-08T18:34:49Z
109d2b1d-8811-5122-9f91-2febf68a3976,http://www.ufcstats.com/event-details/1fcfc3709fe58151,UFC Fight Night: Henderson vs Khabilov,2014-06-07,completed,"http://www.ufcstats.com/fight-details/753004dcc9c53eb6, http://www.ufcstats.com/fight-details/8d7ea177efadc718, http://www.ufcstats.com/fight-details/dbc35626d0f0576b, http://www.ufcstats.com/fight-details/b97d2f97d109cfc8, http://www.ufcstats.com/fight-details/6ff8fff0fe2a3cd9, http://www.ufcstats.com/fight-details/410e3163827d6d3b, http://www.ufcstats.com/fight-details/6eee347f75f223f0, http://www.ufcstats.com/fight-details/6597b770486021b8, http://www.ufcstats.com/fight-details/d02ac0447fb2a7a0, http://www.ufcstats.com/fight-details/5eb07bffdc8b7acf, http://www.ufcstats.com/fight-details/0c2a634606639d71",2026-03-30T11:01:16Z,2026-08-08T18:34:50Z
6a137664-b35f-54a9-83a0-a142c45d0844,http://www.ufcstats.com/event-details/5b5307450405abf0,UFC 174: Johnson vs Bagautinov,2014-06-14,completed,"http://www.ufcstats.com/fight-details/933660cfab154f1a, http://www.ufcstats.com/fight-details/de65739f00350c58, http://www.ufcstats.com/fight-details/b72c19b80fb47ba4, http://www.ufcstats.com/fight-details/f3ebce624bb154ae, http://www.ufcstats.com/fight-details/db747a157e1f264b, http://www.ufcstats.com/fight-details/7767149280471f2a, http://www.ufcstats.com/fight-details/594ce25b9e16c7ba, http://www.ufcstats.com/fight-details/5fe5c8cb69d8825e, http://www.ufcstats.com/fight-details/a84d032d7d217427, http://www.ufcstats.com/fight-details/2d7ead5ad0952423, http://www.ufcstats.com/fight-details/357ba2f1da89031b",2026-03-30T11:01:17Z,2026-08-08T18:34:51Z
6280a026-d843-5420-a435-2036508b483b,http://www.ufcstats.com/event-details/ac9521250dc1a14c,UFC Fight Night: Te Huna vs Marquardt,2014-06-28,completed,"http://www.ufcstats.com/fight-details/bfcabf1ab823942f, http://www.ufcstats.com/fight-details/7962611f2adbacc0, http://www.ufcstats.com/fight-details/a4759c52378f9d1a, http://www.ufcstats.com/fight-details/1f65f03f1225e061, http://www.ufcstats.com/fight-details/70e49c90d012de66, http://www.ufcstats.com/fight-details/2977a9b5c30d89c1, http://www.ufcstats.com/fight-details/eb13a9d04dca676e, http://www.ufcstats.com/fight-details/2bb2a2652fe38809, http://www.ufcstats.com/fight-details/ee532a38a0b93127, http://www.ufcstats.com/fight-details/25a28456f684503e",2026-03-30T11:01:18Z,2026-08-08T18:34:53Z
7ed13bab-a8aa-59d3-bc14-4d8582db5d4d,http://www.ufcstats.com/event-details/c0ed7b208197e8de,UFC Fight Night: Swanson vs Stephens,2014-06-28,completed,"http://www.ufcstats.com/fight-details/46cfb41b00cb5ad8, http://www.ufcstats.com/fight-details/0dab467898de22c6, http://www.ufcstats.com/fight-details/12bf24fa110513d0, http://www.ufcstats.com/fight-details/2c8d1f5bb73a812b, http://www.ufcstats.com/fight-details/7d26a6b4b6845e1b, http://www.ufcstats.com/fight-details/9afda67fdb4d7c07, http://www.ufcstats.com/fight-details/cbf36e02c68e7719, http://www.ufcstats.com/fight-details/4eae10815ebe78e3, http://www.ufcstats.com/fight-details/47cabf79c3340581, http://www.ufcstats.com/fight-details/f3fb4be38377e1e9, http://www.ufcstats.com/fight-details/612333aaff795989",2026-03-30T11:01:20Z,2026-08-08T18:34:54Z
8fb2bb16-2972-5bf6-9998-28c50d453f16,http://www.ufcstats.com/event-details/53adf5b845d91e4a,UFC 175: Weidman vs Machida,2014-07-05,completed,"http://www.ufcstats.com/fight-details/f966ed41316504b9, http://www.ufcstats.com/fight-details/5da7d95051699adb, http://www.ufcstats.com/fight-details/f560035058bdb18b, http://www.ufcstats.com/fight-details/9cba1f0cdf10a8e5, http://www.ufcstats.com/fight-details/27c34f7a7e1c4d67, http://www.ufcstats.com/fight-details/f206143bb9347444, http://www.ufcstats.com/fight-details/2e8058fb2344ae3f, http://www.ufcstats.com/fight-details/c576e311ea337a32, http://www.ufcstats.com/fight-details/6445b14dbd24ac25, http://www.ufcstats.com/fight-details/629655f9b898810d",2026-03-30T11:01:21Z,2026-08-08T18:34:55Z
c35d0df6-1504-59f6-8d15-1b04928eea01,http://www.ufcstats.com/event-details/1c5879330d42255f,The Ultimate Fighter: Team Edgar vs. Team Penn Finale,2014-07-06,completed,"http://www.ufcstats.com/fight-details/bdcb43bf1daa790b, http://www.ufcstats.com/fight-details/8c5785de472dd9b2, http://www.ufcstats.com/fight-details/14a59abb3160ddaa, http://www.ufcstats.com/fight-details/e7081f3a0a982f9d, http://www.ufcstats.com/fight-details/de17a01ce8a0c654, http://www.ufcstats.com/fight-details/94371d1af8aab471, http://www.ufcstats.com/fight-details/8fd355e482806ca7, http://www.ufcstats.com/fight-details/2f91307892d163ce, http://www.ufcstats.com/fight-details/1117f90ee81e0bbf, http://www.ufcstats.com/fight-details/e7318f41bce58b8c, http://www.ufcstats.com/fight-details/a6245f48fc60bc6a",2026-03-30T11:01:23Z,2026-08-08T18:34:57Z
9602da97-7498-5b7b-9950-8714c3b07148,http://www.ufcstats.com/event-details/79ded75550efc139,UFC Fight Night: Cowboy vs Miller,2014-07-16,completed,"http://www.ufcstats.com/fight-details/c8998aa536614a5a, http://www.ufcstats.com/fight-details/4e7c06f8b2b8c24b, http://www.ufcstats.com/fight-details/a822be2a017f329e, http://www.ufcstats.com/fight-details/c1bc2a42652f685c, http://www.ufcstats.com/fight-details/3c06557ddd86f8e8, http://www.ufcstats.com/fight-details/0dff8509f6a861f1, http://www.ufcstats.com/fight-details/b0271fa12935bf88, http://www.ufcstats.com/fight-details/9fc7fcbdb6587265, http://www.ufcstats.com/fight-details/02a183fa803a33fe, http://www.ufcstats.com/fight-details/635ee9448fe2ddaf, http://www.ufcstats.com/fight-details/5c30f6535a08d598",2026-03-30T11:01:24Z,2026-08-08T18:34:58Z
0a8a2f79-e6d9-589d-b410-2786868ef4ab,http://www.ufcstats.com/event-details/073eee4e62f0d988,UFC Fight Night: McGregor vs Brandao,2014-07-19,completed,"http://www.ufcstats.com/fight-details/1e603e6aa6d1a750, http://www.ufcstats.com/fight-details/ab3820fa9944bd22, http://www.ufcstats.com/fight-details/0836a9bdd8942bb3, http://www.ufcstats.com/fight-details/611ccad0fc46ba51, http://www.ufcstats.com/fight-details/85a58685504c63b4, http://www.ufcstats.com/fight-details/b2457e9da89967e2, http://www.ufcstats.com/fight-details/f3a970c83d8de1db, http://www.ufcstats.com/fight-details/c805552171b20b68, http://www.ufcstats.com/fight-details/f6d6b660e1578744, http://www.ufcstats.com/fight-details/e554e9910cb83d49",2026-03-30T11:01:25Z,2026-08-08T18:34:59Z
8d8525f8-40ae-5c3f-82b3-6d8de44433d7,http://www.ufcstats.com/event-details/05fbfe628658c538,UFC on FOX: Lawler vs Brown,2014-07-26,completed,"http://www.ufcstats.com/fight-details/677910683d0fd88b, http://www.ufcstats.com/fight-details/1f63949591ad61bd, http://www.ufcstats.com/fight-details/1258b6f1cb5eed64, http://www.ufcstats.com/fight-details/23124e6f3e7aa37d, http://www.ufcstats.com/fight-details/17dc833cda860933, http://www.ufcstats.com/fight-details/2e23e7ab6217c034, http://www.ufcstats.com/fight-details/35cdd5e50d30f26e, http://www.ufcstats.com/fight-details/fe6b45e7210bfa8e, http://www.ufcstats.com/fight-details/f9e672ec431fed3f, http://www.ufcstats.com/fight-details/5da651d5867cbdfe, http://www.ufcstats.com/fight-details/f29ba17d818d4fac, http://www.ufcstats.com/fight-details/55b3724a98c0469c",2026-03-30T11:01:26Z,2026-08-08T18:35:00Z
6509f6b1-71c9-5c95-b895-517163f06b57,http://www.ufcstats.com/event-details/fd7acf42bd6e7e95,UFC Fight Night: Bader vs Saint Preux,2014-08-16,completed,"http://www.ufcstats.com/fight-details/db209b782f35e0e6, http://www.ufcstats.com/fight-details/efa3f3c8945cad0a, http://www.ufcstats.com/fight-details/852442b380088fa5, http://www.ufcstats.com/fight-details/5df4632f6238e612, http://www.ufcstats.com/fight-details/2573a9a722f238f4, http://www.ufcstats.com/fight-details/6989466d287b4a57, http://www.ufcstats.com/fight-details/a0e4f43827aa81c4, http://www.ufcstats.com/fight-details/03ba4f9ba7c934ad, http://www.ufcstats.com/fight-details/49d8fc8e4aee9b51, http://www.ufcstats.com/fight-details/99dc6aa635a9cf98",2026-03-30T11:01:28Z,2026-08-08T18:35:01Z
0c860ece-820b-53ea-9bb5-c903b40244a7,http://www.ufcstats.com/event-details/770b9d4813c25902,UFC Fight Night: Bisping vs Le,2014-08-23,completed,"http://www.ufcstats.com/fight-details/a57b9c636ac198be, http://www.ufcstats.com/fight-details/7cde85d46dc0bebe, http://www.ufcstats.com/fight-details/0067048aaa2aa2da, http://www.ufcstats.com/fight-details/2c417643d6de6f04, http://www.ufcstats.com/fight-details/2d323659e430bc92, http://www.ufcstats.com/fight-details/d0ee52e17db605ab, http://www.ufcstats.com/fight-details/e5cf527ed3963a0e, http://www.ufcstats.com/fight-details/4de8b5898e1a23c8, http://www.ufcstats.com/fight-details/fe1130f34dea28d8, http://www.ufcstats.com/fight-details/63e4cd10ed47f1a8",2026-03-30T11:01:29Z,2026-08-08T18:35:03Z
d2407950-dee1-5654-b53c-ed2f221d6b1b,http://www.ufcstats.com/event-details/063649e21bc9d6d5,UFC Fight Night: Henderson vs Dos Anjos,2014-08-23,completed,"http://www.ufcstats.com/fight-details/351532f2fe6804d1, http://www.ufcstats.com/fight-details/c7765a3255701267, http://www.ufcstats.com/fight-details/735ed861dee80d25, http://www.ufcstats.com/fight-details/56fbc2a376569c13, http://www.ufcstats.com/fight-details/20f0129fc4861674, http://www.ufcstats.com/fight-details/e8f6232d12d52b58, http://www.ufcstats.com/fight-details/954362efa4564d60, http://www.ufcstats.com/fight-details/53fe9da9fb8d4f88, http://www.ufcstats.com/fight-details/b2867869d4eb98ce, http://www.ufcstats.com/fight-details/bb9c60bc6924f373, http://www.ufcstats.com/fight-details/01be9ab42f1fd8e6",2026-03-30T11:01:30Z,2026-08-08T18:35:03Z
f903d028-a751-5441-ab75-a59402265aa3,http://www.ufcstats.com/event-details/269d103c96a4c3a5,UFC 177: Dillashaw vs Soto,2014-08-30,completed,"http://www.ufcstats.com/fight-details/e8c16b26a4bfe163, http://www.ufcstats.com/fight-details/ae0b5ab5bc4bb6a7, http://www.ufcstats.com/fight-details/8452ff5ae6316931, http://www.ufcstats.com/fight-details/1748b2b5aabe23a5, http://www.ufcstats.com/fight-details/7cfb05c08ec91525, http://www.ufcstats.com/fight-details/bd83e4a6f216230f, http://www.ufcstats.com/fight-details/c303b8a07d0d06d2, http://www.ufcstats.com/fight-details/788c4bbf925cdf40",2026-03-30T11:01:31Z,2026-08-08T18:35:05Z
a7632b0d-d185-5b15-8cdf-1c85b65e3743,http://www.ufcstats.com/event-details/9bcfb40dbcd50568,UFC Fight Night: Jacare vs Mousasi,2014-09-05,completed,"http://www.ufcstats.com/fight-details/80faf0c138d20999, http://www.ufcstats.com/fight-details/1520290d28b75b53, http://www.ufcstats.com/fight-details/fd4d5685c2e207b5, http://www.ufcstats.com/fight-details/c9733393385105cb, http://www.ufcstats.com/fight-details/839c8cd7b1a32c7c, http://www.ufcstats.com/fight-details/1c980547431ddcef, http://www.ufcstats.com/fight-details/98e21492b6bc15d3, http://www.ufcstats.com/fight-details/603b0b1fa3ab8f20, http://www.ufcstats.com/fight-details/7ba4a04673307cc9",2026-03-30T11:01:32Z,2026-08-08T18:35:06Z
f4fbe875-a623-5abb-80b4-5e6012cc4bc2,http://www.ufcstats.com/event-details/a71feb7ea7592a71,UFC Fight Night: Bigfoot vs Arlovski,2014-09-13,completed,"http://www.ufcstats.com/fight-details/61c9bbeb2806534b, http://www.ufcstats.com/fight-details/246f38c7855a6400, http://www.ufcstats.com/fight-details/72d2ab073f4120a4, http://www.ufcstats.com/fight-details/033e4538b9014f91, http://www.ufcstats.com/fight-details/36c2ce10809f17b3, http://www.ufcstats.com/fight-details/2798c746fe93502a, http://www.ufcstats.com/fight-details/7580c93fec606442, http://www.ufcstats.com/fight-details/ebb9eeac1faf73ed, http://www.ufcstats.com/fight-details/e79e3ee088b76d46, http://www.ufcstats.com/fight-details/972b0643185b2570, http://www.ufcstats.com/fight-details/6f19f24780c4f23f",2026-03-30T11:01:34Z,2026-08-08T18:35:07Z
90d6282f-9796-5eab-8532-fbf5d9564803,http://www.ufcstats.com/event-details/2dea80c069847321,UFC Fight Night: Hunt vs Nelson,2014-09-20,completed,"http://www.ufcstats.com/fight-details/ef3c1a2ac6510d26, http://www.ufcstats.com/fight-details/5ff0c4c6006f0873, http://www.ufcstats.com/fight-details/1e797ccd275a98d0, http://www.ufcstats.com/fight-details/36d9d7e331e6b589, http://www.ufcstats.com/fight-details/26cd506de4221057, http://www.ufcstats.com/fight-details/c2a36e996bba3a4a, http://www.ufcstats.com/fight-details/b516beb27416e492, http://www.ufcstats.com/fight-details/7690e946d9d81f51, http://www.ufcstats.com/fight-details/de2dad48d95305d7, http://www.ufcstats.com/fight-details/a4398b9257a93d78, http://www.ufcstats.com/fight-details/3dd55cca2358a511, http://www.ufcstats.com/fight-details/284e05afc9479620",2026-03-30T11:01:35Z,2026-08-08T18:35:08Z
2cf730a0-a625-5e47-b2e4-a3e3abc3aecc,http://www.ufcstats.com/event-details/3bb030257966b022,UFC 178: Johnson vs Cariaso,2014-09-27,completed,"http://www.ufcstats.com/fight-details/79c2461046e17eba, http://www.ufcstats.com/fight-details/64eb4ae171613218, http://www.ufcstats.com/fight-details/6bcea00473e43a59, http://www.ufcstats.com/fight-details/3e3db8c37096c260, http://www.ufcstats.com/fight-details/b1b82605646eb850, http://www.ufcstats.com/fight-details/72656e864ca1c972, http://www.ufcstats.com/fight-details/65f4d4f44e6e73f7, http://www.ufcstats.com/fight-details/fceab09944a65840, http://www.ufcstats.com/fight-details/fc45644c62643c71, http://www.ufcstats.com/fight-details/9c0721bd410e7a0e, http://www.ufcstats.com/fight-details/a49706a6edb0c5c3",2026-03-30T11:01:36Z,2026-08-08T18:35:09Z
31383666-8011-5fd2-99c9-fb0b84ab6c6d,http://www.ufcstats.com/event-details/8dc4f34c1f50d00d,UFC Fight Night: Nelson vs Story,2014-10-04,completed,"http://www.ufcstats.com/fight-details/da26301ae3e7a9b1, http://www.ufcstats.com/fight-details/ca16e203eb2bde60, http://www.ufcstats.com/fight-details/699a70c8fb3c0273, http://www.ufcstats.com/fight-details/5ed0027812582ad9, http://www.ufcstats.com/fight-details/5563d6de0b4c4d65, http://www.ufcstats.com/fight-details/562d3261ca7bdf01, http://www.ufcstats.com/fight-details/24ac3d1bee1610ef, http://www.ufcstats.com/fight-details/63e21ff20866b8fb, http://www.ufcstats.com/fight-details/6c62796d9b7e94a0, http://www.ufcstats.com/fight-details/23692b9936363da3, http://www.ufcstats.com/fight-details/75a88258eb967e0c",2026-03-30T11:01:37Z,2026-08-08T18:35:10Z
23300071-d312-56c0-bc2b-0ff0d2a3d4d1,http://www.ufcstats.com/event-details/0313bf497de9c470,UFC Fight Night: MacDonald vs Saffiedine,2014-10-04,completed,"http://www.ufcstats.com/fight-details/64542fe846b9aea9, http://www.ufcstats.com/fight-details/06fab49a307ff3d2, http://www.ufcstats.com/fight-details/20af0f55d226f320, http://www.ufcstats.com/fight-details/7e25199be406dd7b, http://www.ufcstats.com/fight-details/5e07077e84fc45cd, http://www.ufcstats.com/fight-details/2d13778322a8af82, http://www.ufcstats.com/fight-details/88933cf1edd83034, http://www.ufcstats.com/fight-details/2d1f8ee74824f983, http://www.ufcstats.com/fight-details/4e981b587c1012dd, http://www.ufcstats.com/fight-details/17bb1e62772ac5af, http://www.ufcstats.com/fight-details/4664432c0d592411, http://www.ufcstats.com/fight-details/1cad3dc6d7eccdfb",2026-03-30T11:01:39Z,2026-08-08T18:35:12Z
58b79685-24e9-5d51-89ec-fd271c5b1b9f,http://www.ufcstats.com/event-details/53f02bbc41d99432,UFC 179: Aldo vs Mendes 2,2014-10-25,completed,"http://www.ufcstats.com/fight-details/7099374e91f9283b, http://www.ufcstats.com/fight-details/06854105c3503075, http://www.ufcstats.com/fight-details/2bfb60face19904d, http://www.ufcstats.com/fight-details/ffd3e3d37cba32da, http://www.ufcstats.com/fight-details/852223ee1a2d0a74, http://www.ufcstats.com/fight-details/d1b2ce8ee57307c0, http://www.ufcstats.com/fight-details/502d7cb01921170f, http://www.ufcstats.com/fight-details/a90fde18a088f99b, http://www.ufcstats.com/fight-details/432e57033ceecee0, http://www.ufcstats.com/fight-details/2a44035824303dee, http://www.ufcstats.com/fight-details/4cc9ef5e68009fd4",2026-03-30T11:01:40Z,2026-08-08T18:35:13Z
ed06a51a-8aab-5d62-b247-06a8543737f1,http://www.ufcstats.com/event-details/371a1c91b24dec2b,UFC Fight Night: Rockhold vs Bisping,2014-11-07,completed,"http://www.ufcstats.com/fight-details/3d741cee0dffe165, http://www.ufcstats.com/fight-details/73954f3895cac499, http://www.ufcstats.com/fight-details/13c4251fb451f440, http://www.ufcstats.com/fight-details/3e9f3ce3a01bb97f, http://www.ufcstats.com/fight-details/2faa7b48b4d51cab, http://www.ufcstats.com/fight-details/b1e7100c2ab1ab79, http://www.ufcstats.com/fight-details/920b8aae22c04f13, http://www.ufcstats.com/fight-details/0f0473dde4b873ca, http://www.ufcstats.com/fight-details/681d77e5d5c0f0ee, http://www.ufcstats.com/fight-details/3a7d76e3c0b503c3, http://www.ufcstats.com/fight-details/c3d336f9aabc9fb6",2026-03-30T11:01:41Z,2026-08-08T18:35:14Z
8220c116-fca2-5090-bdc2-c597a43a63f0,http://www.ufcstats.com/event-details/6ca68b636fbc1f18,UFC Fight Night 56: Shogun vs Saint Preux,2014-11-08,completed,"http://www.ufcstats.com/fight-details/e8907b881151b79d, http://www.ufcstats.com/fight-details/cbe954d004415b51, http://www.ufcstats.com/fight-details/a3480aa7bdc63c11, http://www.ufcstats.com/fight-details/fadb129e71d8fc22, http://www.ufcstats.com/fight-details/db9f8144b50227f2, http://www.ufcstats.com/fight-details/7826c23386a1e09a, http://www.ufcstats.com/fight-details/208674403b0936d4, http://www.ufcstats.com/fight-details/207f105716df54f9, http://www.ufcstats.com/fight-details/49b05e23e3a2af13, http://www.ufcstats.com/fight-details/cccb99dd4ec5c2d6",2026-03-30T11:01:42Z,2026-08-08T18:35:15Z
2c2791c5-dc29-5123-8fc5-4293bb28882b,http://www.ufcstats.com/event-details/59851163aaf1aed8,UFC 180: Werdum vs Hunt,2014-11-15,completed,"http://www.ufcstats.com/fight-details/03a200326e56d597, http://www.ufcstats.com/fight-details/12eec1df1fd078a2, http://www.ufcstats.com/fight-details/7228398a1ab12183, http://www.ufcstats.com/fight-details/925f745c03ebd638, http://www.ufcstats.com/fight-details/1e1a09bbedf7781d, http://www.ufcstats.com/fight-details/9e47b2a66d0e9315, http://www.ufcstats.com/fight-details/7a440fcd8048b091, http://www.ufcstats.com/fight-details/07f9fc40f1e6aa87, http://www.ufcstats.com/fight-details/4087bb7b3b1b9e24, http://www.ufcstats.com/fight-details/a788042d4d0c50d4, http://www.ufcstats.com/fight-details/22f52e3b614e0d8a",2026-03-30T11:01:43Z,2026-08-08T18:35:17Z
66cb592b-831e-55ba-a234-a3f6e74635ae,http://www.ufcstats.com/event-details/155a02a8b4311057,UFC Fight Night: Edgar vs Swanson,2014-11-22,completed,"http://www.ufcstats.com/fight-details/8f9cfe0e283a6ccb, http://www.ufcstats.com/fight-details/2f93de8b39ec4625, http://www.ufcstats.com/fight-details/033d968f325842e7, http://www.ufcstats.com/fight-details/2ff14dfede1d02dd, http://www.ufcstats.com/fight-details/079308cc2efa2e5d, http://www.ufcstats.com/fight-details/a2bd4c46f89f19ae, http://www.ufcstats.com/fight-details/171af1114dbfc29d, http://www.ufcstats.com/fight-details/55e9ea18b8a72b2e, http://www.ufcstats.com/fight-details/e947baa4cad609d0, http://www.ufcstats.com/fight-details/56a0f335ef05c825, http://www.ufcstats.com/fight-details/e7859b4e70d4a9c1, http://www.ufcstats.com/fight-details/1a637fbda4bdf575",2026-03-30T11:01:44Z,2026-08-08T18:35:18Z
8c8301ba-0e36-5778-ab76-a4a51fe58608,http://www.ufcstats.com/event-details/dfdd0c5dd0d4bc23,UFC 181: Hendricks vs Lawler II,2014-12-06,completed,"http://www.ufcstats.com/fight-details/44fc830a664ed611, http://www.ufcstats.com/fight-details/93b7ae1e0f79d100, http://www.ufcstats.com/fight-details/9b1e3d99fffb9c10, http://www.ufcstats.com/fight-details/58112f9fc0058e68, http://www.ufcstats.com/fight-details/7e8f4240725316a4, http://www.ufcstats.com/fight-details/c5ae278a05b73db9, http://www.ufcstats.com/fight-details/acc987adeab45bfc, http://www.ufcstats.com/fight-details/60030b35e276d338, http://www.ufcstats.com/fight-details/802eba82d2b6113e, http://www.ufcstats.com/fight-details/2417f4130d707978, http://www.ufcstats.com/fight-details/bf1a7590c455bc7b",2026-03-30T11:01:45Z,2026-08-08T18:35:19Z
a6230b39-2ae7-5ab3-9c3c-184b2eccd65d,http://www.ufcstats.com/event-details/222d6b547de2e035,The Ultimate Fighter: A Champion Will Be Crowned Finale,2014-12-12,completed,"http://www.ufcstats.com/fight-details/73c70a628f0ef14b, http://www.ufcstats.com/fight-details/18ba44e67d5c5f38, http://www.ufcstats.com/fight-details/da3210cd829fceb7, http://www.ufcstats.com/fight-details/d417609ea9670fb3, http://www.ufcstats.com/fight-details/fa2bed87e5d6c568, http://www.ufcstats.com/fight-details/e1cfe75b3a8fe709, http://www.ufcstats.com/fight-details/54afe8c42e2062d6, http://www.ufcstats.com/fight-details/b079f3d5ad290afb, http://www.ufcstats.com/fight-details/ed3222701a8c0521, http://www.ufcstats.com/fight-details/a2c28daf0be59fa7, http://www.ufcstats.com/fight-details/d643fc29c147d33c",2026-03-30T11:01:46Z,2026-08-08T18:35:20Z
0e25081e-92c7-5a46-9203-6afda90d6aa9,http://www.ufcstats.com/event-details/d4a12dfa4067742f,UFC on FOX: Dos Santos vs Miocic,2014-12-13,completed,"http://www.ufcstats.com/fight-details/2ab2753040f455e0, http://www.ufcstats.com/fight-details/d4bfe75b61d2cbc6, http://www.ufcstats.com/fight-details/002921976d27b7da, http://www.ufcstats.com/fight-details/5a346087f4120fa3, http://www.ufcstats.com/fight-details/70d69cf33984d7d1, http://www.ufcstats.com/fight-details/64f5c4f3f3d8ad2c, http://www.ufcstats.com/fight-details/1cf53a0b9db52ac6, http://www.ufcstats.com/fight-details/deaeb2383bbd32bf, http://www.ufcstats.com/fight-details/7ab72866ff2a6a7e, http://www.ufcstats.com/fight-details/a4816be2c49e3942, http://www.ufcstats.com/fight-details/383f0de18e7ab9c5, http://www.ufcstats.com/fight-details/1b23096378482313",2026-03-30T11:01:47Z,2026-08-08T18:35:21Z
b46d1ede-382c-5989-8dae-7992407900a8,http://www.ufcstats.com/event-details/4e5bbc4566049cbf,UFC Fight Night: Machida vs Dollaway,2014-12-20,completed,"http://www.ufcstats.com/fight-details/b57aaf04af8bdd34, http://www.ufcstats.com/fight-details/53e818dd5abdf787, http://www.ufcstats.com/fight-details/e17c7b239e8d6c32, http://www.ufcstats.com/fight-details/8040697ea2f36dbd, http://www.ufcstats.com/fight-details/647f6d2b9b784222, http://www.ufcstats.com/fight-details/317e6940e8bf5290, http://www.ufcstats.com/fight-details/d92abff61b0ff5db, http://www.ufcstats.com/fight-details/c26a094aa7ce817e, http://www.ufcstats.com/fight-details/9f5c84d05107f42b, http://www.ufcstats.com/fight-details/fb4bce82541b4061, http://www.ufcstats.com/fight-details/b9893ab3bed62e60, http://www.ufcstats.com/fight-details/8a6ecf3dc2b17c19",2026-03-30T11:01:49Z,2026-08-08T18:35:23Z
1531afd5-e712-51b0-996e-d2c3b28a9c9d,http://www.ufcstats.com/event-details/a72d260b436924c4,UFC 182: Jones vs Cormier,2015-01-03,completed,"http://www.ufcstats.com/fight-details/57385188587c83b9, http://www.ufcstats.com/fight-details/f4d91498ca3f0a1f, http://www.ufcstats.com/fight-details/b2cda211e0e72811, http://www.ufcstats.com/fight-details/f81cd5b3903bccf8, http://www.ufcstats.com/fight-details/f3100979573e2895, http://www.ufcstats.com/fight-details/cee94cd937bf64f2, http://www.ufcstats.com/fight-details/22e7485bceb841af, http://www.ufcstats.com/fight-details/c0ca05832f518fef, http://www.ufcstats.com/fight-details/b10a94377bce3e22, http://www.ufcstats.com/fight-details/e4a9c93ff23eb5bb, http://www.ufcstats.com/fight-details/e0f49380b9d31de0",2026-03-30T11:01:50Z,2026-08-08T18:35:24Z
a4c1cf43-1500-5ee6-b2aa-1b9a63527aae,http://www.ufcstats.com/event-details/f9aa6376ae16bfb4,UFC Fight Night: McGregor vs Siver,2015-01-18,completed,"http://www.ufcstats.com/fight-details/3d468536e8904b93, http://www.ufcstats.com/fight-details/93569f4876c20488, http://www.ufcstats.com/fight-details/837a7a922066b214, http://www.ufcstats.com/fight-details/293919e355b362b1, http://www.ufcstats.com/fight-details/6359bba789ce28ae, http://www.ufcstats.com/fight-details/90e5169190971647, http://www.ufcstats.com/fight-details/cf38ced734978fb8, http://www.ufcstats.com/fight-details/2d24929eaadf0351, http://www.ufcstats.com/fight-details/53d2d2de5c4cccf2, http://www.ufcstats.com/fight-details/85e57ad2b3831621, http://www.ufcstats.com/fight-details/4d3cd5ecf4276c92, http://www.ufcstats.com/fight-details/a4a78ec539238a5f",2026-03-30T11:01:50Z,2026-08-08T18:35:25Z
a8da5bfc-97f5-5d07-be2e-27c600538f90,http://www.ufcstats.com/event-details/706404da0775dcbc,UFC on FOX: Gustafsson vs Johnson,2015-01-24,completed,"http://www.ufcstats.com/fight-details/f47a32ec7dfda660, http://www.ufcstats.com/fight-details/c910d2fe570b368a, http://www.ufcstats.com/fight-details/c3544bce29be1281, http://www.ufcstats.com/fight-details/eb0775cf8ee7a4e6, http://www.ufcstats.com/fight-details/eab6e19a2a2a67f0, http://www.ufcstats.com/fight-details/c565bf49fce2a4cd, http://www.ufcstats.com/fight-details/9c1d4f57a997a490, http://www.ufcstats.com/fight-details/b2398418be9a3442, http://www.ufcstats.com/fight-details/ee65977baeca3c85, http://www.ufcstats.com/fight-details/c740ceb0427b6317, http://www.ufcstats.com/fight-details/96f09d5db68951ef, http://www.ufcstats.com/fight-details/f88fefd5df0ba06c",2026-03-30T11:01:51Z,2026-08-08T18:35:27Z
38803b1b-0292-5f83-bfb5-e52d5a68bde5,http://www.ufcstats.com/event-details/43563a32c3f10e95,UFC 183: Silva vs Diaz,2015-01-31,completed,"http://www.ufcstats.com/fight-details/f4e490d25bd62d39, http://www.ufcstats.com/fight-details/d52a5d085bfa569b, http://www.ufcstats.com/fight-details/cbb4673397b5e96f, http://www.ufcstats.com/fight-details/776a8a645868f616, http://www.ufcstats.com/fight-details/0a2f344e419bd4fd, http://www.ufcstats.com/fight-details/7fa227a1c5ef2238, http://www.ufcstats.com/fight-details/b347480405118de5, http://www.ufcstats.com/fight-details/c699c0e56664ff11, http://www.ufcstats.com/fight-details/fa537adfb4a7b719, http://www.ufcstats.com/fight-details/5b0ebb843af7465e, http://www.ufcstats.com/fight-details/6451724f8a836167",2026-03-30T11:01:52Z,2026-08-08T18:35:27Z
a5ca3ae2-d749-5829-b1b9-f39463484e27,http://www.ufcstats.com/event-details/f9c7fe2682af3802,UFC Fight Night: Henderson vs Thatch,2015-02-14,completed,"http://www.ufcstats.com/fight-details/fb5ce6329f243d8b, http://www.ufcstats.com/fight-details/509bd83b00e4ab7c, http://www.ufcstats.com/fight-details/0bdb170e1fef36b6, http://www.ufcstats.com/fight-details/60820d105e57d5d6, http://www.ufcstats.com/fight-details/dcee56e0cbfacb45, http://www.ufcstats.com/fight-details/1a3572d1502efdf4, http://www.ufcstats.com/fight-details/a4badfa86304f799, http://www.ufcstats.com/fight-details/b91807add93763c9, http://www.ufcstats.com/fight-details/93ac52a9fdca03e1, http://www.ufcstats.com/fight-details/357781ff34a3d39f",2026-03-30T11:01:54Z,2026-08-08T18:35:28Z
7ab05ddf-4b85-5410-8e2a-19b17e102bce,http://www.ufcstats.com/event-details/0577808d22dfe79c,UFC Fight Night: Bigfoot vs Mir,2015-02-22,completed,"http://www.ufcstats.com/fight-details/223f9a750428e1d0, http://www.ufcstats.com/fight-details/d785f22c4cc99a3d, http://www.ufcstats.com/fight-details/1574bb7476c9e556, http://www.ufcstats.com/fight-details/4228886e94a25a63, http://www.ufcstats.com/fight-details/c7cbf6b47051fa7d, http://www.ufcstats.com/fight-details/82e713f037e37fe9, http://www.ufcstats.com/fight-details/76726a66840ccfa4, http://www.ufcstats.com/fight-details/ec659c4e19f62700, http://www.ufcstats.com/fight-details/a7ff11c5dfe65e86, http://www.ufcstats.com/fight-details/10cff9ac7ce89c28, http://www.ufcstats.com/fight-details/b6a609806d44659f",2026-03-30T11:01:55Z,2026-08-08T18:35:29Z
9d674019-2801-5a82-9327-c515c38b6374,http://www.ufcstats.com/event-details/ad4e9055bf8cd04d,UFC 184: Rousey vs Zingano,2015-02-28,completed,"http://www.ufcstats.com/fight-details/e083c7ae1548e08a, http://www.ufcstats.com/fight-details/31e62d34abc3a762, http://www.ufcstats.com/fight-details/618b581f14a37e06, http://www.ufcstats.com/fight-details/9f4bc2063685211c, http://www.ufcstats.com/fight-details/ffea776913451b6d, http://www.ufcstats.com/fight-details/fe49ef11584415d0, http://www.ufcstats.com/fight-details/28255055879685bc, http://www.ufcstats.com/fight-details/203b3098d892c3b1, http://www.ufcstats.com/fight-details/f3e1c02ce14bccfe, http://www.ufcstats.com/fight-details/adc1038ed2e76391, http://www.ufcstats.com/fight-details/5c827dd56a08f700",2026-03-30T11:01:56Z,2026-08-08T18:35:30Z
b3f758ab-3c0c-57e4-b0fb-92337fb2885e,http://www.ufcstats.com/event-details/f54200f1dfb9b5d4,UFC 185: Pettis vs Dos Anjos,2015-03-14,completed,"http://www.ufcstats.com/fight-details/39e6cba2480c6d82, http://www.ufcstats.com/fight-details/bd52e19f2fbefdde, http://www.ufcstats.com/fight-details/66aa57912b5c5170, http://www.ufcstats.com/fight-details/7685da6f627bd98f, http://www.ufcstats.com/fight-details/6b07c3a9a95493cf, http://www.ufcstats.com/fight-details/0337fa731f5b02c1, http://www.ufcstats.com/fight-details/27e421b97bf57d3d, http://www.ufcstats.com/fight-details/d61a7b593218234b, http://www.ufcstats.com/fight-details/0027e179b743c86c, http://www.ufcstats.com/fight-details/875304f54becda0e, http://www.ufcstats.com/fight-details/d4d6c5ff6bef93ce, http://www.ufcstats.com/fight-details/1cde536c460b1a0e",2026-03-30T11:01:58Z,2026-08-08T18:35:31Z
9a6b5e2e-b3de-5211-b61f-1f017c4370c6,http://www.ufcstats.com/event-details/fa534853eb195270,UFC Fight Night: Maia vs LaFlare,2015-03-21,completed,"http://www.ufcstats.com/fight-details/bc096e8ae14582ec, http://www.ufcstats.com/fight-details/1641d396e409a350, http://www.ufcstats.com/fight-details/0eac602503b48b1a, http://www.ufcstats.com/fight-details/fe5427398fd9d9dc, http://www.ufcstats.com/fight-details/55c6d02e838dc60f, http://www.ufcstats.com/fight-details/9150344ed35f355d, http://www.ufcstats.com/fight-details/22a243c5fba0fb46, http://www.ufcstats.com/fight-details/7259a1046143e632, http://www.ufcstats.com/fight-details/b068a4ee6d842606, http://www.ufcstats.com/fight-details/632f6960544caa3c, http://www.ufcstats.com/fight-details/0c299ce3719d9ea2, http://www.ufcstats.com/fight-details/c3ba8f1a4ddc0dc3",2026-03-30T11:01:59Z,2026-08-08T18:35:32Z
df38749a-388e-54eb-80e6-941e3dc52fac,http://www.ufcstats.com/event-details/16d09e800ad7ec79,UFC Fight Night: Mendes vs Lamas,2015-04-04,completed,"http://www.ufcstats.com/fight-details/bbebfc54abbb1d8b, http://www.ufcstats.com/fight-details/634dbcef5111f939, http://www.ufcstats.com/fight-details/9eb92b670eebdcd4, http://www.ufcstats.com/fight-details/cc7afab68363e076, http://www.ufcstats.com/fight-details/0c25bb24dbb63655, http://www.ufcstats.com/fight-details/12c600dc64edb403, http://www.ufcstats.com/fight-details/8cf571afc2618df4, http://www.ufcstats.com/fight-details/85dcf9425d3c4e56, http://www.ufcstats.com/fight-details/f9373ab59b7a853b, http://www.ufcstats.com/fight-details/3845a6838fe00265",2026-03-30T11:02:01Z,2026-08-08T18:35:33Z
655cf9cc-601c-5975-ba00-e589c4c0b80e,http://www.ufcstats.com/event-details/5de61b03868035ff,UFC Fight Night: Gonzaga vs Cro Cop 2,2015-04-11,completed,"http://www.ufcstats.com/fight-details/6a7892754af30685, http://www.ufcstats.com/fight-details/b2bb725b17ab51b8, http://www.ufcstats.com/fight-details/63c08ecea35e8bee, http://www.ufcstats.com/fight-details/fe9a58e79d54695b, http://www.ufcstats.com/fight-details/ec0a1c09d1b113b8, http://www.ufcstats.com/fight-details/badc8c379cc2e6ff, http://www.ufcstats.com/fight-details/79e293137ef6421d, http://www.ufcstats.com/fight-details/439905344ee8035e, http://www.ufcstats.com/fight-details/a39d0adbeffe49de, http://www.ufcstats.com/fight-details/6e652cbaaa406598, http://www.ufcstats.com/fight-details/e8d336f4465e6640, http://www.ufcstats.com/fight-details/8502afcf211973a9",2026-03-30T11:02:02Z,2026-08-08T18:35:34Z
f9ce2819-a719-51f5-a675-1b27a6896767,http://www.ufcstats.com/event-details/bc7cf284c1c2f16e,UFC on FOX: Machida vs Rockhold,2015-04-18,completed,"http://www.ufcstats.com/fight-details/5965800d88e0677c, http://www.ufcstats.com/fight-details/f4717203e762d780, http://www.ufcstats.com/fight-details/f22d193f3ab42bc5, http://www.ufcstats.com/fight-details/e2b4130c7b1ff8bc, http://www.ufcstats.com/fight-details/2bcb878e9d02b8f7, http://www.ufcstats.com/fight-details/c19f394f3c237789, http://www.ufcstats.com/fight-details/6b92396d42918366, http://www.ufcstats.com/fight-details/2230a5dbc0907859, http://www.ufcstats.com/fight-details/bd246b9789f88e1c, http://www.ufcstats.com/fight-details/4785bf265d05d85f, http://www.ufcstats.com/fight-details/642a8cc1195c5198",2026-03-30T11:02:03Z,2026-08-08T18:35:36Z
fe23fcb6-80b2-5370-ad59-a704be7f10b8,http://www.ufcstats.com/event-details/997b4f52f76a0b53,UFC 186: Johnson vs Horiguchi,2015-04-25,completed,"http://www.ufcstats.com/fight-details/6c2097664ac1bf16, http://www.ufcstats.com/fight-details/4669c07f3cc9e35f, http://www.ufcstats.com/fight-details/ccbbf1ccd4513551, http://www.ufcstats.com/fight-details/0c74e600ded0de97, http://www.ufcstats.com/fight-details/78f1457371e2ef6b, http://www.ufcstats.com/fight-details/591699203b264f6c, http://www.ufcstats.com/fight-details/6b532f492e98d22f, http://www.ufcstats.com/fight-details/48f23cc8cc5ad9a9, http://www.ufcstats.com/fight-details/0590fb4acc06fa93, http://www.ufcstats.com/fight-details/059dcd0b3b8e0a3f, http://www.ufcstats.com/fight-details/71e123d40fff9edb, http://www.ufcstats.com/fight-details/ab475a3a4487d6d3",2026-03-30T11:02:04Z,2026-08-08T18:35:37Z
be102b01-2e1d-514d-b4dd-c50a0cd0a33d,http://www.ufcstats.com/event-details/8a1b4330c7957961,UFC Fight Night: Miocic vs Hunt,2015-05-09,completed,"http://www.ufcstats.com/fight-details/57b986d06bde71c2, http://www.ufcstats.com/fight-details/7ec24848cac6c5a1, http://www.ufcstats.com/fight-details/0fa31c9f7495810b, http://www.ufcstats.com/fight-details/418b6f692abe9e35, http://www.ufcstats.com/fight-details/4f722e80eadb6d2f, http://www.ufcstats.com/fight-details/43baf5b905686ebf, http://www.ufcstats.com/fight-details/f208b79b0d78045b, http://www.ufcstats.com/fight-details/e4549c57faca7a64, http://www.ufcstats.com/fight-details/8a39075a9ffaa971, http://www.ufcstats.com/fight-details/d1c4c06780cbd36e, http://www.ufcstats.com/fight-details/979269d4ab5784af, http://www.ufcstats.com/fight-details/398f4857f9692204",2026-03-30T11:02:06Z,2026-08-08T18:35:38Z
93dd245c-3bdb-5f82-aa67-1d3f34acf135,http://www.ufcstats.com/event-details/b1605ea39fba6af6,UFC Fight Night: Edgar vs Faber,2015-05-16,completed,"http://www.ufcstats.com/fight-details/7d60cb78ea70fae0, http://www.ufcstats.com/fight-details/1caec47dc08613a7, http://www.ufcstats.com/fight-details/3b463d688d598a72, http://www.ufcstats.com/fight-details/14a40f30e0cb22c9, http://www.ufcstats.com/fight-details/093ca77f7f7219f6, http://www.ufcstats.com/fight-details/4702ef17c48bf1d1, http://www.ufcstats.com/fight-details/1e176413438fabd5, http://www.ufcstats.com/fight-details/97c302628f231da3, http://www.ufcstats.com/fight-details/00684df5ed23e6ca, http://www.ufcstats.com/fight-details/80551dceed42e7ab, http://www.ufcstats.com/fight-details/49749ee78bc54a48, http://www.ufcstats.com/fight-details/c13b2493018fc98b",2026-03-30T11:02:07Z,2026-08-08T18:35:39Z
b85bcf4a-f3a7-5890-90a7-5db968fc3c90,http://www.ufcstats.com/event-details/4f7e290e71d60f87,UFC 187: Johnson vs Cormier,2015-05-23,completed,"http://www.ufcstats.com/fight-details/530fb0d1a26fc57a, http://www.ufcstats.com/fight-details/318460613b6018e9, http://www.ufcstats.com/fight-details/bee780601ad13583, http://www.ufcstats.com/fight-details/652a73f4bf7f1932, http://www.ufcstats.com/fight-details/3a25be6438e3f94a, http://www.ufcstats.com/fight-details/6257627ba49e42ab, http://www.ufcstats.com/fight-details/c2f0a53cd67e1736, http://www.ufcstats.com/fight-details/b34c608bdfa655e8, http://www.ufcstats.com/fight-details/0c36a08b1bf60f45, http://www.ufcstats.com/fight-details/3c3da227fbe36a28, http://www.ufcstats.com/fight-details/419d8143afbcd61c",2026-03-30T11:02:09Z,2026-08-08T18:35:40Z
1f08a91d-d3a2-562e-9eb5-c85a5ad9d1c0,http://www.ufcstats.com/event-details/aae0897825336b1a,UFC Fight Night: Condit vs Alves,2015-05-30,completed,"http://www.ufcstats.com/fight-details/8801fbb87bdedbe3, http://www.ufcstats.com/fight-details/ff64fc34065565d0, http://www.ufcstats.com/fight-details/bf658320ccd69021, http://www.ufcstats.com/fight-details/6a9ea8e420a52a21, http://www.ufcstats.com/fight-details/d4a309663a4da799, http://www.ufcstats.com/fight-details/61d6b591430b6e25, http://www.ufcstats.com/fight-details/9968d308e97c6531, http://www.ufcstats.com/fight-details/d6c02b4bb64ff795, http://www.ufcstats.com/fight-details/7af604e5aa43bb3b, http://www.ufcstats.com/fight-details/e54fe354981fe3e7, http://www.ufcstats.com/fight-details/109674a1ee00f55d, http://www.ufcstats.com/fight-details/0c5640433ba44a1b",2026-03-30T11:02:10Z,2026-08-08T18:35:41Z
a38c2d65-df62-565c-a3d7-351e701d0cfd,http://www.ufcstats.com/event-details/06dc1a58663579d2,UFC Fight Night: Boetsch vs Henderson,2015-06-06,completed,"http://www.ufcstats.com/fight-details/97febb293c99e5a8, http://www.ufcstats.com/fight-details/09f67db0cfaee022, http://www.ufcstats.com/fight-details/f930743af6564795, http://www.ufcstats.com/fight-details/29c7cb102ddd7ec4, http://www.ufcstats.com/fight-details/cad44cd2466fb68f, http://www.ufcstats.com/fight-details/c611e81778c0b1fc, http://www.ufcstats.com/fight-details/5b0fcecc55bebd5c, http://www.ufcstats.com/fight-details/245009a9e1a0f60b, http://www.ufcstats.com/fight-details/a7c04dc830923313, http://www.ufcstats.com/fight-details/3caa22209cb559b7, http://www.ufcstats.com/fight-details/c39da8538d9c0321, http://www.ufcstats.com/fight-details/5a36c9362552e0dc",2026-03-30T11:02:11Z,2026-08-08T18:35:42Z
f250088d-283e-501d-8ee8-b0f5832e1944,http://www.ufcstats.com/event-details/a58114c6dd0add64,UFC 188: Velasquez vs Werdum,2015-06-13,completed,"http://www.ufcstats.com/fight-details/93f1b09aa792405e, http://www.ufcstats.com/fight-details/fd776d7b554a85d0, http://www.ufcstats.com/fight-details/dc93921bd9342341, http://www.ufcstats.com/fight-details/243e5e9b6678f303, http://www.ufcstats.com/fight-details/3b6dfd089301d16e, http://www.ufcstats.com/fight-details/28c33e9353dac666, http://www.ufcstats.com/fight-details/47e8726b301f3f32, http://www.ufcstats.com/fight-details/c7bc785e99d3ee2a, http://www.ufcstats.com/fight-details/b2b6cf87cde17136, http://www.ufcstats.com/fight-details/ac2887a0855a3266, http://www.ufcstats.com/fight-details/0452dd001f4adb6e",2026-03-30T11:02:12Z,2026-08-08T18:35:43Z
7f2e13c2-8bcf-5edd-9603-9030da65d742,http://www.ufcstats.com/event-details/194fc025f9355db6,UFC Fight Night: Jedrzejczyk vs Penne,2015-06-20,completed,"http://www.ufcstats.com/fight-details/2f0cbf0502173a79, http://www.ufcstats.com/fight-details/c1322d09e8b6efca, http://www.ufcstats.com/fight-details/008d0158831dcbd4, http://www.ufcstats.com/fight-details/951ccd0041bd1700, http://www.ufcstats.com/fight-details/447462bc8e540f10, http://www.ufcstats.com/fight-details/0b98d84a2795f7f8, http://www.ufcstats.com/fight-details/cd7fd3f034717d3c, http://www.ufcstats.com/fight-details/7045f8c1d5f6abff, http://www.ufcstats.com/fight-details/e00da416750f75a9, http://www.ufcstats.com/fight-details/08cbd4c521831adf, http://www.ufcstats.com/fight-details/312c742e614f8993",2026-03-30T11:02:14Z,2026-08-08T18:35:44Z
a46dce97-d0c1-57e8-9fa6-8f09637e9bb9,http://www.ufcstats.com/event-details/86e388ed20761ad9,UFC Fight Night: Machida vs Romero,2015-06-27,completed,"http://www.ufcstats.com/fight-details/42d09ca167ecae07, http://www.ufcstats.com/fight-details/87b0475688168a42, http://www.ufcstats.com/fight-details/5b51610a9c8c88ef, http://www.ufcstats.com/fight-details/7ad6511fb5fb28a4, http://www.ufcstats.com/fight-details/72d6996a60856b5f, http://www.ufcstats.com/fight-details/fd80d6d9f4e54387, http://www.ufcstats.com/fight-details/babfd62f1d4a43a8, http://www.ufcstats.com/fight-details/665e9a25c5d8c17f, http://www.ufcstats.com/fight-details/913d6763b570d060",2026-03-30T11:02:15Z,2026-08-08T18:35:45Z
cd8789e5-10d5-5171-8852-5c5887a7e641,http://www.ufcstats.com/event-details/3be081c29bf734d9,UFC 189: Mendes vs McGregor,2015-07-11,completed,"http://www.ufcstats.com/fight-details/70290140b6a8e038, http://www.ufcstats.com/fight-details/ecb4534c0066c5f3, http://www.ufcstats.com/fight-details/4d3cbc7608c8958e, http://www.ufcstats.com/fight-details/4b997af9fb321123, http://www.ufcstats.com/fight-details/a9d8ddb49dbe414b, http://www.ufcstats.com/fight-details/c4a7f7d8eb8fe484, http://www.ufcstats.com/fight-details/824368db1ed8191f, http://www.ufcstats.com/fight-details/2c5d329bdf182468, http://www.ufcstats.com/fight-details/8c8c2499d89da07c, http://www.ufcstats.com/fight-details/9f56b3c053c44060, http://www.ufcstats.com/fight-details/b90eded8d6b65e8f",2026-03-30T11:02:16Z,2026-08-08T18:35:47Z
b4321d0c-77f6-54d7-b580-d1d722c868fd,http://www.ufcstats.com/event-details/a890f9a791ed615d,The Ultimate Fighter: American Top Team vs. Blackzilians Finale,2015-07-12,completed,"http://www.ufcstats.com/fight-details/54a15700ab185420, http://www.ufcstats.com/fight-details/d4e3baff532df842, http://www.ufcstats.com/fight-details/43b9e58ebf4a75ea, http://www.ufcstats.com/fight-details/11aac355349ecc94, http://www.ufcstats.com/fight-details/95233ca23cdb02e6, http://www.ufcstats.com/fight-details/8410fb6d495a2cc2, http://www.ufcstats.com/fight-details/b823aa523c9618b5, http://www.ufcstats.com/fight-details/c8ec30a470f08748, http://www.ufcstats.com/fight-details/44e3a7b4f4c7d95d, http://www.ufcstats.com/fight-details/b2eccc1b75633d3d, http://www.ufcstats.com/fight-details/96740aa476055413",2026-03-30T11:02:18Z,2026-08-08T18:35:47Z
dd1dcdd2-ed4c-5b3c-9b7a-ce8f61f37141,http://www.ufcstats.com/event-details/36877f0e62b25b96,UFC Fight Night: Mir vs Duffee,2015-07-15,completed,"http://www.ufcstats.com/fight-details/3b83ec99accfd271, http://www.ufcstats.com/fight-details/c0e8095c91c39b06, http://www.ufcstats.com/fight-details/fd984e8a9e25c927, http://www.ufcstats.com/fight-details/ea967877dd4d6efb, http://www.ufcstats.com/fight-details/b8019af428c064ef, http://www.ufcstats.com/fight-details/464133df9ca19865, http://www.ufcstats.com/fight-details/541e5c7a87712fc2, http://www.ufcstats.com/fight-details/d447919ec1a9f34c, http://www.ufcstats.com/fight-details/3100a4e29da974ad, http://www.ufcstats.com/fight-details/5301d765d64f863e, http://www.ufcstats.com/fight-details/a16d8d0cc93372c4, http://www.ufcstats.com/fight-details/c3b733bf084c2cd0",2026-03-30T11:02:19Z,2026-08-08T18:35:48Z
0abb3d3f-abf4-5fb3-9712-f19e8c9acade,http://www.ufcstats.com/event-details/ef7fa30364cbe7f2,UFC Fight Night: Bisping vs Leites,2015-07-18,completed,"http://www.ufcstats.com/fight-details/2e47823d38a5649b, http://www.ufcstats.com/fight-details/0b8fdeeb626b4396, http://www.ufcstats.com/fight-details/c7780ac294530c0d, http://www.ufcstats.com/fight-details/d45474993a750878, http://www.ufcstats.com/fight-details/979538ff8ae1ccd5, http://www.ufcstats.com/fight-details/976d2cc3d08ca814, http://www.ufcstats.com/fight-details/486fbba33876da4b, http://www.ufcstats.com/fight-details/b0cb6a1da8e0da81, http://www.ufcstats.com/fight-details/7e9cb0c322773157, http://www.ufcstats.com/fight-details/3bb7210200d90d90, http://www.ufcstats.com/fight-details/9cbdbbc414d6dd83, http://www.ufcstats.com/fight-details/2e12db181792090f",2026-03-30T11:02:20Z,2026-08-08T18:35:50Z
35dea979-0408-54da-beee-cb1c067baa27,http://www.ufcstats.com/event-details/0c3838c8f7c620c2,UFC on FOX: Dillashaw vs. Barao II,2015-07-25,completed,"http://www.ufcstats.com/fight-details/f963d716384153ff, http://www.ufcstats.com/fight-details/05065fa2bc3693b4, http://www.ufcstats.com/fight-details/c97e99ca5422f03b, http://www.ufcstats.com/fight-details/bb56f4e502512ad0, http://www.ufcstats.com/fight-details/cd55220a7b1378c4, http://www.ufcstats.com/fight-details/6275b448b6c35f1f, http://www.ufcstats.com/fight-details/e8f499827178a321, http://www.ufcstats.com/fight-details/23fd9d50a99665fe, http://www.ufcstats.com/fight-details/da7d7b4f20cd2af5, http://www.ufcstats.com/fight-details/23a75c0338d25abc, http://www.ufcstats.com/fight-details/53efc226c8eaf768, http://www.ufcstats.com/fight-details/c1bfbf5447f21f37",2026-03-30T11:02:22Z,2026-08-08T18:35:51Z
17582db8-8379-545b-838e-43a121e062c7,http://www.ufcstats.com/event-details/a9c45a8b21eabadc,UFC 190: Rousey vs Correia,2015-08-01,completed,"http://www.ufcstats.com/fight-details/60c62fb7bd17a8b3, http://www.ufcstats.com/fight-details/aa62b8f58fc09790, http://www.ufcstats.com/fight-details/431e7931d8be8b5d, http://www.ufcstats.com/fight-details/480aca1906276700, http://www.ufcstats.com/fight-details/b0367c907cc549c0, http://www.ufcstats.com/fight-details/8baa6b8850262595, http://www.ufcstats.com/fight-details/0bf405dabb25251a, http://www.ufcstats.com/fight-details/17daeb7e36e60cdf, http://www.ufcstats.com/fight-details/2116affb9c8f193b, http://www.ufcstats.com/fight-details/72330020a732c635, http://www.ufcstats.com/fight-details/7c9830ee4835f757, http://www.ufcstats.com/fight-details/959de17703476f44, http://www.ufcstats.com/fight-details/f7ffa11d592f4092",2026-03-30T11:02:23Z,2026-08-08T18:35:53Z
8760f8f4-634a-533a-a772-7a87f2e26a84,http://www.ufcstats.com/event-details/b71667c778b6d9e5,UFC Fight Night: Teixeira vs Saint Preux,2015-08-08,completed,"http://www.ufcstats.com/fight-details/2ef16a5ff3710c92, http://www.ufcstats.com/fight-details/d4e98b827e3d6918, http://www.ufcstats.com/fight-details/9900550cc697eef2, http://www.ufcstats.com/fight-details/9d72aaaf34e5b512, http://www.ufcstats.com/fight-details/bd6d144f5c0b6cab, http://www.ufcstats.com/fight-details/e2535e0753954514, http://www.ufcstats.com/fight-details/664e56d8a98e2b49, http://www.ufcstats.com/fight-details/00dcad4611fc63fe, http://www.ufcstats.com/fight-details/92f27d13fc502d33, http://www.ufcstats.com/fight-details/d757f19f3d34934b, http://www.ufcstats.com/fight-details/b0c2442c5a7c509a, http://www.ufcstats.com/fight-details/50d5a170516de2ad, http://www.ufcstats.com/fight-details/503a9ac5679c9cf7",2026-03-30T11:02:25Z,2026-08-08T18:35:54Z
2327eec4-61bb-5f1e-8270-cca934463273,http://www.ufcstats.com/event-details/2ce6541127b0e232,UFC Fight Night: Holloway vs Oliveira,2015-08-23,completed,"http://www.ufcstats.com/fight-details/05e2832cd5ffb7a6, http://www.ufcstats.com/fight-details/2c01f4df404ff6ee, http://www.ufcstats.com/fight-details/499557c33e67deaf, http://www.ufcstats.com/fight-details/870a98d6f943d9b7, http://www.ufcstats.com/fight-details/961246a6d621ef40, http://www.ufcstats.com/fight-details/20b70a226f1c13fb, http://www.ufcstats.com/fight-details/3945b08be8d62861, http://www.ufcstats.com/fight-details/1bf7f647f309464e, http://www.ufcstats.com/fight-details/21d6db22c6089308, http://www.ufcstats.com/fight-details/785dd27b03946f95, http://www.ufcstats.com/fight-details/2d23ca9d8abc0c97, http://www.ufcstats.com/fight-details/22e5596f75d9d8e7",2026-03-30T11:02:26Z,2026-08-08T18:35:55Z
fb2410e1-dbfc-58ad-afe1-68629223ca43,http://www.ufcstats.com/event-details/82f5c81f4e3c3eb5,UFC 191: Johnson vs Dodson 2,2015-09-05,completed,"http://www.ufcstats.com/fight-details/4496c2fa6aaccba6, http://www.ufcstats.com/fight-details/6f5f4b256f643ffb, http://www.ufcstats.com/fight-details/e0f8e1e8cbdd63da, http://www.ufcstats.com/fight-details/7e1ae27779ac6ba5, http://www.ufcstats.com/fight-details/05d2534e0f2d5042, http://www.ufcstats.com/fight-details/0449c55a8c24a59e, http://www.ufcstats.com/fight-details/52f0398eb74c139d, http://www.ufcstats.com/fight-details/1b52b08f195581ad, http://www.ufcstats.com/fight-details/777df8b5e28f42ff, http://www.ufcstats.com/fight-details/86afc59ec117c1ba, http://www.ufcstats.com/fight-details/c43805df4f45b6e2",2026-03-30T11:02:27Z,2026-08-08T18:35:55Z
d887a20f-9540-51be-856a-7814f8eb9349,http://www.ufcstats.com/event-details/a4dd5c9a75763295,UFC Fight Night: Barnett vs Nelson,2015-09-26,completed,"http://www.ufcstats.com/fight-details/34fd6ac116645ae6, http://www.ufcstats.com/fight-details/6712440cd01dffdb, http://www.ufcstats.com/fight-details/26ac85fc4bee63a6, http://www.ufcstats.com/fight-details/e7e244a0bf244e61, http://www.ufcstats.com/fight-details/1c5bed46920ab3e1, http://www.ufcstats.com/fight-details/2ab47d509ee7dc6d, http://www.ufcstats.com/fight-details/85e1b21ea88fe7e3, http://www.ufcstats.com/fight-details/374508c76108d7fe, http://www.ufcstats.com/fight-details/b82b243982fcb2ac, http://www.ufcstats.com/fight-details/74e86c7782cafe27",2026-03-30T11:02:28Z,2026-08-08T18:35:57Z
d85e7cd5-9eba-538b-84af-8f29e8f10dec,http://www.ufcstats.com/event-details/119ebea97e914dcf,UFC 192: Cormier vs Gustafsson,2015-10-03,completed,"http://www.ufcstats.com/fight-details/f5de8b2c81e91129, http://www.ufcstats.com/fight-details/e2e23aee91e27847, http://www.ufcstats.com/fight-details/4b790d75c4bc694c, http://www.ufcstats.com/fight-details/c43e99000f3c77b5, http://www.ufcstats.com/fight-details/bdc1561ed4c6e22f, http://www.ufcstats.com/fight-details/7ab1cdfe3e540856, http://www.ufcstats.com/fight-details/2615d94ab16380f9, http://www.ufcstats.com/fight-details/678db400f85ae15c, http://www.ufcstats.com/fight-details/32b030138bfd4f88, http://www.ufcstats.com/fight-details/fee873593f588437, http://www.ufcstats.com/fight-details/278cd1803ccc004f, http://www.ufcstats.com/fight-details/2b3b6e96cea0f757",2026-03-30T11:02:30Z,2026-08-08T18:35:58Z
1aa322d9-2978-5580-81aa-0b9f9559f2bb,http://www.ufcstats.com/event-details/f3155a94ca420126,UFC Fight Night: Holohan vs Smolka,2015-10-24,completed,"http://www.ufcstats.com/fight-details/8d1559bbcea7e92a, http://www.ufcstats.com/fight-details/5ae114b3fdef6d2f, http://www.ufcstats.com/fight-details/2e0ae17a22a6f824, http://www.ufcstats.com/fight-details/a1569926652ebc36, http://www.ufcstats.com/fight-details/665a35fcac41d277, http://www.ufcstats.com/fight-details/475a41d83edd47dd, http://www.ufcstats.com/fight-details/3e39829aedc9346f, http://www.ufcstats.com/fight-details/2ad291d61792fd7d, http://www.ufcstats.com/fight-details/cf3a93dd5460593c, http://www.ufcstats.com/fight-details/43313a340ff0d2b5",2026-03-30T11:02:31Z,2026-08-08T18:35:59Z
2edb9156-5076-5566-82ad-9ca5fd3ae871,http://www.ufcstats.com/event-details/5345f86680378fc1,UFC Fight Night: Belfort vs Henderson 3,2015-11-07,completed,"http://www.ufcstats.com/fight-details/93c4b798134c71d4, http://www.ufcstats.com/fight-details/2be2c9ddfbee0cd4, http://www.ufcstats.com/fight-details/3c6659f1b09760ba, http://www.ufcstats.com/fight-details/a637cd1012af870f, http://www.ufcstats.com/fight-details/f0b151cc6c91b259, http://www.ufcstats.com/fight-details/0339f66f18a3e0bf, http://www.ufcstats.com/fight-details/37c732554828dcc3, http://www.ufcstats.com/fight-details/dc4f7eaaa2c9d450, http://www.ufcstats.com/fight-details/b21e4b6c4126c782, http://www.ufcstats.com/fight-details/6d9f6f7004c791d5, http://www.ufcstats.com/fight-details/4ff0075d932d5b14, http://www.ufcstats.com/fight-details/d2198a7ae05b24c1, http://www.ufcstats.com/fight-details/e5461559114e30ff",2026-03-30T11:02:32Z,2026-08-08T18:36:00Z
dccd7fa4-1ea2-5abb-86f6-8a20cfcf0fe0,http://www.ufcstats.com/event-details/8d04923f2db59b7f,UFC 193: Rousey vs Holm,2015-11-14,completed,"http://www.ufcstats.com/fight-details/08af25ef4252b138, http://www.ufcstats.com/fight-details/391d458db6dae33b, http://www.ufcstats.com/fight-details/27a6a6d4e3f8be75, http://www.ufcstats.com/fight-details/766dc3c5592b4d0d, http://www.ufcstats.com/fight-details/98301c092f00cb01, http://www.ufcstats.com/fight-details/0f85a1d9ce42d13e, http://www.ufcstats.com/fight-details/77185ff8b4dade6a, http://www.ufcstats.com/fight-details/1dfbdd569585812f, http://www.ufcstats.com/fight-details/f602cc168383432f, http://www.ufcstats.com/fight-details/d5149f02b1ee7dc6, http://www.ufcstats.com/fight-details/f281a6775bccb8df, http://www.ufcstats.com/fight-details/d20dc2d68305fc31, http://www.ufcstats.com/fight-details/15aced6a6a61df90",2026-03-30T11:02:33Z,2026-08-08T18:36:02Z
8f5eeb14-4460-5c40-a4ec-eb3a1230d085,http://www.ufcstats.com/event-details/243b07fc65ccbb16,UFC Fight Night: Magny vs Gastelum,2015-11-21,completed,"http://www.ufcstats.com/fight-details/d3ccf71e68480007, http://www.ufcstats.com/fight-details/34a39beb93225e2e, http://www.ufcstats.com/fight-details/e8d087f822be7b02, http://www.ufcstats.com/fight-details/06c124a55f77a7a5, http://www.ufcstats.com/fight-details/0cbeda449bc94af7, http://www.ufcstats.com/fight-details/4e3611c9a9e20ff0, http://www.ufcstats.com/fight-details/83b32e9300fec365, http://www.ufcstats.com/fight-details/2a702055a79d95a7, http://www.ufcstats.com/fight-details/4339e30a856c1da8, http://www.ufcstats.com/fight-details/f5eae75fc240aaa6, http://www.ufcstats.com/fight-details/44502b8c5546fb12, http://www.ufcstats.com/fight-details/84d89d2f36d07dc0, http://www.ufcstats.com/fight-details/d6482fcb69b04904",2026-03-30T11:02:34Z,2026-08-08T18:36:03Z
604d767e-c480-52fc-bc81-4fe4705e34d0,http://www.ufcstats.com/event-details/4d636c3aa1105950,UFC Fight Night: Henderson vs Masvidal,2015-11-28,completed,"http://www.ufcstats.com/fight-details/982f4f96b6d0f346, http://www.ufcstats.com/fight-details/6ec62f8822843edf, http://www.ufcstats.com/fight-details/caef4f8801f39345, http://www.ufcstats.com/fight-details/a09bfdaa83d99efb, http://www.ufcstats.com/fight-details/3266f569a6246d90, http://www.ufcstats.com/fight-details/85168b8d99f7ce42, http://www.ufcstats.com/fight-details/e8d3768f293a699b, http://www.ufcstats.com/fight-details/0f641756e99605ad, http://www.ufcstats.com/fight-details/3a932a4cacacc939, http://www.ufcstats.com/fight-details/7ac1c2f87b795742, http://www.ufcstats.com/fight-details/5a79d4b9a8f8352f",2026-03-30T11:02:35Z,2026-08-08T18:36:04Z
108b1972-e2a5-59c3-997f-d67b01de136d,http://www.ufcstats.com/event-details/dd39f1ca787a3d9d,UFC Fight Night: Namajunas vs. VanZant,2015-12-10,completed,"http://www.ufcstats.com/fight-details/d8fe965281e2e312, http://www.ufcstats.com/fight-details/045c298c72fe196a, http://www.ufcstats.com/fight-details/cc1993d02d28a3b9, http://www.ufcstats.com/fight-details/3e6babcbd7b9d364, http://www.ufcstats.com/fight-details/69aa797cef2e4782, http://www.ufcstats.com/fight-details/1cc9816d18aa29d0, http://www.ufcstats.com/fight-details/633fbb0894c002d2, http://www.ufcstats.com/fight-details/5574c020655b435e, http://www.ufcstats.com/fight-details/3636ca71c557c5e8, http://www.ufcstats.com/fight-details/3e875e1625bbdfbd, http://www.ufcstats.com/fight-details/f2ac86cd3e863243, http://www.ufcstats.com/fight-details/8bfa9df5341c95c0",2026-03-30T11:02:37Z,2026-08-08T18:36:05Z
33e8be59-d8f6-5a0e-9569-49c5ca6eb01b,http://www.ufcstats.com/event-details/20fbff570c678e1c,The Ultimate Fighter: Team McGregor vs. Team Faber Finale,2015-12-11,completed,"http://www.ufcstats.com/fight-details/18292c8eb20ae045, http://www.ufcstats.com/fight-details/1123fceef316106e, http://www.ufcstats.com/fight-details/c64c2ca5d4d2c7b8, http://www.ufcstats.com/fight-details/991680cd8d0b7900, http://www.ufcstats.com/fight-details/ce82f34bc14f7af0, http://www.ufcstats.com/fight-details/1362ccc16713d404, http://www.ufcstats.com/fight-details/a99c3328e25c51c7, http://www.ufcstats.com/fight-details/465707233fa9cf7c, http://www.ufcstats.com/fight-details/c5ce4f39269c842c, http://www.ufcstats.com/fight-details/b22dbe21c21060b9",2026-03-30T11:02:38Z,2026-08-08T18:36:06Z
18595378-86c2-52de-8bcd-07c594be8b1f,http://www.ufcstats.com/event-details/354808cf38d9d73c,UFC 194: Aldo vs McGregor,2015-12-12,completed,"http://www.ufcstats.com/fight-details/b302e12550278ffd, http://www.ufcstats.com/fight-details/ff389a4326fc9255, http://www.ufcstats.com/fight-details/f83c6bdd553b5851, http://www.ufcstats.com/fight-details/8fe1859721e95ce3, http://www.ufcstats.com/fight-details/3b321550c8b4aae6, http://www.ufcstats.com/fight-details/c4fd59db24f978ec, http://www.ufcstats.com/fight-details/0eab2845f901f8b6, http://www.ufcstats.com/fight-details/01924e35b149b28f, http://www.ufcstats.com/fight-details/fa2e2a035b36b9d6, http://www.ufcstats.com/fight-details/5edfc539cc58a28d, http://www.ufcstats.com/fight-details/064404b0aaf6f95d, http://www.ufcstats.com/fight-details/d48f938269b8ed0b",2026-03-30T11:02:39Z,2026-08-08T18:36:07Z
83cbf061-92d9-58fb-982e-281aaa327da7,http://www.ufcstats.com/event-details/80d918336163b80c,UFC on FOX: Dos Anjos vs. Cowboy 2,2015-12-19,completed,"http://www.ufcstats.com/fight-details/81f287d035190506, http://www.ufcstats.com/fight-details/1f0254eeb2025e4f, http://www.ufcstats.com/fight-details/4942323a5d5a6594, http://www.ufcstats.com/fight-details/95ead23dc0c73285, http://www.ufcstats.com/fight-details/164f56eb25d6a9b4, http://www.ufcstats.com/fight-details/3fc9fea36fc7ec37, http://www.ufcstats.com/fight-details/b26ec098a5a57401, http://www.ufcstats.com/fight-details/7c883cf0b5eedc59, http://www.ufcstats.com/fight-details/0ad5c6752e679de5, http://www.ufcstats.com/fight-details/b2857e799319f931, http://www.ufcstats.com/fight-details/2f0bfdc3c325662d, http://www.ufcstats.com/fight-details/e1ec8774466db669, http://www.ufcstats.com/fight-details/f7fd4b82e827c9c4",2026-03-30T11:02:40Z,2026-08-08T18:36:09Z
553b53ba-3785-57e9-9044-8f2156e9d387,http://www.ufcstats.com/event-details/380e8b023290d091,UFC 195: Lawler vs Condit,2016-01-02,completed,"http://www.ufcstats.com/fight-details/f079cb2db8dbbf04, http://www.ufcstats.com/fight-details/f2916c10b7ecfcee, http://www.ufcstats.com/fight-details/050eb872a69c66bd, http://www.ufcstats.com/fight-details/71499934c065fecb, http://www.ufcstats.com/fight-details/5337461354f23b98, http://www.ufcstats.com/fight-details/a19d619f1b9bee7b, http://www.ufcstats.com/fight-details/454861874ecc52d7, http://www.ufcstats.com/fight-details/595557b808febe27, http://www.ufcstats.com/fight-details/99a7172fb7438244, http://www.ufcstats.com/fight-details/4fa02674b920ff0a, http://www.ufcstats.com/fight-details/b46b27222e62aec1, http://www.ufcstats.com/fight-details/d5778494ce663d7f",2026-03-30T11:02:42Z,2026-08-08T18:36:10Z
d677dbe0-b026-553a-a347-27499e9435a5,http://www.ufcstats.com/event-details/c6becb722706c7d8,UFC Fight Night: Dillashaw vs Cruz,2016-01-17,completed,"http://www.ufcstats.com/fight-details/c4938baf92d2dc31, http://www.ufcstats.com/fight-details/3ce6f9eb59a1e149, http://www.ufcstats.com/fight-details/762de3b0b32ba937, http://www.ufcstats.com/fight-details/d0dc419dc7acb7e2, http://www.ufcstats.com/fight-details/a7adbceeff234b61, http://www.ufcstats.com/fight-details/f8ad660497e49187, http://www.ufcstats.com/fight-details/226c6a86f4f81122, http://www.ufcstats.com/fight-details/cdf048ec9b917cfa, http://www.ufcstats.com/fight-details/52abce3a11b43b1d, http://www.ufcstats.com/fight-details/2e0493171c4ee80f, http://www.ufcstats.com/fight-details/5afd44d1e567d2e8, http://www.ufcstats.com/fight-details/18cdc16fc7ab7ce1, http://www.ufcstats.com/fight-details/649b2db3709b07fe",2026-03-30T11:02:43Z,2026-08-08T18:36:11Z
61f32d8e-2a8b-59f4-9233-28bc7da73603,http://www.ufcstats.com/event-details/b3fb8d2293e17a59,UFC on FOX: Johnson vs. Bader,2016-01-30,completed,"http://www.ufcstats.com/fight-details/4c7390e4d169f6ff, http://www.ufcstats.com/fight-details/6c1dba8a3ba4f42e, http://www.ufcstats.com/fight-details/4ce0a62cdad7bf32, http://www.ufcstats.com/fight-details/d2591df4fa9cc44e, http://www.ufcstats.com/fight-details/44c6d87116bb3a10, http://www.ufcstats.com/fight-details/b810951e39a0af1b, http://www.ufcstats.com/fight-details/7bb335510a749419, http://www.ufcstats.com/fight-details/fa5244817650f401, http://www.ufcstats.com/fight-details/6eb4b84c4b10854a, http://www.ufcstats.com/fight-details/6066dc40bb3ce8db, http://www.ufcstats.com/fight-details/15f48dd8cf8ae455, http://www.ufcstats.com/fight-details/df8391ca39160d8c, http://www.ufcstats.com/fight-details/318449b3f9346566",2026-03-30T11:02:44Z,2026-08-08T18:36:12Z
b7dd1699-e218-5ea6-b1de-65dd0d83d8cb,http://www.ufcstats.com/event-details/de99da2c0d18d34a,UFC Fight Night: Hendricks vs Thompson,2016-02-06,completed,"http://www.ufcstats.com/fight-details/3cbbf947fd0d2144, http://www.ufcstats.com/fight-details/a3935c950c40462b, http://www.ufcstats.com/fight-details/37008594c087470c, http://www.ufcstats.com/fight-details/98035e427b476717, http://www.ufcstats.com/fight-details/45500515780758f0, http://www.ufcstats.com/fight-details/d6e1205babf27a9d, http://www.ufcstats.com/fight-details/d0a8304574e65ec9, http://www.ufcstats.com/fight-details/640dbb5a89c0aad6, http://www.ufcstats.com/fight-details/311156891c7bdf60, http://www.ufcstats.com/fight-details/3760216f68f448b7, http://www.ufcstats.com/fight-details/ee9173615ef4cfae, http://www.ufcstats.com/fight-details/02ace8fdd83c6480",2026-03-30T11:02:45Z,2026-08-08T18:36:14Z
9856d42a-41b6-5f24-93f5-6b6e5c38fceb,http://www.ufcstats.com/event-details/d56bb6dff2ae77eb,UFC Fight Night: Cowboy vs Cowboy,2016-02-21,completed,"http://www.ufcstats.com/fight-details/214fa13c3f230259, http://www.ufcstats.com/fight-details/eadb215519406e92, http://www.ufcstats.com/fight-details/2f15a2ed6cd4711f, http://www.ufcstats.com/fight-details/3bd5dbc1598c409d, http://www.ufcstats.com/fight-details/a06a3bc70d7c4264, http://www.ufcstats.com/fight-details/b7653a82f4b07b1f, http://www.ufcstats.com/fight-details/607d22f0b3db4f1f, http://www.ufcstats.com/fight-details/014a3acf91ada8af, http://www.ufcstats.com/fight-details/d373de3e072f7e57, http://www.ufcstats.com/fight-details/94d708a8a8fefdef, http://www.ufcstats.com/fight-details/5d000de6fa836f66, http://www.ufcstats.com/fight-details/cc4a23ed2cbc8aa4, http://www.ufcstats.com/fight-details/e508ba268cb295c0",2026-03-30T11:02:47Z,2026-08-08T18:36:15Z
10a0896f-5209-5217-9811-07eb7aea91cf,http://www.ufcstats.com/event-details/39c568f8c579913e,UFC Fight Night: Silva vs Bisping,2016-02-27,completed,"http://www.ufcstats.com/fight-details/0e9091311ca565ce, http://www.ufcstats.com/fight-details/b45d0e0d2bba01e9, http://www.ufcstats.com/fight-details/0d043ecaf5bbc3ae, http://www.ufcstats.com/fight-details/7c20284c4c2dc9d3, http://www.ufcstats.com/fight-details/dcf052ef89a66397, http://www.ufcstats.com/fight-details/c959b92fb36220a3, http://www.ufcstats.com/fight-details/5bff1ece35abac7f, http://www.ufcstats.com/fight-details/c82f9bc365ff1074, http://www.ufcstats.com/fight-details/2af50cc7f34f6fc2, http://www.ufcstats.com/fight-details/b29d4e0117776bb3, http://www.ufcstats.com/fight-details/a80579fe679d24e2, http://www.ufcstats.com/fight-details/4bf6b6904ec94421, http://www.ufcstats.com/fight-details/0845e0f9e8d61b0f",2026-03-30T11:02:48Z,2026-08-08T18:36:16Z
f802c6b2-617b-5a2c-ac9f-5abed89d6541,http://www.ufcstats.com/event-details/db1f2ed63b54b9a7,UFC 196: McGregor vs Diaz,2016-03-05,completed,"http://www.ufcstats.com/fight-details/4ace70bff9debdfb, http://www.ufcstats.com/fight-details/7ffd80b65b0ff942, http://www.ufcstats.com/fight-details/17c598d7841daae0, http://www.ufcstats.com/fight-details/0bdea30d7a7322f7, http://www.ufcstats.com/fight-details/ba2f3b9a12400aa0, http://www.ufcstats.com/fight-details/e86f7b7f3a047d2a, http://www.ufcstats.com/fight-details/90a5ddd6738605d9, http://www.ufcstats.com/fight-details/49f83168974fb60f, http://www.ufcstats.com/fight-details/d3255f2b8ef2b559, http://www.ufcstats.com/fight-details/3f3b8dcd16dd7383, http://www.ufcstats.com/fight-details/8295c37ad4b6187e, http://www.ufcstats.com/fight-details/6ecd93dbbaba7e10",2026-03-30T11:02:49Z,2026-08-08T18:36:17Z
c89ee7a7-029e-52a5-a348-e93147f3a7b5,http://www.ufcstats.com/event-details/e60201cfab7d656d,UFC Fight Night: Hunt vs Mir,2016-03-19,completed,"http://www.ufcstats.com/fight-details/fb98219ce569b384, http://www.ufcstats.com/fight-details/a26db2cee9eab1f9, http://www.ufcstats.com/fight-details/784a57385d0e87ff, http://www.ufcstats.com/fight-details/b33d1e693e3c9958, http://www.ufcstats.com/fight-details/cf13dd810b2bd061, http://www.ufcstats.com/fight-details/8bf419824ca91470, http://www.ufcstats.com/fight-details/ee31f081cf576273, http://www.ufcstats.com/fight-details/e3fb9146a7eaaa47, http://www.ufcstats.com/fight-details/aa92030dfd8b5d40, http://www.ufcstats.com/fight-details/d2105d00baa3e15e, http://www.ufcstats.com/fight-details/f7c9f7a6edca5299, http://www.ufcstats.com/fight-details/95d46f7a7e72f91c",2026-03-30T11:02:51Z,2026-08-08T18:36:18Z
14e7c25d-d800-5212-8122-796f26df8ee0,http://www.ufcstats.com/event-details/4887e5bc4dbb73ff,UFC Fight Night: Rothwell vs Dos Santos,2016-04-10,completed,"http://www.ufcstats.com/fight-details/5f6b8e48e7d3b66f, http://www.ufcstats.com/fight-details/f4d9138ba502b7ec, http://www.ufcstats.com/fight-details/9b79c05aa978c066, http://www.ufcstats.com/fight-details/eb53ec8983cb2a95, http://www.ufcstats.com/fight-details/26779cfb01372664, http://www.ufcstats.com/fight-details/1a0bf11582ae518b, http://www.ufcstats.com/fight-details/5aa7ecc6507841bd, http://www.ufcstats.com/fight-details/d1d7400c131ed40e, http://www.ufcstats.com/fight-details/79884c0df84662b9, http://www.ufcstats.com/fight-details/3b5e1d6cbf9c8c9f, http://www.ufcstats.com/fight-details/42afd8c4fc85f485, http://www.ufcstats.com/fight-details/a020b5b917c27bb8, http://www.ufcstats.com/fight-details/fcb225f454ebf1a1",2026-03-30T11:02:52Z,2026-08-08T18:36:19Z
73b0cf28-99c8-5c72-b955-314456ae6e9c,http://www.ufcstats.com/event-details/e7e970d508529bf3,UFC on FOX: Teixeira vs Evans,2016-04-16,completed,"http://www.ufcstats.com/fight-details/e5a88d0e816fd0f1, http://www.ufcstats.com/fight-details/28f5f50617f2b686, http://www.ufcstats.com/fight-details/781b4b6951df64fe, http://www.ufcstats.com/fight-details/43e416795dbd10e9, http://www.ufcstats.com/fight-details/613a288e8819fead, http://www.ufcstats.com/fight-details/377c8eb085bb8e00, http://www.ufcstats.com/fight-details/110e1d794443b736, http://www.ufcstats.com/fight-details/8d9c71e110196262, http://www.ufcstats.com/fight-details/249b75a787dccfe6, http://www.ufcstats.com/fight-details/3daf1c5fb854e626, http://www.ufcstats.com/fight-details/815fd4ebdc288e83",2026-03-30T11:02:53Z,2026-08-08T18:36:21Z
979a5f0e-b442-507e-acd7-f56a61e39b03,http://www.ufcstats.com/event-details/3d481aa374c954a1,UFC 197: Jones vs Saint Preux,2016-04-23,completed,"http://www.ufcstats.com/fight-details/05c8aeb2806be99c, http://www.ufcstats.com/fight-details/20dda78057d17a5a, http://www.ufcstats.com/fight-details/8b52a32f3644f493, http://www.ufcstats.com/fight-details/b65d0243d397802c, http://www.ufcstats.com/fight-details/43b416cf0c75dbd7, http://www.ufcstats.com/fight-details/e3a45f48dbda99c3, http://www.ufcstats.com/fight-details/be0af5916c8e8e99, http://www.ufcstats.com/fight-details/2c0ece9f70a62408, http://www.ufcstats.com/fight-details/f519753cc38362d0, http://www.ufcstats.com/fight-details/92049ba4483fc840, http://www.ufcstats.com/fight-details/c7e084949531a443, http://www.ufcstats.com/fight-details/083a0283b7bc503b",2026-03-30T11:02:54Z,2026-08-08T18:36:22Z
363d00d5-1b69-576f-9926-fc3236b8d886,http://www.ufcstats.com/event-details/a314687f372b2cec,UFC Fight Night: Overeem vs Arlovski,2016-05-08,completed,"http://www.ufcstats.com/fight-details/5838305c25a54ea1, http://www.ufcstats.com/fight-details/d480d01418ae0143, http://www.ufcstats.com/fight-details/03b9922d777e430c, http://www.ufcstats.com/fight-details/692ceb2ac5fa4427, http://www.ufcstats.com/fight-details/61f80a1732d37288, http://www.ufcstats.com/fight-details/c5990f9767b16c48, http://www.ufcstats.com/fight-details/97e895b7c2cb9db4, http://www.ufcstats.com/fight-details/6d47170d069df8bb, http://www.ufcstats.com/fight-details/7786b5fafee61c36, http://www.ufcstats.com/fight-details/711fcf95370fa90b, http://www.ufcstats.com/fight-details/d37ed975c2b70fd2, http://www.ufcstats.com/fight-details/6ccf478dca83757e, http://www.ufcstats.com/fight-details/5a9804cad2335272",2026-03-30T11:02:56Z,2026-08-08T18:36:23Z
0d6f4932-0779-5627-8f27-cef1ebf7a8c8,http://www.ufcstats.com/event-details/a4bf17bd3ba3423b,UFC 198: Werdum vs Miocic,2016-05-14,completed,"http://www.ufcstats.com/fight-details/e27504d07ebbc441, http://www.ufcstats.com/fight-details/80c4f70b7f7a1945, http://www.ufcstats.com/fight-details/ee9e4f8523a484a6, http://www.ufcstats.com/fight-details/8ec7d82619bfb564, http://www.ufcstats.com/fight-details/93026e3763542c05, http://www.ufcstats.com/fight-details/9231cef371b89a46, http://www.ufcstats.com/fight-details/e99f92b92e90b228, http://www.ufcstats.com/fight-details/65d777a16fce2be8, http://www.ufcstats.com/fight-details/040f227553de7838, http://www.ufcstats.com/fight-details/375c2ecb6fe54cc6, http://www.ufcstats.com/fight-details/bc6100e6dd239db7, http://www.ufcstats.com/fight-details/958f3b45c132c3b7",2026-03-30T11:02:57Z,2026-08-08T18:36:25Z
c3a55e51-d380-50ce-b2f3-e5695d45b87b,http://www.ufcstats.com/event-details/990060b2a68a7b82,UFC Fight Night: Almeida vs Garbrandt,2016-05-29,completed,"http://www.ufcstats.com/fight-details/8d9b460143ae19bc, http://www.ufcstats.com/fight-details/b2c3f1783a0c8530, http://www.ufcstats.com/fight-details/a78ccbb549d36ddd, http://www.ufcstats.com/fight-details/313801a4262f1ea5, http://www.ufcstats.com/fight-details/8d975de5d033ccde, http://www.ufcstats.com/fight-details/6387fdb44c61ccdb, http://www.ufcstats.com/fight-details/934718256f4d082c, http://www.ufcstats.com/fight-details/f457d55f78d581f9, http://www.ufcstats.com/fight-details/09b8253a30360429, http://www.ufcstats.com/fight-details/5724a9cf463c8390, http://www.ufcstats.com/fight-details/6e093a1d4286dad6, http://www.ufcstats.com/fight-details/969970fbe24945d0",2026-03-30T11:02:58Z,2026-08-08T18:36:26Z
b55f7470-e5c0-5036-9abe-123129e2ddd2,http://www.ufcstats.com/event-details/ff4c3ab594c7fac3,UFC 199: Rockhold vs. Bisping 2,2016-06-04,completed,"http://www.ufcstats.com/fight-details/812ff38f0ed409ca, http://www.ufcstats.com/fight-details/9c884cbc3791bf60, http://www.ufcstats.com/fight-details/345b1bc51f0f5e86, http://www.ufcstats.com/fight-details/c33cc8b85b9a202c, http://www.ufcstats.com/fight-details/e86a77b69d50a834, http://www.ufcstats.com/fight-details/db1be0ca226d3a2f, http://www.ufcstats.com/fight-details/2c65d5d20cc893e4, http://www.ufcstats.com/fight-details/e06f96f3484ad74a, http://www.ufcstats.com/fight-details/5b55a8e33199d71e, http://www.ufcstats.com/fight-details/3e020d62796a7ce3, http://www.ufcstats.com/fight-details/5e794b8ef52c88cb, http://www.ufcstats.com/fight-details/e640fd983577d349, http://www.ufcstats.com/fight-details/1cbb930fb77a3781",2026-03-30T11:03:00Z,2026-08-08T18:36:27Z
fb7c3e42-de2a-5d10-9557-f9c971146819,http://www.ufcstats.com/event-details/563d051c9e769b24,UFC Fight Night: MacDonald vs Thompson,2016-06-18,completed,"http://www.ufcstats.com/fight-details/75e21e2f5f3be42e, http://www.ufcstats.com/fight-details/4b8c8ae61251ff83, http://www.ufcstats.com/fight-details/ad61d042c43451a8, http://www.ufcstats.com/fight-details/c69c5830064fd591, http://www.ufcstats.com/fight-details/fe6da751f2a4859a, http://www.ufcstats.com/fight-details/2e11087e1a4f066b, http://www.ufcstats.com/fight-details/911e151d1907197d, http://www.ufcstats.com/fight-details/68a93f8eb34f3251, http://www.ufcstats.com/fight-details/4cf7792aef993be1, http://www.ufcstats.com/fight-details/b2039609019496d9, http://www.ufcstats.com/fight-details/afd53c8033f6ee82, http://www.ufcstats.com/fight-details/315b6e91a0239148, http://www.ufcstats.com/fight-details/f8b32aeb9b628d89",2026-03-30T11:03:02Z,2026-08-08T18:36:28Z
5d1ec258-99ce-53e6-abe5-c6a619bc0cf0,http://www.ufcstats.com/event-details/45a2ba3ef82b9700,UFC Fight Night: Dos Anjos vs. Alvarez,2016-07-07,completed,"http://www.ufcstats.com/fight-details/bb9020ac324fb706, http://www.ufcstats.com/fight-details/9a984ea967886979, http://www.ufcstats.com/fight-details/420f4e4dc341eb57, http://www.ufcstats.com/fight-details/d39010c3511fb972, http://www.ufcstats.com/fight-details/d18b33bdd37f4683, http://www.ufcstats.com/fight-details/5e13fbe15c887a33, http://www.ufcstats.com/fight-details/95a0d706e1f4cfa2, http://www.ufcstats.com/fight-details/a815119606930378, http://www.ufcstats.com/fight-details/509519d82e906c0f, http://www.ufcstats.com/fight-details/e71a155192ff2f6c, http://www.ufcstats.com/fight-details/5cf03fdfe557803f, http://www.ufcstats.com/fight-details/caf3ca7fc0195412",2026-03-30T11:03:04Z,2026-08-08T18:36:29Z
fc579294-7cfe-56bb-be09-e84fe91c10c7,http://www.ufcstats.com/event-details/cd42bbe8887bba90,The Ultimate Fighter: Team Joanna vs. Team Cláudia Finale,2016-07-08,completed,"http://www.ufcstats.com/fight-details/6ab9d2d334f613c8, http://www.ufcstats.com/fight-details/9fc85aef42733a16, http://www.ufcstats.com/fight-details/f8b9b5ee3d4a8ac3, http://www.ufcstats.com/fight-details/1299f04f429bcc0e, http://www.ufcstats.com/fight-details/febbd4eb209b4579, http://www.ufcstats.com/fight-details/6c4b3cca92fcb9c7, http://www.ufcstats.com/fight-details/36388dce4a8cc18f, http://www.ufcstats.com/fight-details/9275134accfb1adc, http://www.ufcstats.com/fight-details/f990e8b2a08053db, http://www.ufcstats.com/fight-details/0c703bf17c04fee4, http://www.ufcstats.com/fight-details/b319a24919106555, http://www.ufcstats.com/fight-details/b3b5bd50fa34342c",2026-03-30T11:03:05Z,2026-08-08T18:36:31Z
0054a255-e258-51ce-bdf1-142d430dab99,http://www.ufcstats.com/event-details/aa5b4eff51bdc7d1,UFC 200: Tate vs Nunes,2016-07-09,completed,"http://www.ufcstats.com/fight-details/135760b07e1fb79b, http://www.ufcstats.com/fight-details/83414cc83ec3f2ac, http://www.ufcstats.com/fight-details/424221c96ee13ceb, http://www.ufcstats.com/fight-details/84c5035830ebb421, http://www.ufcstats.com/fight-details/1a66e67add5d55ef, http://www.ufcstats.com/fight-details/96c93167c982c467, http://www.ufcstats.com/fight-details/8c2e4d3cc4b9e93a, http://www.ufcstats.com/fight-details/c1f74805a4ff9396, http://www.ufcstats.com/fight-details/d1aaef0d7f0c8e8b, http://www.ufcstats.com/fight-details/9d7a798f0c20c04a, http://www.ufcstats.com/fight-details/7679c5ee3514e119, http://www.ufcstats.com/fight-details/433e3fd8782b6e0e",2026-03-30T11:03:08Z,2026-08-08T18:36:32Z
d9287933-424b-5bfa-abea-21ebf31503af,http://www.ufcstats.com/event-details/5e7a28f20927d64a,UFC Fight Night: McDonald vs. Lineker,2016-07-13,completed,"http://www.ufcstats.com/fight-details/08c6b88ac22717ed, http://www.ufcstats.com/fight-details/824fb74f5fc34218, http://www.ufcstats.com/fight-details/0f73ee9121ec7539, http://www.ufcstats.com/fight-details/0fed8d8499eae01a, http://www.ufcstats.com/fight-details/bb0770ead53940f5, http://www.ufcstats.com/fight-details/a2fe63d064567d14, http://www.ufcstats.com/fight-details/ee46c069ebe691ff, http://www.ufcstats.com/fight-details/2ef96a4eb306fbb4, http://www.ufcstats.com/fight-details/2d205cc1da2e7930, http://www.ufcstats.com/fight-details/5b6451f3f83c719c, http://www.ufcstats.com/fight-details/df661c70c40adf84, http://www.ufcstats.com/fight-details/0864112e968630ea",2026-03-30T11:03:09Z,2026-08-08T18:36:34Z
436ba045-c045-5f99-b81e-b652e87da90a,http://www.ufcstats.com/event-details/8a028648f3f0761d,UFC on FOX: Holm vs. Shevchenko,2016-07-23,completed,"http://www.ufcstats.com/fight-details/9e90800495c1d607, http://www.ufcstats.com/fight-details/b1dee00c3052e65e, http://www.ufcstats.com/fight-details/9d2f46b677246e41, http://www.ufcstats.com/fight-details/5a09a7a3f2792d1a, http://www.ufcstats.com/fight-details/8167500af262bba5, http://www.ufcstats.com/fight-details/1eb0491642f276ed, http://www.ufcstats.com/fight-details/e09d17f97d6fc6b8, http://www.ufcstats.com/fight-details/adb86e0206cba97d, http://www.ufcstats.com/fight-details/3aace29fcc65ec51, http://www.ufcstats.com/fight-details/435c93cb89016fd1, http://www.ufcstats.com/fight-details/43fbc59edc7dfa9f",2026-03-30T11:03:11Z,2026-08-08T18:36:35Z
ed3fd718-b0f6-5a42-a08e-7d315ae1648e,http://www.ufcstats.com/event-details/72cbe507644a587c,UFC 201: Lawler vs. Woodley,2016-07-30,completed,"http://www.ufcstats.com/fight-details/c67e5fec8e1876f0, http://www.ufcstats.com/fight-details/7f3763caa99a3486, http://www.ufcstats.com/fight-details/82d057278298846f, http://www.ufcstats.com/fight-details/3cf1d67a20ae1c18, http://www.ufcstats.com/fight-details/c8f946610906bffe, http://www.ufcstats.com/fight-details/ae6fb7829db7ecc7, http://www.ufcstats.com/fight-details/806ee07a1a7042b8, http://www.ufcstats.com/fight-details/8495283a56311b4d, http://www.ufcstats.com/fight-details/8b61a3acdfb007d9, http://www.ufcstats.com/fight-details/855338a9a68e4c9f, http://www.ufcstats.com/fight-details/09c092dc766fa3f9",2026-03-30T11:03:12Z,2026-08-08T18:36:36Z
a3b02b81-2551-5f97-a1b8-463f9a8d4b24,http://www.ufcstats.com/event-details/232c582f29f8f65e,UFC Fight Night: Rodriguez vs. Caceres,2016-08-06,completed,"http://www.ufcstats.com/fight-details/570f3407722cc512, http://www.ufcstats.com/fight-details/0344687c9852b1d2, http://www.ufcstats.com/fight-details/78410b48feaba213, http://www.ufcstats.com/fight-details/787d94246afe18a3, http://www.ufcstats.com/fight-details/e35d878ba90d9769, http://www.ufcstats.com/fight-details/58c73a9562adcfe5, http://www.ufcstats.com/fight-details/4a46b63c19cfa932, http://www.ufcstats.com/fight-details/3fe9e895b2a45049, http://www.ufcstats.com/fight-details/cb76509b5c2f2a90, http://www.ufcstats.com/fight-details/34644c44229e41a1, http://www.ufcstats.com/fight-details/537c77f3b75a75ae, http://www.ufcstats.com/fight-details/02f4277726712796",2026-03-30T11:03:13Z,2026-08-08T18:36:38Z
eec23b4c-0588-556f-8d25-9a335ee69f7a,http://www.ufcstats.com/event-details/5da4e8dc02e50ac0,UFC 202: Diaz vs. McGregor 2,2016-08-20,completed,"http://www.ufcstats.com/fight-details/648396cc751c730d, http://www.ufcstats.com/fight-details/c0329bd8d3b302c6, http://www.ufcstats.com/fight-details/781f9a642e7a9278, http://www.ufcstats.com/fight-details/70f08a4771138817, http://www.ufcstats.com/fight-details/a69a6da9560ed62c, http://www.ufcstats.com/fight-details/dbc72a4092a0b296, http://www.ufcstats.com/fight-details/6b6680338558bd46, http://www.ufcstats.com/fight-details/d101d2ed58a7cf84, http://www.ufcstats.com/fight-details/ec381753e852cb63, http://www.ufcstats.com/fight-details/ec067e9c9efd7aa1, http://www.ufcstats.com/fight-details/0294253e4a5b4725, http://www.ufcstats.com/fight-details/41eb39f532e148d9",2026-03-30T11:03:14Z,2026-08-08T18:36:39Z
a3ded5e8-393b-585c-aa7a-e1380f909968,http://www.ufcstats.com/event-details/cfbccfed4e4796fe,UFC on FOX: Maia vs. Condit,2016-08-27,completed,"http://www.ufcstats.com/fight-details/f19d1c8ca5660240, http://www.ufcstats.com/fight-details/51d3be5e8aee5cd9, http://www.ufcstats.com/fight-details/0bf8bb9b4ef329f9, http://www.ufcstats.com/fight-details/e15b393a27c07043, http://www.ufcstats.com/fight-details/70ab91b37be75408, http://www.ufcstats.com/fight-details/df33799f117000cb, http://www.ufcstats.com/fight-details/f8df4cb5f22656c0, http://www.ufcstats.com/fight-details/c64537874352793a, http://www.ufcstats.com/fight-details/00742aea8da72a35, http://www.ufcstats.com/fight-details/f7114bf73eec4022",2026-03-30T11:03:16Z,2026-08-08T18:36:40Z
93559201-b235-5304-ba96-1e83e44d1d2f,http://www.ufcstats.com/event-details/2b4faacc16d66898,UFC Fight Night: Arlovski vs. Barnett,2016-09-03,completed,"http://www.ufcstats.com/fight-details/a3b972117a3998ee, http://www.ufcstats.com/fight-details/0549b655619774c5, http://www.ufcstats.com/fight-details/5237736e6b37c609, http://www.ufcstats.com/fight-details/31dd8b5d6444f19b, http://www.ufcstats.com/fight-details/d6389fa434e86916, http://www.ufcstats.com/fight-details/69ecd4aa5a550f7b, http://www.ufcstats.com/fight-details/bd887c173d3050bf, http://www.ufcstats.com/fight-details/f24144fbe9e32c10, http://www.ufcstats.com/fight-details/ddb4376695f115b9, http://www.ufcstats.com/fight-details/d38cd293a0c3fdfd, http://www.ufcstats.com/fight-details/c5c1deb1607f69b4",2026-03-30T11:03:17Z,2026-08-08T18:36:41Z
7b5c4761-ae7b-5c63-a7ee-1f7ea00fe0e2,http://www.ufcstats.com/event-details/2dc7f1762dc0a7ef,UFC 203: Miocic vs. Overeem,2016-09-10,completed,"http://www.ufcstats.com/fight-details/19df0d0cb1269fa7, http://www.ufcstats.com/fight-details/409bcfacb259999a, http://www.ufcstats.com/fight-details/26e6a2705a1e9e72, http://www.ufcstats.com/fight-details/971d9fa5947a4bb7, http://www.ufcstats.com/fight-details/52bc6927e80aca5d, http://www.ufcstats.com/fight-details/e9ffcf05270a320a, http://www.ufcstats.com/fight-details/c8ca99d1adc5448d, http://www.ufcstats.com/fight-details/9b1386a28b81bcd5, http://www.ufcstats.com/fight-details/5d5abb5dade718de, http://www.ufcstats.com/fight-details/1c85f793ea4f9caa",2026-03-30T11:03:18Z,2026-08-08T18:36:42Z
8fa84f84-619c-59a0-8141-9fcfe746eabe,http://www.ufcstats.com/event-details/d6455cb4bee503ce,UFC Fight Night: Poirier vs. Johnson,2016-09-17,completed,"http://www.ufcstats.com/fight-details/692241119228cc82, http://www.ufcstats.com/fight-details/f4cdc944e27c2cd2, http://www.ufcstats.com/fight-details/0596fc5eba5c1fe0, http://www.ufcstats.com/fight-details/054f1423ba7c121e, http://www.ufcstats.com/fight-details/144b0c1dd6c909f3, http://www.ufcstats.com/fight-details/00b7497b02b3b2bb, http://www.ufcstats.com/fight-details/4f6f7f1ad8954bb6, http://www.ufcstats.com/fight-details/4df1d3183929d021, http://www.ufcstats.com/fight-details/c87d2569da8d4305, http://www.ufcstats.com/fight-details/187681b2843174b5, http://www.ufcstats.com/fight-details/30b33d032605c885, http://www.ufcstats.com/fight-details/96adba2273a13f46",2026-03-30T11:03:19Z,2026-08-08T18:36:43Z
155ee155-99a5-5b4f-b54a-c509202065a5,http://www.ufcstats.com/event-details/e18012194473e8b0,UFC Fight Night: Cyborg vs. Lansberg,2016-09-24,completed,"http://www.ufcstats.com/fight-details/76c5f66afe6ab192, http://www.ufcstats.com/fight-details/50935ae1627fc89b, http://www.ufcstats.com/fight-details/5c5ed0416e881faf, http://www.ufcstats.com/fight-details/845907142e023077, http://www.ufcstats.com/fight-details/66b8f3426f36fdf7, http://www.ufcstats.com/fight-details/c29b63d6cd2ba413, http://www.ufcstats.com/fight-details/6f2a4a2f769eb9e3, http://www.ufcstats.com/fight-details/0408a452fb5c3e14, http://www.ufcstats.com/fight-details/39c16381a9722735, http://www.ufcstats.com/fight-details/0e9b7e682e0a79f1, http://www.ufcstats.com/fight-details/1afa8d6ae4d8a5b2, http://www.ufcstats.com/fight-details/5948876f1d80c21a, http://www.ufcstats.com/fight-details/fae3f395669b7285",2026-03-30T11:03:21Z,2026-08-08T18:36:44Z
6ce6a2dc-eec2-5e8f-9364-6cd13c06d9bb,http://www.ufcstats.com/event-details/a196332ee4aa8a82,UFC Fight Night: Lineker vs. Dodson,2016-10-01,completed,"http://www.ufcstats.com/fight-details/8793208907eca67f, http://www.ufcstats.com/fight-details/3a8cc4cda195d758, http://www.ufcstats.com/fight-details/21b361d723fcf3cd, http://www.ufcstats.com/fight-details/b43dfe6743160a66, http://www.ufcstats.com/fight-details/a27a9b7b8194e8fc, http://www.ufcstats.com/fight-details/11b369120409d2aa, http://www.ufcstats.com/fight-details/412735f3e0b66ea6, http://www.ufcstats.com/fight-details/958f6e5b79ff8c33, http://www.ufcstats.com/fight-details/ba7250ef080d1603, http://www.ufcstats.com/fight-details/1cca8ba792f1e1d9, http://www.ufcstats.com/fight-details/4efbd869aa0211d2, http://www.ufcstats.com/fight-details/98e3b4d05ecc36a2",2026-03-30T11:03:22Z,2026-08-08T18:36:46Z
195efa4d-58f6-5564-8167-c44edfb489a6,http://www.ufcstats.com/event-details/154a6b3ffae264cd,UFC 204: Bisping vs. Henderson,2016-10-08,completed,"http://www.ufcstats.com/fight-details/eaa63c8fb9379426, http://www.ufcstats.com/fight-details/ebc7ec239faf7b0b, http://www.ufcstats.com/fight-details/451d7d8c2a6bacb3, http://www.ufcstats.com/fight-details/17067cf55726c673, http://www.ufcstats.com/fight-details/23253ebb1d86d8b4, http://www.ufcstats.com/fight-details/2f9a8807807b80d6, http://www.ufcstats.com/fight-details/3be121d4f5460893, http://www.ufcstats.com/fight-details/47dfd70b5780d68a, http://www.ufcstats.com/fight-details/8794b5f9a591daf6, http://www.ufcstats.com/fight-details/85bec51d0bdf511f, http://www.ufcstats.com/fight-details/87b61c1d72232a84",2026-03-30T11:03:23Z,2026-08-08T18:36:46Z
1cfbb262-77a5-516d-be54-dda52414f40c,http://www.ufcstats.com/event-details/6083f497c22cc075,UFC Fight Night: Dos Anjos vs. Ferguson,2016-11-05,completed,"http://www.ufcstats.com/fight-details/9220acccebf14a46, http://www.ufcstats.com/fight-details/c5a8e0098d1024ce, http://www.ufcstats.com/fight-details/e322eae035f7c00f, http://www.ufcstats.com/fight-details/43a941e005a2d463, http://www.ufcstats.com/fight-details/00494c77d2a88f8c, http://www.ufcstats.com/fight-details/52943c821416dc38, http://www.ufcstats.com/fight-details/51010081d59b4687, http://www.ufcstats.com/fight-details/588a39cab19065bc, http://www.ufcstats.com/fight-details/23c6a428df1569bc, http://www.ufcstats.com/fight-details/29df50b2ea446361, http://www.ufcstats.com/fight-details/2c39797c6574ff29, http://www.ufcstats.com/fight-details/c1e039419a671b9e, http://www.ufcstats.com/fight-details/4fa26e1e88583ab5",2026-03-30T11:03:24Z,2026-08-08T18:36:47Z
e51e3d43-c02f-5057-8714-dcc936427ed0,http://www.ufcstats.com/event-details/4956f60b7fa57c1a,UFC 205: Alvarez vs McGregor,2016-11-12,completed,"http://www.ufcstats.com/fight-details/1d7015553debd1c8, http://www.ufcstats.com/fight-details/b80ef7cdc36ab48b, http://www.ufcstats.com/fight-details/4403857f545ede75, http://www.ufcstats.com/fight-details/f37d18b5c35145bf, http://www.ufcstats.com/fight-details/9ebfd601c43b89b3, http://www.ufcstats.com/fight-details/9c4cbd0546d03f6b, http://www.ufcstats.com/fight-details/c26806c2d554e50c, http://www.ufcstats.com/fight-details/8172d8d996335d0a, http://www.ufcstats.com/fight-details/14477908199435e1, http://www.ufcstats.com/fight-details/ef80a6eea892c296, http://www.ufcstats.com/fight-details/706228ddb6076b3f",2026-03-30T11:03:25Z,2026-08-08T18:36:48Z
7e0fb29e-1872-59ab-8eb1-471cf34e9773,http://www.ufcstats.com/event-details/6810d8d2dd557cf9,UFC Fight Night: Mousasi vs. Hall 2,2016-11-19,completed,"http://www.ufcstats.com/fight-details/b5268a0c2df32a24, http://www.ufcstats.com/fight-details/6b5fe10e6e7d160a, http://www.ufcstats.com/fight-details/689116759885e4a5, http://www.ufcstats.com/fight-details/e4795ab9bdd6fb38, http://www.ufcstats.com/fight-details/f1afa75c8d492550, http://www.ufcstats.com/fight-details/ad0bac98558900af, http://www.ufcstats.com/fight-details/dad034faf3d62cb9, http://www.ufcstats.com/fight-details/24411c5356903d11, http://www.ufcstats.com/fight-details/8eaa23d64c20b0f1, http://www.ufcstats.com/fight-details/1b52e24d09700dd9, http://www.ufcstats.com/fight-details/7fce3efc5d2add6e, http://www.ufcstats.com/fight-details/a337e11f80a75b7d, http://www.ufcstats.com/fight-details/bd6909a463a1de2b",2026-03-30T11:03:26Z,2026-08-08T18:36:49Z
df263e85-3977-5be8-b59f-7e6b8e5d6d87,http://www.ufcstats.com/event-details/5cde96e0a1a1fffe,UFC Fight Night: Bader vs. Nogueira,2016-11-19,completed,"http://www.ufcstats.com/fight-details/106088694fa0c682, http://www.ufcstats.com/fight-details/ac656cebef8cf0a4, http://www.ufcstats.com/fight-details/4c05732d411d6412, http://www.ufcstats.com/fight-details/3e1bd51261cb61df, http://www.ufcstats.com/fight-details/939cc30f07131724, http://www.ufcstats.com/fight-details/edcf1d6a1bd8acc7, http://www.ufcstats.com/fight-details/13d2b7aef67cb6ea, http://www.ufcstats.com/fight-details/a5e240bcd7731725, http://www.ufcstats.com/fight-details/02b39d683f027517, http://www.ufcstats.com/fight-details/9e75fbe17a35f272, http://www.ufcstats.com/fight-details/30a2c7e5b90e6d74, http://www.ufcstats.com/fight-details/934c967872f28b13",2026-03-30T11:03:27Z,2026-08-08T18:36:51Z
13fdb007-939a-5add-8994-30e195e8ac4c,http://www.ufcstats.com/event-details/73e09f837f3b5ecc,UFC Fight Night: Whittaker vs. Brunson,2016-11-26,completed,"http://www.ufcstats.com/fight-details/6d04fbef6b8e4551, http://www.ufcstats.com/fight-details/0d33d43bee65d98f, http://www.ufcstats.com/fight-details/450760216f5643ca, http://www.ufcstats.com/fight-details/2cab927474cb6e62, http://www.ufcstats.com/fight-details/d1c519260c0ddf3a, http://www.ufcstats.com/fight-details/314aea77cd24210f, http://www.ufcstats.com/fight-details/71854cfe738d6ee1, http://www.ufcstats.com/fight-details/64bc223daa594bcc, http://www.ufcstats.com/fight-details/2c0a58ef0324e18b, http://www.ufcstats.com/fight-details/291d91378a96d1e8, http://www.ufcstats.com/fight-details/4f60a7e7b848bc6d, http://www.ufcstats.com/fight-details/2e209dc450b7ebe3, http://www.ufcstats.com/fight-details/0da0dc2c7eb29f58",2026-03-30T11:03:29Z,2026-08-08T18:36:51Z
a1f87c94-fae8-5e62-99d8-8a2f2b1de30d,http://www.ufcstats.com/event-details/bd4389b71fdc0ce2,The Ultimate Fighter: Tournament of Champions Finale,2016-12-03,completed,"http://www.ufcstats.com/fight-details/02822c35ffef5a50, http://www.ufcstats.com/fight-details/5e1370a92ce8abb0, http://www.ufcstats.com/fight-details/27ff7028ec8c2161, http://www.ufcstats.com/fight-details/9cad47cdd6351e50, http://www.ufcstats.com/fight-details/a716172939767cab, http://www.ufcstats.com/fight-details/36830f6eb3c847f5, http://www.ufcstats.com/fight-details/019983faebec6d64, http://www.ufcstats.com/fight-details/63b35df1276b3d64, http://www.ufcstats.com/fight-details/c5d48ca7c22f857e, http://www.ufcstats.com/fight-details/5ae45d20a60dc109, http://www.ufcstats.com/fight-details/163fbb2185730846, http://www.ufcstats.com/fight-details/fe132ef2ab8ae9d2",2026-03-30T11:03:30Z,2026-08-08T18:36:53Z
99257864-6511-5958-80c9-1fd38d707293,http://www.ufcstats.com/event-details/7139cd2ae4bf6a29,UFC Fight Night: Lewis vs. Abdurakhimov,2016-12-09,completed,"http://www.ufcstats.com/fight-details/cb1e57b5f8c92922, http://www.ufcstats.com/fight-details/0769ab47fcf0bf6b, http://www.ufcstats.com/fight-details/14e7bb7a9d49450d, http://www.ufcstats.com/fight-details/25cd989ac5569629, http://www.ufcstats.com/fight-details/9555d8941df4a998, http://www.ufcstats.com/fight-details/02e3699be1d8daa2, http://www.ufcstats.com/fight-details/85feac6924abb35b, http://www.ufcstats.com/fight-details/0b26d635106aea1c, http://www.ufcstats.com/fight-details/4bf0be780f2d09be, http://www.ufcstats.com/fight-details/a71febed166b7d42, http://www.ufcstats.com/fight-details/770312f3ca8506b6, http://www.ufcstats.com/fight-details/87b6c507a7684ec2",2026-03-30T11:03:31Z,2026-08-08T18:36:54Z
7c98af73-64d9-563f-b27f-92f884d776d4,http://www.ufcstats.com/event-details/6e3282d57d2467a0,UFC 206: Holloway vs. Pettis,2016-12-10,completed,"http://www.ufcstats.com/fight-details/977a758d869f9e7a, http://www.ufcstats.com/fight-details/96404a3b32791c8d, http://www.ufcstats.com/fight-details/5f0aa841c21f7d30, http://www.ufcstats.com/fight-details/07b98dbf5d2c62a2, http://www.ufcstats.com/fight-details/761a215d51a0442e, http://www.ufcstats.com/fight-details/0af90a49f0ca1879, http://www.ufcstats.com/fight-details/04f27a78e4ffce47, http://www.ufcstats.com/fight-details/ca9804845b010845, http://www.ufcstats.com/fight-details/b121f30d7fc9ea6c, http://www.ufcstats.com/fight-details/071d488ec8ccf254, http://www.ufcstats.com/fight-details/8b983e834df0c6c4, http://www.ufcstats.com/fight-details/d573e571d8349b5d",2026-03-30T11:03:32Z,2026-08-08T18:36:56Z
b544fa2c-be58-570d-a0c0-e319bdb450c1,http://www.ufcstats.com/event-details/32541eb5d12668b4,UFC on FOX: VanZant vs. Waterson,2016-12-17,completed,"http://www.ufcstats.com/fight-details/5840527835a8ffb2, http://www.ufcstats.com/fight-details/23bc29f1b6baacad, http://www.ufcstats.com/fight-details/2cdf841a057d9039, http://www.ufcstats.com/fight-details/473b9b56cdaedba3, http://www.ufcstats.com/fight-details/01f396a7372dc8ff, http://www.ufcstats.com/fight-details/4b35edc671de861f, http://www.ufcstats.com/fight-details/677588ea237aa5c0, http://www.ufcstats.com/fight-details/30f6cf4253b13b76, http://www.ufcstats.com/fight-details/7979888b1fb5eb39, http://www.ufcstats.com/fight-details/d77ace7aadb2383e, http://www.ufcstats.com/fight-details/ca6d4239726931f9, http://www.ufcstats.com/fight-details/88c712be47805d63, http://www.ufcstats.com/fight-details/1ca4274019680d23",2026-03-30T11:03:34Z,2026-08-08T18:36:57Z
00a415fb-3260-5966-a8fc-b4ba4be3eb7c,http://www.ufcstats.com/event-details/4b2390cfaceb91d8,UFC 207: Nunes vs. Rousey,2016-12-30,completed,"http://www.ufcstats.com/fight-details/0aad210fbaa1db6c, http://www.ufcstats.com/fight-details/25e6b11e1cf45b83, http://www.ufcstats.com/fight-details/7f663d67422c1b24, http://www.ufcstats.com/fight-details/3d07a533feca7458, http://www.ufcstats.com/fight-details/ab847a4cf397d7d5, http://www.ufcstats.com/fight-details/abf0f8234f6be37e, http://www.ufcstats.com/fight-details/78736e322574e500, http://www.ufcstats.com/fight-details/31acf87e89a4a401, http://www.ufcstats.com/fight-details/d8c7497043e7e5bd, http://www.ufcstats.com/fight-details/9d4b2767f6630fc9",2026-03-30T11:03:35Z,2026-08-08T18:36:58Z
f9dde073-e0eb-5e32-b017-9a92bd9a0474,http://www.ufcstats.com/event-details/46effbd1135423c5,UFC Fight Night: Rodriguez vs. Penn,2017-01-15,completed,"http://www.ufcstats.com/fight-details/5742025a09190829, http://www.ufcstats.com/fight-details/00720c46f864fe03, http://www.ufcstats.com/fight-details/8edb831924d69dd9, http://www.ufcstats.com/fight-details/7685701c382cd49a, http://www.ufcstats.com/fight-details/bbb67c2ac4453d64, http://www.ufcstats.com/fight-details/b60bbec8ec98941b, http://www.ufcstats.com/fight-details/1a81573425c585fb, http://www.ufcstats.com/fight-details/8156479490877d08, http://www.ufcstats.com/fight-details/53c3565ee1d3411a, http://www.ufcstats.com/fight-details/3f7684492c9df05e, http://www.ufcstats.com/fight-details/ae803440d778a12b, http://www.ufcstats.com/fight-details/c1356395d6b055d7",2026-03-30T11:03:36Z,2026-08-08T18:37:00Z
77663c83-d006-5e9c-9830-f731a42db2d4,http://www.ufcstats.com/event-details/4512e46543b960ad,UFC on FOX: Shevchenko vs. Pena,2017-01-28,completed,"http://www.ufcstats.com/fight-details/ab79fe7b35ccc3dc, http://www.ufcstats.com/fight-details/b91756d955e14d2e, http://www.ufcstats.com/fight-details/a45596cda51a1816, http://www.ufcstats.com/fight-details/43682a646b9b956f, http://www.ufcstats.com/fight-details/3c8eb8ad5e98876f, http://www.ufcstats.com/fight-details/637f561cd731fb44, http://www.ufcstats.com/fight-details/c5865afc31cb6c59, http://www.ufcstats.com/fight-details/1cd0ce0e2312ad52, http://www.ufcstats.com/fight-details/481aef2d2802ec68, http://www.ufcstats.com/fight-details/99373dc33dfbf6e0, http://www.ufcstats.com/fight-details/0094d2ed98819f7a, http://www.ufcstats.com/fight-details/6eb382e2c51fc4f5",2026-03-30T11:03:37Z,2026-08-08T18:37:01Z
a8684a32-b898-5c92-b95e-3c759cd00aa6,http://www.ufcstats.com/event-details/6a8a06b542e1516d,UFC Fight Night: Bermudez vs. The Korean Zombie,2017-02-04,completed,"http://www.ufcstats.com/fight-details/8c220d4c96895a98, http://www.ufcstats.com/fight-details/4a2e7e2c8cfdaf5f, http://www.ufcstats.com/fight-details/94cecf4bd29793e1, http://www.ufcstats.com/fight-details/36220644401d85e1, http://www.ufcstats.com/fight-details/49e344834626c144, http://www.ufcstats.com/fight-details/451525a1abe30a91, http://www.ufcstats.com/fight-details/74256b4e8d0b1de6, http://www.ufcstats.com/fight-details/478221ad98336565, http://www.ufcstats.com/fight-details/66ad9f88f063d2ef, http://www.ufcstats.com/fight-details/ebe38ba75cbf2320, http://www.ufcstats.com/fight-details/48e51d4e7172048e, http://www.ufcstats.com/fight-details/f3bb58f485dc2008",2026-03-30T11:03:39Z,2026-08-08T18:37:02Z
bec34977-f140-5a48-a2c8-0f91f9bf8962,http://www.ufcstats.com/event-details/865aa315ea62c511,UFC 208: Holm vs. De Randamie,2017-02-11,completed,"http://www.ufcstats.com/fight-details/252074c8554bf30d, http://www.ufcstats.com/fight-details/d29750cee389a0b9, http://www.ufcstats.com/fight-details/ced241b99eab5f22, http://www.ufcstats.com/fight-details/244357514dd89bd6, http://www.ufcstats.com/fight-details/8b8f9485214f9e48, http://www.ufcstats.com/fight-details/f680e6ebe3bdfe3e, http://www.ufcstats.com/fight-details/febea68b205f6273, http://www.ufcstats.com/fight-details/ddd9e64d97b095f9, http://www.ufcstats.com/fight-details/c4174e22cb22622c, http://www.ufcstats.com/fight-details/1f9ac1648b8e501e",2026-03-30T11:03:40Z,2026-08-08T18:37:03Z
d9b0620f-4599-5e45-98de-dce6a6c0836e,http://www.ufcstats.com/event-details/b4ad3a06ee4d660c,UFC Fight Night: Lewis vs. Browne,2017-02-19,completed,"http://www.ufcstats.com/fight-details/ab14dbff9d2ae41a, http://www.ufcstats.com/fight-details/a5d24caed8afbeef, http://www.ufcstats.com/fight-details/112e6a0ddce893e6, http://www.ufcstats.com/fight-details/16e28dd989ee1dea, http://www.ufcstats.com/fight-details/9c256e94c6b584b6, http://www.ufcstats.com/fight-details/f00ac5af033f44b4, http://www.ufcstats.com/fight-details/1db121859d2fcda8, http://www.ufcstats.com/fight-details/e4c4c54a10e06973, http://www.ufcstats.com/fight-details/ad9ecef413a5b48f, http://www.ufcstats.com/fight-details/e59aabdfba9d6c45, http://www.ufcstats.com/fight-details/c1d86f1e6d41cd03",2026-03-30T11:03:40Z,2026-08-08T18:37:04Z
3bf5a80b-8050-5841-bc8a-10c8cd72fca3,http://www.ufcstats.com/event-details/20e403a1acfef130,UFC 209: Woodley vs. Thompson 2,2017-03-04,completed,"http://www.ufcstats.com/fight-details/dfc8c5161ea0ccb5, http://www.ufcstats.com/fight-details/7ac4b9823b1e139b, http://www.ufcstats.com/fight-details/e3ca9462ad0d7685, http://www.ufcstats.com/fight-details/54f9e3e1fad7a589, http://www.ufcstats.com/fight-details/c79b862be039d9f0, http://www.ufcstats.com/fight-details/42ad1437a1280294, http://www.ufcstats.com/fight-details/3b536afcc9098925, http://www.ufcstats.com/fight-details/4804776154430aad, http://www.ufcstats.com/fight-details/08b65f5009c34997, http://www.ufcstats.com/fight-details/6db4d7827082d5b9, http://www.ufcstats.com/fight-details/2d4743a82fc55642",2026-03-30T11:03:42Z,2026-08-08T18:37:05Z
a909a5ad-0430-565b-bfed-0c7bb1620709,http://www.ufcstats.com/event-details/47b7e4e60813b7b2,UFC Fight Night: Belfort vs. Gastelum,2017-03-11,completed,"http://www.ufcstats.com/fight-details/58450502a93454c8, http://www.ufcstats.com/fight-details/34524408fb4d6752, http://www.ufcstats.com/fight-details/b47e4f0982938e5b, http://www.ufcstats.com/fight-details/74d4e37b97866514, http://www.ufcstats.com/fight-details/b03dd50785e761a0, http://www.ufcstats.com/fight-details/24f156a78bd32026, http://www.ufcstats.com/fight-details/76602c3658d70273, http://www.ufcstats.com/fight-details/f4f5049e789b7716, http://www.ufcstats.com/fight-details/dc169cc01d675125, http://www.ufcstats.com/fight-details/12740c6b17779fe9, http://www.ufcstats.com/fight-details/ebb94e00d6431e7a, http://www.ufcstats.com/fight-details/0ace7e71f5d66bc9",2026-03-30T11:03:43Z,2026-08-08T18:37:07Z
b01774bc-c642-58be-b7ae-4a5f615e47ee,http://www.ufcstats.com/event-details/c0231720fe516994,UFC Fight Night: Manuwa vs. Anderson,2017-03-18,completed,"http://www.ufcstats.com/fight-details/00be3852000f8fe9, http://www.ufcstats.com/fight-details/7e6f91cbf8e93210, http://www.ufcstats.com/fight-details/1e5c66d12761d4fe, http://www.ufcstats.com/fight-details/7ec86f2af631344f, http://www.ufcstats.com/fight-details/55f727e00553035d, http://www.ufcstats.com/fight-details/c365a488a8de3c89, http://www.ufcstats.com/fight-details/f99ee57f75b20b69, http://www.ufcstats.com/fight-details/88ce808e4e604180, http://www.ufcstats.com/fight-details/eee7f546c126ee8b, http://www.ufcstats.com/fight-details/794b63b4c1e1e789, http://www.ufcstats.com/fight-details/0bb419537705fb04",2026-03-30T11:03:45Z,2026-08-08T18:37:08Z
2e013c78-9bed-5e5c-86b7-ab8c8fb9ea66,http://www.ufcstats.com/event-details/e7bfdb5e0112891e,UFC 210: Cormier vs. Johnson 2,2017-04-08,completed,"http://www.ufcstats.com/fight-details/ea8eaf881d38713e, http://www.ufcstats.com/fight-details/87a969d51de6e179, http://www.ufcstats.com/fight-details/687d973d71e068dc, http://www.ufcstats.com/fight-details/a68672f66e12a3c2, http://www.ufcstats.com/fight-details/56c7c59c9bb3b610, http://www.ufcstats.com/fight-details/23ba0218f9f65e33, http://www.ufcstats.com/fight-details/b2c1f9bdd5d3073d, http://www.ufcstats.com/fight-details/ddb015ac5c067aa9, http://www.ufcstats.com/fight-details/e7ad1c3a763c7cae, http://www.ufcstats.com/fight-details/8b4eeaa048361ba3, http://www.ufcstats.com/fight-details/97b7638c592a95a9, http://www.ufcstats.com/fight-details/2464a75ee75dbf2f, http://www.ufcstats.com/fight-details/c4da9ec26a924a7d",2026-03-30T11:03:46Z,2026-08-08T18:37:09Z
d9e75a32-04cf-5525-80dd-f78021a95a33,http://www.ufcstats.com/event-details/ed069a95aaaf4f56,UFC on FOX: Johnson vs. Reis,2017-04-15,completed,"http://www.ufcstats.com/fight-details/f63961f9d14bc33d, http://www.ufcstats.com/fight-details/e52318719d839d2d, http://www.ufcstats.com/fight-details/0459297e86a14981, http://www.ufcstats.com/fight-details/d764ef3e078c96c8, http://www.ufcstats.com/fight-details/b0552b065ca7f401, http://www.ufcstats.com/fight-details/20be16a1db95156c, http://www.ufcstats.com/fight-details/f24c296256faeff2, http://www.ufcstats.com/fight-details/41cef92a01e7ff3c, http://www.ufcstats.com/fight-details/677e98ae5834ba70, http://www.ufcstats.com/fight-details/4291b38643547fa7, http://www.ufcstats.com/fight-details/0673d8ab0add7a05, http://www.ufcstats.com/fight-details/2a0d4dd0997bd712, http://www.ufcstats.com/fight-details/94ce682e4a3e556a",2026-03-30T11:03:47Z,2026-08-08T18:37:10Z
47b443ab-bc19-5d7a-a55b-cea518b9c731,http://www.ufcstats.com/event-details/bc7f7f0ba3db74d2,UFC Fight Night: Swanson vs. Lobov,2017-04-22,completed,"http://www.ufcstats.com/fight-details/b29ed164b3014a42, http://www.ufcstats.com/fight-details/2310fbcb6fdf3b47, http://www.ufcstats.com/fight-details/53c96668bf850809, http://www.ufcstats.com/fight-details/8b97cd609c7152b7, http://www.ufcstats.com/fight-details/41385f4e63682b5b, http://www.ufcstats.com/fight-details/3905e5dc489811d6, http://www.ufcstats.com/fight-details/2d6182d1d398ed6a, http://www.ufcstats.com/fight-details/319f3fad278368e6, http://www.ufcstats.com/fight-details/cf18911df2052826, http://www.ufcstats.com/fight-details/c0c587cb52de929b, http://www.ufcstats.com/fight-details/f313eae425b7c539, http://www.ufcstats.com/fight-details/7d4e11c2a9485320, http://www.ufcstats.com/fight-details/6ccfbe3a7c5aa55e",2026-03-30T11:03:49Z,2026-08-08T18:37:11Z
b65512c6-b8c2-5c49-83d5-d0401c8c2999,http://www.ufcstats.com/event-details/5df10509264586e5,UFC 211: Miocic vs. Dos Santos,2017-05-13,completed,"http://www.ufcstats.com/fight-details/16a0352f3e19b931, http://www.ufcstats.com/fight-details/0fd8214ac276728e, http://www.ufcstats.com/fight-details/6e3139f066149a81, http://www.ufcstats.com/fight-details/39f746cee66e8771, http://www.ufcstats.com/fight-details/362a5b3cd4a70330, http://www.ufcstats.com/fight-details/6fe9729cee57c680, http://www.ufcstats.com/fight-details/9882c1dac77c0367, http://www.ufcstats.com/fight-details/f26657d5018ee428, http://www.ufcstats.com/fight-details/567cefcaba821205, http://www.ufcstats.com/fight-details/af2ef75664656957, http://www.ufcstats.com/fight-details/7188621a628e718d, http://www.ufcstats.com/fight-details/14dbcdbe8e7251bf",2026-03-30T11:03:49Z,2026-08-08T18:37:13Z
29af1aee-ba4e-50b5-b39c-8a2b73eecd41,http://www.ufcstats.com/event-details/1c7cce2f5c17160d,UFC Fight Night: Gustafsson vs. Teixeira,2017-05-28,completed,"http://www.ufcstats.com/fight-details/923d5041c3b6d763, http://www.ufcstats.com/fight-details/79be3a6d483ad64a, http://www.ufcstats.com/fight-details/8cdc9c13d75adb28, http://www.ufcstats.com/fight-details/78e38f1ad43c3479, http://www.ufcstats.com/fight-details/33913e8e56c49a4c, http://www.ufcstats.com/fight-details/2105210529457ffd, http://www.ufcstats.com/fight-details/9674c37e3a2bc399, http://www.ufcstats.com/fight-details/ac6cb989ccc38f73, http://www.ufcstats.com/fight-details/2c101a0bcf334d31, http://www.ufcstats.com/fight-details/9c3f3bc7f7472e0c, http://www.ufcstats.com/fight-details/1ed9dbbe604654b9, http://www.ufcstats.com/fight-details/b166f1582946fbbc",2026-03-30T11:03:51Z,2026-08-08T18:37:14Z
fe57d997-2b4b-51fa-8576-8c9ceab5b258,http://www.ufcstats.com/event-details/1507214bbc7a79e2,UFC 212: Aldo vs. Holloway,2017-06-03,completed,"http://www.ufcstats.com/fight-details/9ed0c3acc436eb56, http://www.ufcstats.com/fight-details/5bfaa389a67139fd, http://www.ufcstats.com/fight-details/823e9449bd47e408, http://www.ufcstats.com/fight-details/6b581bb1bc9289ef, http://www.ufcstats.com/fight-details/6c9fdcb95393a49c, http://www.ufcstats.com/fight-details/228879162d8be605, http://www.ufcstats.com/fight-details/3ad3acca165a5d90, http://www.ufcstats.com/fight-details/36f0c6d7126e09ee, http://www.ufcstats.com/fight-details/cb2844bb15d22cc6, http://www.ufcstats.com/fight-details/2fd43be584ef522b, http://www.ufcstats.com/fight-details/88e0de323a83f241, http://www.ufcstats.com/fight-details/6486579eee778b4d",2026-03-30T11:03:52Z,2026-08-08T18:37:15Z
dcea7f3d-51f4-5055-b295-2bbb6ad39d8a,http://www.ufcstats.com/event-details/90e7447d8b7f3f35,UFC Fight Night: Lewis vs. Hunt,2017-06-10,completed,"http://www.ufcstats.com/fight-details/cd96998e837b0da1, http://www.ufcstats.com/fight-details/ad772f626b5dd31d, http://www.ufcstats.com/fight-details/dc7ba55ca764cfbe, http://www.ufcstats.com/fight-details/4507354cd97f10e5, http://www.ufcstats.com/fight-details/2dfa31667cee74c3, http://www.ufcstats.com/fight-details/e4db3b1669d498c3, http://www.ufcstats.com/fight-details/165d3a571fcc5e3c, http://www.ufcstats.com/fight-details/288b479c485c48b2, http://www.ufcstats.com/fight-details/11cb7d7d774d5e6a, http://www.ufcstats.com/fight-details/1b1d1900b4051344, http://www.ufcstats.com/fight-details/bd4a648bebaefab3",2026-03-30T11:03:53Z,2026-08-08T18:37:17Z
fa51a6d6-52c8-5938-8f45-6f5ced854e7d,http://www.ufcstats.com/event-details/353de740bb6c7e75,UFC Fight Night: Holm vs. Correia,2017-06-17,completed,"http://www.ufcstats.com/fight-details/0096879f5708526b, http://www.ufcstats.com/fight-details/205ad947e8c94901, http://www.ufcstats.com/fight-details/b6464850da8f3099, http://www.ufcstats.com/fight-details/a69a155a25b84679, http://www.ufcstats.com/fight-details/fc2585e234e49dee, http://www.ufcstats.com/fight-details/9072bf6135cad3e0, http://www.ufcstats.com/fight-details/b66f4fa1b9b96b51, http://www.ufcstats.com/fight-details/a71e4206f87ae74c, http://www.ufcstats.com/fight-details/8984ab656cb1818d, http://www.ufcstats.com/fight-details/361e67af5f462aea, http://www.ufcstats.com/fight-details/e7b5a8c97106ca60, http://www.ufcstats.com/fight-details/7d14f95d03afb359",2026-03-30T11:03:54Z,2026-08-08T18:37:18Z
6d199df2-c963-598e-bd02-61e8bf2294bd,http://www.ufcstats.com/event-details/99bf06f20491cb54,UFC Fight Night: Chiesa vs. Lee,2017-06-25,completed,"http://www.ufcstats.com/fight-details/7013a95ea4014606, http://www.ufcstats.com/fight-details/0ad57af26ddc7930, http://www.ufcstats.com/fight-details/bd59c07a106d331b, http://www.ufcstats.com/fight-details/ae5c7517d9f2516c, http://www.ufcstats.com/fight-details/b53fd8bce62aa1c6, http://www.ufcstats.com/fight-details/3a4d2a933a3c7291, http://www.ufcstats.com/fight-details/9a79a4b97a0f1e24, http://www.ufcstats.com/fight-details/3d1f83264d87c529, http://www.ufcstats.com/fight-details/1bd52b0c01018f4a, http://www.ufcstats.com/fight-details/f7ae397fefa57c70, http://www.ufcstats.com/fight-details/1e75ee0da189857b, http://www.ufcstats.com/fight-details/eafda776967c6444, http://www.ufcstats.com/fight-details/aebdb007f8d1348a",2026-03-30T11:03:56Z,2026-08-08T18:37:20Z
3a945e0a-e2d3-5469-b978-b464365660d5,http://www.ufcstats.com/event-details/23bd78c3f89bdb54,The Ultimate Fighter: Redemption Finale,2017-07-07,completed,"http://www.ufcstats.com/fight-details/0d5356c506111a57, http://www.ufcstats.com/fight-details/5934de85b9c53e7c, http://www.ufcstats.com/fight-details/6f836a82a0530884, http://www.ufcstats.com/fight-details/e97b609eefc5fd61, http://www.ufcstats.com/fight-details/6ec0a046de95fe16, http://www.ufcstats.com/fight-details/3e5a3ecd2b123fc2, http://www.ufcstats.com/fight-details/c94c3e4bbed24421, http://www.ufcstats.com/fight-details/c7c7be3b0d65a7da, http://www.ufcstats.com/fight-details/7f3bd3b913df61f4, http://www.ufcstats.com/fight-details/f0ac3761d3fdda3e, http://www.ufcstats.com/fight-details/88c2da7b33cca8d4",2026-03-30T11:03:57Z,2026-08-08T18:37:21Z
6a3f3a13-bba5-5854-ad40-1e94149d3e3e,http://www.ufcstats.com/event-details/686cccbf1a4de453,UFC 213: Romero vs. Whittaker,2017-07-08,completed,"http://www.ufcstats.com/fight-details/06cd9812e2b9b747, http://www.ufcstats.com/fight-details/b67229e7675eed24, http://www.ufcstats.com/fight-details/cf4c2b601c2228aa, http://www.ufcstats.com/fight-details/1f49b59e4058568f, http://www.ufcstats.com/fight-details/a5a065cb6d33ba9e, http://www.ufcstats.com/fight-details/00b801e7e1679f2f, http://www.ufcstats.com/fight-details/19eed5d9781b47ac, http://www.ufcstats.com/fight-details/323fb015ca2444e3, http://www.ufcstats.com/fight-details/9298175cb2ad7d41, http://www.ufcstats.com/fight-details/1645ed92dcdc5c03, http://www.ufcstats.com/fight-details/e1100fc357e61fba",2026-03-30T11:03:58Z,2026-08-08T18:37:22Z
5746598a-0aee-5a71-aa8b-f751191b1662,http://www.ufcstats.com/event-details/d7907a9a968e4d29,UFC Fight Night: Nelson vs. Ponzinibbio,2017-07-16,completed,"http://www.ufcstats.com/fight-details/8417a20d56fe6776, http://www.ufcstats.com/fight-details/b7f6d05d3afbb266, http://www.ufcstats.com/fight-details/c62a90c19af6a0e2, http://www.ufcstats.com/fight-details/86892d114b204bf3, http://www.ufcstats.com/fight-details/0f8b2f7299b5e114, http://www.ufcstats.com/fight-details/a77950d6a0a451f4, http://www.ufcstats.com/fight-details/1ccde17f48fb709e, http://www.ufcstats.com/fight-details/8fd14eb227688467, http://www.ufcstats.com/fight-details/7e7fba47f511f8ad, http://www.ufcstats.com/fight-details/a0909aab15ba53c5, http://www.ufcstats.com/fight-details/2fef7ac78df0cccc, http://www.ufcstats.com/fight-details/d49d2c810583a56a",2026-03-30T11:03:59Z,2026-08-08T18:37:23Z
cd91e39f-6129-559f-9549-74b1259ddd68,http://www.ufcstats.com/event-details/9f3d6ddef3d3cccc,UFC Fight Night: Weidman vs. Gastelum,2017-07-22,completed,"http://www.ufcstats.com/fight-details/5be97c1fa222093d, http://www.ufcstats.com/fight-details/8028d5de087755dc, http://www.ufcstats.com/fight-details/76d6789779d3721c, http://www.ufcstats.com/fight-details/7c23770c639dcd22, http://www.ufcstats.com/fight-details/657fd7ab7bdf9f15, http://www.ufcstats.com/fight-details/7e2bc09d866b3bd7, http://www.ufcstats.com/fight-details/d0e5487f55c57ad2, http://www.ufcstats.com/fight-details/4f07c6724682cd00, http://www.ufcstats.com/fight-details/bcf842992f9accdc, http://www.ufcstats.com/fight-details/573908b71b361312, http://www.ufcstats.com/fight-details/d83ae4a2e117b775, http://www.ufcstats.com/fight-details/9f114a219523bf7d, http://www.ufcstats.com/fight-details/b2297232b9310ba5",2026-03-30T11:04:01Z,2026-08-08T18:37:24Z
52acd524-4fc3-5715-b6f8-5b5e308aa876,http://www.ufcstats.com/event-details/ff9578cdbfabd323,UFC 214: Cormier vs. Jones 2,2017-07-29,completed,"http://www.ufcstats.com/fight-details/5ab286735ccee803, http://www.ufcstats.com/fight-details/30553d630491094a, http://www.ufcstats.com/fight-details/79817ab0129c5598, http://www.ufcstats.com/fight-details/b8c967c742d3c107, http://www.ufcstats.com/fight-details/49694c2d00c581ed, http://www.ufcstats.com/fight-details/dffad417175400ba, http://www.ufcstats.com/fight-details/ac9e19a4075f6557, http://www.ufcstats.com/fight-details/4924d7a980f4cde2, http://www.ufcstats.com/fight-details/3d95b4f94ccffa96, http://www.ufcstats.com/fight-details/e80a8338d86e730b, http://www.ufcstats.com/fight-details/4f4806952ba2a72c, http://www.ufcstats.com/fight-details/3636e085c098dbda",2026-03-30T11:04:03Z,2026-08-08T18:37:25Z
971a43ff-362c-5885-abf5-d6ce57838718,http://www.ufcstats.com/event-details/f4a031ac205ac580,UFC Fight Night: Pettis vs. Moreno,2017-08-05,completed,"http://www.ufcstats.com/fight-details/253e42894852b26a, http://www.ufcstats.com/fight-details/d5598322f81db6c9, http://www.ufcstats.com/fight-details/cd54325a9a538837, http://www.ufcstats.com/fight-details/2f9b9ef5f6833aa1, http://www.ufcstats.com/fight-details/c8f619a71b714ec7, http://www.ufcstats.com/fight-details/48f7e64b548806cd, http://www.ufcstats.com/fight-details/a3e4322f55454897, http://www.ufcstats.com/fight-details/02732ebb104793d2, http://www.ufcstats.com/fight-details/19348172178f42ed, http://www.ufcstats.com/fight-details/0b89c88d506da083, http://www.ufcstats.com/fight-details/a3723f0f672b0912, http://www.ufcstats.com/fight-details/e02fca0d258283ce",2026-03-30T11:04:03Z,2026-08-08T18:37:26Z
810a6e80-e8cf-5a9b-a28b-2b2d93c9a39d,http://www.ufcstats.com/event-details/a3244e3238541482,UFC Fight Night: Volkov vs. Struve,2017-09-02,completed,"http://www.ufcstats.com/fight-details/cfc550960a7ec353, http://www.ufcstats.com/fight-details/75a978e0ecce2536, http://www.ufcstats.com/fight-details/0ac25b4180406ca1, http://www.ufcstats.com/fight-details/7303ae36077411d9, http://www.ufcstats.com/fight-details/b1f7bc82f7dce1b9, http://www.ufcstats.com/fight-details/b3bf1b6ad2d1a533, http://www.ufcstats.com/fight-details/5afbc04a153d7efd, http://www.ufcstats.com/fight-details/605c2ad801f594b3, http://www.ufcstats.com/fight-details/89f83750703d5fd3, http://www.ufcstats.com/fight-details/ecbc282542a395c2, http://www.ufcstats.com/fight-details/af5f287198f20eb4, http://www.ufcstats.com/fight-details/b7ab4cd6ce7a71dd",2026-03-30T11:04:04Z,2026-08-08T18:37:27Z
cba99cba-4a56-51b1-8541-8b6dd67a27c5,http://www.ufcstats.com/event-details/d86e913c548c07c2,UFC 215: Nunes vs Shevchenko 2,2017-09-09,completed,"http://www.ufcstats.com/fight-details/cb16346d93746ebc, http://www.ufcstats.com/fight-details/b6082b551288aa5a, http://www.ufcstats.com/fight-details/fdde8777c7ae9769, http://www.ufcstats.com/fight-details/6afaf0ca45431a11, http://www.ufcstats.com/fight-details/94c7e64ce88c9b9e, http://www.ufcstats.com/fight-details/92eb0a297c7ea197, http://www.ufcstats.com/fight-details/a773883743242df9, http://www.ufcstats.com/fight-details/f597d2e69ab7c270, http://www.ufcstats.com/fight-details/31c4518a1e71c050, http://www.ufcstats.com/fight-details/7020840980f723b9, http://www.ufcstats.com/fight-details/cce5b9dfe84630fa",2026-03-30T11:04:05Z,2026-08-08T18:37:28Z
28d957f0-c254-5a2e-beff-bf87f6c8641c,http://www.ufcstats.com/event-details/1979c80150f630c4,UFC Fight Night: Rockhold vs. Branch,2017-09-16,completed,"http://www.ufcstats.com/fight-details/24438a644b975751, http://www.ufcstats.com/fight-details/3dd22a9a0ea68cc6, http://www.ufcstats.com/fight-details/ff4cef86bef2d0aa, http://www.ufcstats.com/fight-details/128e818254ebfabe, http://www.ufcstats.com/fight-details/4c1fd940e1619e68, http://www.ufcstats.com/fight-details/7b80dd233e200dd2, http://www.ufcstats.com/fight-details/52e4f12eaeffd142, http://www.ufcstats.com/fight-details/7864fc46de247f58, http://www.ufcstats.com/fight-details/7094c05bf73eee81, http://www.ufcstats.com/fight-details/2ec12d4bbc0752db",2026-03-30T11:04:07Z,2026-08-08T18:37:29Z
1b898663-abc6-523e-8da8-e66e1d39bc77,http://www.ufcstats.com/event-details/9211aae062b799d6,UFC Fight Night: Saint Preux vs. Okami,2017-09-22,completed,"http://www.ufcstats.com/fight-details/d1bee15e60ee6721, http://www.ufcstats.com/fight-details/e8d59c27b467d716, http://www.ufcstats.com/fight-details/ba27835ff05df0c9, http://www.ufcstats.com/fight-details/690ab86bdd94149b, http://www.ufcstats.com/fight-details/6be073563a421bca, http://www.ufcstats.com/fight-details/3b89556b3f177b7b, http://www.ufcstats.com/fight-details/296cc69bcc3c1635, http://www.ufcstats.com/fight-details/37cdf5bd5c975a5d, http://www.ufcstats.com/fight-details/da7afd49fefe6a46, http://www.ufcstats.com/fight-details/e0e4ce7595b5c26a",2026-03-30T11:04:08Z,2026-08-08T18:37:31Z
3511d3a7-8ab5-57d6-b01a-d2a96671336b,http://www.ufcstats.com/event-details/cc5834a495d1ea08,UFC 216: Ferguson vs. Lee,2017-10-07,completed,"http://www.ufcstats.com/fight-details/03aec9073946907f, http://www.ufcstats.com/fight-details/d042d18ad568190a, http://www.ufcstats.com/fight-details/53ee6c3591483193, http://www.ufcstats.com/fight-details/1ff3dff34d0b60b8, http://www.ufcstats.com/fight-details/2fed4f1d91767eb1, http://www.ufcstats.com/fight-details/e08479759c296bb1, http://www.ufcstats.com/fight-details/c46d51fb87a4f485, http://www.ufcstats.com/fight-details/0f826e7bbb73b53f, http://www.ufcstats.com/fight-details/d97970009fbfca30, http://www.ufcstats.com/fight-details/3f5f6c576046bf77, http://www.ufcstats.com/fight-details/2142ff2a46d22741",2026-03-30T11:04:09Z,2026-08-08T18:37:31Z
0a91e660-2bbc-5971-a173-952b7bbad005,http://www.ufcstats.com/event-details/d6b68eaf4b68b160,UFC Fight Night: Cerrone vs. Till,2017-10-21,completed,"http://www.ufcstats.com/fight-details/aa7b1fca60a21f3a, http://www.ufcstats.com/fight-details/d71ad0033de24fff, http://www.ufcstats.com/fight-details/6a315ef5bf22af29, http://www.ufcstats.com/fight-details/fdfc700e56575d67, http://www.ufcstats.com/fight-details/61070325bb440f58, http://www.ufcstats.com/fight-details/4dcd6ff5e32a3779, http://www.ufcstats.com/fight-details/9da4e06a403f0d27, http://www.ufcstats.com/fight-details/06287b822837a616, http://www.ufcstats.com/fight-details/88f36fa2945ccac5, http://www.ufcstats.com/fight-details/f3f252b9810cff0d, http://www.ufcstats.com/fight-details/8b10419db5bffe28",2026-03-30T11:04:10Z,2026-08-08T18:37:33Z
7b8321ae-bea5-5ee1-81b8-e1599f876643,http://www.ufcstats.com/event-details/a7724f51e32e763e,UFC Fight Night: Brunson vs. Machida,2017-10-28,completed,"http://www.ufcstats.com/fight-details/405c0b8d3960016d, http://www.ufcstats.com/fight-details/7a5baef71925258c, http://www.ufcstats.com/fight-details/0b557aeb2169b59f, http://www.ufcstats.com/fight-details/bed03663bc577f02, http://www.ufcstats.com/fight-details/23ea24013d15c09c, http://www.ufcstats.com/fight-details/d4eb3614c7734781, http://www.ufcstats.com/fight-details/4838bf4ca76c1c6b, http://www.ufcstats.com/fight-details/72d703db67371e1d, http://www.ufcstats.com/fight-details/f9e07282f3444d09, http://www.ufcstats.com/fight-details/9dd9affa41eead4c, http://www.ufcstats.com/fight-details/e11e290d816c119b, http://www.ufcstats.com/fight-details/4ffd88b2f00f4250",2026-03-30T11:04:12Z,2026-08-08T18:37:34Z
4babf6e1-f0bc-56c7-ac06-8ad864de2709,http://www.ufcstats.com/event-details/a25b71fe5e31fa97,UFC 217: Bisping vs. St-Pierre,2017-11-04,completed,"http://www.ufcstats.com/fight-details/d361b51952944a26, http://www.ufcstats.com/fight-details/b3a304eadb9f7fb4, http://www.ufcstats.com/fight-details/fc29884851f9cebb, http://www.ufcstats.com/fight-details/80572cac6ab57866, http://www.ufcstats.com/fight-details/0a46cb2887890502, http://www.ufcstats.com/fight-details/13635ba71963ad0c, http://www.ufcstats.com/fight-details/8375f311e8c6c079, http://www.ufcstats.com/fight-details/5cab50839f4a0d94, http://www.ufcstats.com/fight-details/e686df21c24c6c03, http://www.ufcstats.com/fight-details/8c2fb17981464d8c, http://www.ufcstats.com/fight-details/56d8cc470841f454",2026-03-30T11:04:13Z,2026-08-08T18:37:36Z
9c3321ab-93eb-55dc-a0ef-dc85104dd122,http://www.ufcstats.com/event-details/d856a0080ac09ed7,UFC Fight Night: Poirier vs. Pettis,2017-11-11,completed,"http://www.ufcstats.com/fight-details/b55605791a4d72b9, http://www.ufcstats.com/fight-details/b6b5ec324449befd, http://www.ufcstats.com/fight-details/603354ffe9cc0755, http://www.ufcstats.com/fight-details/7ad85c84025c0db0, http://www.ufcstats.com/fight-details/151c597d2e609a4e, http://www.ufcstats.com/fight-details/935f559ab0521c27, http://www.ufcstats.com/fight-details/5519d7fe2cee8353, http://www.ufcstats.com/fight-details/5db3e2fdd18129a4, http://www.ufcstats.com/fight-details/60de5efe5b439c8b, http://www.ufcstats.com/fight-details/7006a98fe9944571, http://www.ufcstats.com/fight-details/d3c78cc516417797, http://www.ufcstats.com/fight-details/78e554aa129711ba, http://www.ufcstats.com/fight-details/4b202bae6c87b98b",2026-03-30T11:04:14Z,2026-08-08T18:37:36Z
228ecedd-8730-5b28-94d4-e55330158701,http://www.ufcstats.com/event-details/caced97768818230,UFC Fight Night: Werdum vs. Tybura,2017-11-18,completed,"http://www.ufcstats.com/fight-details/4b0aa5c67e69ce74, http://www.ufcstats.com/fight-details/2060e8172f820d80, http://www.ufcstats.com/fight-details/5ebe8d3849273776, http://www.ufcstats.com/fight-details/344bfe9c1ff511bb, http://www.ufcstats.com/fight-details/569e2c02f7699c0d, http://www.ufcstats.com/fight-details/097bc98e15722998, http://www.ufcstats.com/fight-details/b90a5b9061ec54a5, http://www.ufcstats.com/fight-details/fd2c018aade60a14, http://www.ufcstats.com/fight-details/6971094300073d47, http://www.ufcstats.com/fight-details/823797bc6d532b52, http://www.ufcstats.com/fight-details/23b6ffc0223f8cce, http://www.ufcstats.com/fight-details/c06eaf92bdfde8e6, http://www.ufcstats.com/fight-details/51ec53f442d2cc9b",2026-03-30T11:04:15Z,2026-08-08T18:37:38Z
0939cbba-169f-5fde-9145-fccc5c7b8296,http://www.ufcstats.com/event-details/e7bc606d269896aa,UFC Fight Night: Bisping vs. Gastelum,2017-11-25,completed,"http://www.ufcstats.com/fight-details/32ad75f6c8ca7e9f, http://www.ufcstats.com/fight-details/52bae6f01ea9f926, http://www.ufcstats.com/fight-details/62eaf9f2436bef25, http://www.ufcstats.com/fight-details/9f428684f3db247f, http://www.ufcstats.com/fight-details/4ba97e13df33388b, http://www.ufcstats.com/fight-details/43ae6a9daa51ed93, http://www.ufcstats.com/fight-details/47628ab025f19796, http://www.ufcstats.com/fight-details/c8609059d2d87724, http://www.ufcstats.com/fight-details/4d5c3ddc740b89ca, http://www.ufcstats.com/fight-details/e5fbb99bc3907516, http://www.ufcstats.com/fight-details/903feee04bc91c59, http://www.ufcstats.com/fight-details/34c39a5a5917e0ec",2026-03-30T11:04:16Z,2026-08-08T18:37:39Z
4d71d544-6f2a-5a58-a097-574787a50e41,http://www.ufcstats.com/event-details/30e8b4505f5ccf92,The Ultimate Fighter: A New World Champion Finale,2017-12-01,completed,"http://www.ufcstats.com/fight-details/2f1f16c86a8cc6e2, http://www.ufcstats.com/fight-details/c11b2cbe2460db0c, http://www.ufcstats.com/fight-details/dd0c8e9880c6fa24, http://www.ufcstats.com/fight-details/52db9c816eb99800, http://www.ufcstats.com/fight-details/c4785ee94698e532, http://www.ufcstats.com/fight-details/37835a0f9bbb4d4e, http://www.ufcstats.com/fight-details/f9830f1c23ac92d0, http://www.ufcstats.com/fight-details/b40bed83fc062380, http://www.ufcstats.com/fight-details/8b79a80f775d9f03, http://www.ufcstats.com/fight-details/f0e0effb1b2de6ae, http://www.ufcstats.com/fight-details/1eccf793b54b84f8",2026-03-30T11:04:18Z,2026-08-08T18:37:41Z
4c47689f-d2b1-549c-af8e-33d356e8bc8a,http://www.ufcstats.com/event-details/9e30f69cc0869301,UFC 218: Holloway vs. Aldo 2,2017-12-02,completed,"http://www.ufcstats.com/fight-details/21f7fc538ea646e8, http://www.ufcstats.com/fight-details/4712708adb1507aa, http://www.ufcstats.com/fight-details/cc2809e10315a6b5, http://www.ufcstats.com/fight-details/23e5acd1549b538a, http://www.ufcstats.com/fight-details/ea674e0285fb77f5, http://www.ufcstats.com/fight-details/c83487136636e9bf, http://www.ufcstats.com/fight-details/54c5284c1b792912, http://www.ufcstats.com/fight-details/676320a61f800f10, http://www.ufcstats.com/fight-details/1a502852b706f674, http://www.ufcstats.com/fight-details/6c25f8fd66f16d7e, http://www.ufcstats.com/fight-details/6aea6d3e6944999c, http://www.ufcstats.com/fight-details/a3b7cbdb6d2607f4, http://www.ufcstats.com/fight-details/40d9b5b47acf260b",2026-03-30T11:04:19Z,2026-08-08T18:37:42Z
aee0dc1b-7e37-5c4d-b226-3ce0cd2828d7,http://www.ufcstats.com/event-details/bcd124bcd3d5be46,UFC Fight Night: Swanson vs. Ortega,2017-12-09,completed,"http://www.ufcstats.com/fight-details/1d166488129030d0, http://www.ufcstats.com/fight-details/0a444f30cae13d8f, http://www.ufcstats.com/fight-details/1aaa1a9ceecd6063, http://www.ufcstats.com/fight-details/6fe21a4cb2d839fd, http://www.ufcstats.com/fight-details/c9e19742c4146bff, http://www.ufcstats.com/fight-details/bc84680df666c96d, http://www.ufcstats.com/fight-details/10a1947cb3feabc1, http://www.ufcstats.com/fight-details/fbce8f52689bce87, http://www.ufcstats.com/fight-details/061081f46950fdb0, http://www.ufcstats.com/fight-details/ab853176cfe20b01, http://www.ufcstats.com/fight-details/1ed266bed8005bbe, http://www.ufcstats.com/fight-details/f9536ea60551b840, http://www.ufcstats.com/fight-details/7a57289563f9d974",2026-03-30T11:04:20Z,2026-08-08T18:37:43Z
fe87365f-d69d-557c-b370-e1fdbf2a34a7,http://www.ufcstats.com/event-details/eaa0a728cc91ef60,UFC Fight Night: Lawler vs. Dos Anjos,2017-12-16,completed,"http://www.ufcstats.com/fight-details/d9375ede2ec2f924, http://www.ufcstats.com/fight-details/6f350d91fb07a819, http://www.ufcstats.com/fight-details/11b8d7e801713abc, http://www.ufcstats.com/fight-details/e83046dd074ec0fa, http://www.ufcstats.com/fight-details/01619207a811ef01, http://www.ufcstats.com/fight-details/535b8e5494cbc580, http://www.ufcstats.com/fight-details/5b8d693bd1780102, http://www.ufcstats.com/fight-details/71dc4379c738450f, http://www.ufcstats.com/fight-details/9a1a57b0abcd4599, http://www.ufcstats.com/fight-details/1e3c67921162561d, http://www.ufcstats.com/fight-details/a6fbd8964400dd89",2026-03-30T11:04:21Z,2026-08-08T18:37:44Z
46b07c9d-26aa-5423-a913-e2967dd14804,http://www.ufcstats.com/event-details/04076783ca83d6ae,UFC 219: Cyborg vs. Holm,2017-12-30,completed,"http://www.ufcstats.com/fight-details/279b4190d9ef1379, http://www.ufcstats.com/fight-details/a88a4c126d585320, http://www.ufcstats.com/fight-details/3d76ed7e224e9c99, http://www.ufcstats.com/fight-details/f77e3c681fe1b04e, http://www.ufcstats.com/fight-details/c381ad2c0bf34dd9, http://www.ufcstats.com/fight-details/e3a2bf2d9ee83318, http://www.ufcstats.com/fight-details/147d2ab0230af48d, http://www.ufcstats.com/fight-details/0be6540982a5b0cd, http://www.ufcstats.com/fight-details/7e9ed49a1831056f, http://www.ufcstats.com/fight-details/8f40ac90544d0003",2026-03-30T11:04:23Z,2026-08-08T18:37:46Z
d6ebc470-8e4a-549c-b05a-98817ea08bab,http://www.ufcstats.com/event-details/fc1868f56d3036eb,UFC Fight Night: Stephens vs. Choi,2018-01-14,completed,"http://www.ufcstats.com/fight-details/51e684bfce8d94aa, http://www.ufcstats.com/fight-details/0820a29a03d58282, http://www.ufcstats.com/fight-details/f767243bb48ab9d7, http://www.ufcstats.com/fight-details/d85c76a61a820be9, http://www.ufcstats.com/fight-details/3b1453df439a5024, http://www.ufcstats.com/fight-details/4843f369dc8b5de5, http://www.ufcstats.com/fight-details/738e0ccad2c9224b, http://www.ufcstats.com/fight-details/1bf1a6fc9c9acc26, http://www.ufcstats.com/fight-details/f8bb0aed83bd8638, http://www.ufcstats.com/fight-details/9f10afab94cafc45, http://www.ufcstats.com/fight-details/c4ecf4b894ccbced",2026-03-30T11:04:24Z,2026-08-08T18:37:47Z
66ce6d40-a564-512e-85ef-25056b64f5e9,http://www.ufcstats.com/event-details/02177caefe7c07d4,UFC 220: Miocic vs. Ngannou,2018-01-20,completed,"http://www.ufcstats.com/fight-details/8238f9d2fd961757, http://www.ufcstats.com/fight-details/9f96d11017f9c824, http://www.ufcstats.com/fight-details/5f617d6c19d3a281, http://www.ufcstats.com/fight-details/5cf56c22cbc24758, http://www.ufcstats.com/fight-details/889207e3c622a5aa, http://www.ufcstats.com/fight-details/ea66be2688f542be, http://www.ufcstats.com/fight-details/f91709b071e8295a, http://www.ufcstats.com/fight-details/0990ac7065412e76, http://www.ufcstats.com/fight-details/50385add37239184, http://www.ufcstats.com/fight-details/1b0fa021b1158121, http://www.ufcstats.com/fight-details/b9726184624ac076",2026-03-30T11:04:25Z,2026-08-08T18:37:48Z
a13d1363-67be-55ef-9586-4cca81b3f15d,http://www.ufcstats.com/event-details/602bb270f2bdbf02,UFC Fight Night: Jacare vs. Brunson 2,2018-01-27,completed,"http://www.ufcstats.com/fight-details/3a94bf34e62ae5fd, http://www.ufcstats.com/fight-details/27901ef9e82d5690, http://www.ufcstats.com/fight-details/d571486369996a39, http://www.ufcstats.com/fight-details/f23e2bed86b62462, http://www.ufcstats.com/fight-details/04a1c5b7993fe4d5, http://www.ufcstats.com/fight-details/b8648b32caf36c5a, http://www.ufcstats.com/fight-details/c5f0c83e303d80bf, http://www.ufcstats.com/fight-details/5a096f2acb44c776, http://www.ufcstats.com/fight-details/6e65bec924996b5a, http://www.ufcstats.com/fight-details/ce4314886c57718b, http://www.ufcstats.com/fight-details/4fcbee643660d679, http://www.ufcstats.com/fight-details/fa7cde1e2d3ae338",2026-03-30T11:04:26Z,2026-08-08T18:37:49Z
87be0a78-6a5a-5b70-add7-eabde9fee4a7,http://www.ufcstats.com/event-details/7cf20446453f852b,UFC Fight Night: Machida vs. Anders,2018-02-03,completed,"http://www.ufcstats.com/fight-details/420dd305cd1d062f, http://www.ufcstats.com/fight-details/10f5bb70feb1df53, http://www.ufcstats.com/fight-details/ee1c1e9037fee21e, http://www.ufcstats.com/fight-details/0da43c3ec0e11650, http://www.ufcstats.com/fight-details/a0ec4eac058e6050, http://www.ufcstats.com/fight-details/bc767f1eb6176dfb, http://www.ufcstats.com/fight-details/eb0f7127f22457e9, http://www.ufcstats.com/fight-details/59b384dcc3ab49b2, http://www.ufcstats.com/fight-details/7bfb92f7ea59dbbd, http://www.ufcstats.com/fight-details/fa77134e0d90da3b, http://www.ufcstats.com/fight-details/1fd5bf36c42ff1a2",2026-03-30T11:04:28Z,2026-08-08T18:37:51Z
098a5092-21c8-5e35-b9f9-a590a69f3f50,http://www.ufcstats.com/event-details/15515e797aedc137,UFC 221: Romero vs. Rockhold,2018-02-10,completed,"http://www.ufcstats.com/fight-details/9444cfe0c7c0f6a7, http://www.ufcstats.com/fight-details/cd67f6ddb2920193, http://www.ufcstats.com/fight-details/3112430100d2d0be, http://www.ufcstats.com/fight-details/0d7dc1ed5eb995e4, http://www.ufcstats.com/fight-details/b6e086dd8093355d, http://www.ufcstats.com/fight-details/6cb9bc7c86ae43b9, http://www.ufcstats.com/fight-details/1cd5d5e271b646a3, http://www.ufcstats.com/fight-details/f3a60ca18747aeac, http://www.ufcstats.com/fight-details/f8fce67abe0ab922, http://www.ufcstats.com/fight-details/e8f2902be7b350ad, http://www.ufcstats.com/fight-details/58286d3126cc5263, http://www.ufcstats.com/fight-details/194d3950076b2f83",2026-03-30T11:04:28Z,2026-08-08T18:37:52Z
0d5b64ad-6ebc-5ac6-8c8d-31a722c8edb6,http://www.ufcstats.com/event-details/d181689653115b6a,UFC Fight Night: Cerrone vs. Medeiros,2018-02-18,completed,"http://www.ufcstats.com/fight-details/8f7a73d05387b159, http://www.ufcstats.com/fight-details/f73dfeb48b09e6a6, http://www.ufcstats.com/fight-details/6ae96d1de3bb0506, http://www.ufcstats.com/fight-details/357a5bc5de4f545d, http://www.ufcstats.com/fight-details/a8d189f56de9b451, http://www.ufcstats.com/fight-details/aeac1209f15157ed, http://www.ufcstats.com/fight-details/07f234a488661125, http://www.ufcstats.com/fight-details/4335683beee93652, http://www.ufcstats.com/fight-details/6f981a44898fb4ff, http://www.ufcstats.com/fight-details/0bfb221a0944f8e0, http://www.ufcstats.com/fight-details/5edd1cd479f3919e, http://www.ufcstats.com/fight-details/d07dd6239afe1cb0",2026-03-30T11:04:30Z,2026-08-08T18:37:53Z
cd31aff9-0327-5a01-a8f7-958b91decea4,http://www.ufcstats.com/event-details/daa89f01e1c0f42a,UFC Fight Night: Emmett vs. Stephens,2018-02-24,completed,"http://www.ufcstats.com/fight-details/519dcb290e6db845, http://www.ufcstats.com/fight-details/4d9d371b8db6fb91, http://www.ufcstats.com/fight-details/9c79433a4686f3fc, http://www.ufcstats.com/fight-details/424a20da52b4f956, http://www.ufcstats.com/fight-details/e22a887ce4ab30eb, http://www.ufcstats.com/fight-details/3cf4582b48302bb6, http://www.ufcstats.com/fight-details/037c68d03c970609, http://www.ufcstats.com/fight-details/093ebd3375591101, http://www.ufcstats.com/fight-details/04970dfa4d531e39, http://www.ufcstats.com/fight-details/bf8f747e57d6d1c7, http://www.ufcstats.com/fight-details/0f2611c3ec4661dd, http://www.ufcstats.com/fight-details/0328754c15ecd37c",2026-03-30T11:04:31Z,2026-08-08T18:37:55Z
763323ac-1f39-5c14-ab3b-1241f07fd08b,http://www.ufcstats.com/event-details/7929be8290289a47,UFC 222: Cyborg vs. Kunitskaya,2018-03-03,completed,"http://www.ufcstats.com/fight-details/4960379abe6ed525, http://www.ufcstats.com/fight-details/2361b51aa72e5551, http://www.ufcstats.com/fight-details/efe055854f19a1d7, http://www.ufcstats.com/fight-details/bfb7d17161aec938, http://www.ufcstats.com/fight-details/1f52e665587dc645, http://www.ufcstats.com/fight-details/ead2ca0d2afb46be, http://www.ufcstats.com/fight-details/9e21a8dea9663e26, http://www.ufcstats.com/fight-details/c73b81e7c1c1cccc, http://www.ufcstats.com/fight-details/6c2f05c47f494e15, http://www.ufcstats.com/fight-details/c6c975ca66a7f91a, http://www.ufcstats.com/fight-details/12a64dfb8147566b, http://www.ufcstats.com/fight-details/84f236d6c57d7cfb",2026-03-30T11:04:33Z,2026-08-08T18:37:56Z
c3cef435-e36d-5957-8484-c2c2c66a808d,http://www.ufcstats.com/event-details/eed2b71d77d95416,UFC Fight Night: Werdum vs. Volkov,2018-03-17,completed,"http://www.ufcstats.com/fight-details/e835e9a4564db497, http://www.ufcstats.com/fight-details/5f19b0135414b454, http://www.ufcstats.com/fight-details/848e7af760788418, http://www.ufcstats.com/fight-details/e84fa12d87993ec5, http://www.ufcstats.com/fight-details/f8ee14dbf966b9e6, http://www.ufcstats.com/fight-details/288c942b0ad152a6, http://www.ufcstats.com/fight-details/0b4583d204797d19, http://www.ufcstats.com/fight-details/714d6fc1eaca9624, http://www.ufcstats.com/fight-details/fe9ee00fa47dd7b3, http://www.ufcstats.com/fight-details/2fd0c6d914b77205",2026-03-30T11:04:34Z,2026-08-08T18:37:57Z
d1237472-d8a6-5f68-b9e3-1526270154bc,http://www.ufcstats.com/event-details/49e7e05f902479ca,UFC 223: Khabib vs. Iaquinta,2018-04-07,completed,"http://www.ufcstats.com/fight-details/eab7b76e177e1903, http://www.ufcstats.com/fight-details/829b3ee4145a1ae6, http://www.ufcstats.com/fight-details/95edc0b6438f2592, http://www.ufcstats.com/fight-details/6c5f7f98ec0b6f17, http://www.ufcstats.com/fight-details/bab65d16fa74fc5b, http://www.ufcstats.com/fight-details/5315bd4542b21c4b, http://www.ufcstats.com/fight-details/8803935990adafc1, http://www.ufcstats.com/fight-details/28f7ba820350e3a3, http://www.ufcstats.com/fight-details/12563423bf15e75d",2026-03-30T11:04:37Z,2026-08-08T18:37:58Z
8b4d657e-b40c-54a9-abb7-1ebcc3acb6e9,http://www.ufcstats.com/event-details/620be7e0712d431b,UFC Fight Night: Poirier vs. Gaethje,2018-04-14,completed,"http://www.ufcstats.com/fight-details/bfae2fb50efbdb0f, http://www.ufcstats.com/fight-details/e18a8b333529cc09, http://www.ufcstats.com/fight-details/b8b9a8e504d51ba5, http://www.ufcstats.com/fight-details/57d05d28e3fbee4f, http://www.ufcstats.com/fight-details/5164f1c4103616fd, http://www.ufcstats.com/fight-details/17c53d93d549cb03, http://www.ufcstats.com/fight-details/15aee8ad5d9e9d58, http://www.ufcstats.com/fight-details/01c9acf719298187, http://www.ufcstats.com/fight-details/59363451049c929d, http://www.ufcstats.com/fight-details/85060e6e71ed14e4, http://www.ufcstats.com/fight-details/418a7100e490e791, http://www.ufcstats.com/fight-details/47fc0736929125bd, http://www.ufcstats.com/fight-details/bd1e01de1f24962b, http://www.ufcstats.com/fight-details/4210f9b11debf1fc",2026-03-30T11:04:37Z,2026-08-08T18:38:00Z
d62acef5-165a-5375-b9b0-66182bb38017,http://www.ufcstats.com/event-details/ad99fa5325519169,UFC Fight Night: Barboza vs. Lee,2018-04-21,completed,"http://www.ufcstats.com/fight-details/dbb0ca0198ac514a, http://www.ufcstats.com/fight-details/6d8ce1abde550bc6, http://www.ufcstats.com/fight-details/bef2a2e68fb4dfa8, http://www.ufcstats.com/fight-details/62aab95c866a9c5b, http://www.ufcstats.com/fight-details/6dd0874dec826397, http://www.ufcstats.com/fight-details/0f88658e787815c8, http://www.ufcstats.com/fight-details/ef86720364837f68, http://www.ufcstats.com/fight-details/a017d5806eaa6018, http://www.ufcstats.com/fight-details/dbed6292db8b0212, http://www.ufcstats.com/fight-details/a22add1024153ddb, http://www.ufcstats.com/fight-details/d2b5ce5548b71668",2026-03-30T11:04:40Z,2026-08-08T18:38:01Z
9f40bd6b-a590-5dce-831d-4e846ace2346,http://www.ufcstats.com/event-details/67ec58d7cf599835,UFC 224: Nunes vs. Pennington,2018-05-12,completed,"http://www.ufcstats.com/fight-details/3454f5c7203467aa, http://www.ufcstats.com/fight-details/d86e31793564cd31, http://www.ufcstats.com/fight-details/7ec70261afdecda8, http://www.ufcstats.com/fight-details/b152646345037056, http://www.ufcstats.com/fight-details/7072a324a82c4297, http://www.ufcstats.com/fight-details/c8fdd3f7178fbfa4, http://www.ufcstats.com/fight-details/3dcb1a7b081afbe1, http://www.ufcstats.com/fight-details/5ea39e0fc3b64e83, http://www.ufcstats.com/fight-details/6b325792b8fb1f46, http://www.ufcstats.com/fight-details/25da6035f591c245, http://www.ufcstats.com/fight-details/014f7dc96c90c199, http://www.ufcstats.com/fight-details/53d6a7634c7fc036, http://www.ufcstats.com/fight-details/5f1a828f8d4c3b01",2026-03-30T11:04:41Z,2026-08-08T18:38:02Z
d8f676ae-6ef1-5a94-963c-55f45c01e34f,http://www.ufcstats.com/event-details/3144121470023e9a,UFC Fight Night: Maia vs. Usman,2018-05-19,completed,"http://www.ufcstats.com/fight-details/47f42aa7cf851a29, http://www.ufcstats.com/fight-details/24f2d2dd9fea5d79, http://www.ufcstats.com/fight-details/1290d7eb0fefd3f3, http://www.ufcstats.com/fight-details/db8887f2085f7971, http://www.ufcstats.com/fight-details/6222cdc86b12d251, http://www.ufcstats.com/fight-details/47c140debc977214, http://www.ufcstats.com/fight-details/df0d4130944776d9, http://www.ufcstats.com/fight-details/49b47b5b5f15c7c0, http://www.ufcstats.com/fight-details/c571ac76ca45c1cb, http://www.ufcstats.com/fight-details/79c22394d9c2144d, http://www.ufcstats.com/fight-details/53febf2fb416f9de, http://www.ufcstats.com/fight-details/e6fdf9e67f84a0e0, http://www.ufcstats.com/fight-details/866b2c2e354aa27b",2026-03-30T11:04:42Z,2026-08-08T18:38:04Z
67767285-e1df-54be-9d18-44015a359427,http://www.ufcstats.com/event-details/f5990c11974d8e9c,UFC Fight Night: Thompson vs. Till,2018-05-27,completed,"http://www.ufcstats.com/fight-details/cd117bfce747184f, http://www.ufcstats.com/fight-details/426ca5caeb857f1e, http://www.ufcstats.com/fight-details/f6efb09c01e4cac6, http://www.ufcstats.com/fight-details/52565f62fb3822db, http://www.ufcstats.com/fight-details/9dcf8ce308eaa050, http://www.ufcstats.com/fight-details/20b5de395c0f1375, http://www.ufcstats.com/fight-details/8b1dc96a00a8e881, http://www.ufcstats.com/fight-details/b3096e8dd4e90718, http://www.ufcstats.com/fight-details/3e9ddcd30fdc5d85, http://www.ufcstats.com/fight-details/326c3eaa1e9e3dc4, http://www.ufcstats.com/fight-details/f71d46f804307bd2",2026-03-30T11:04:44Z,2026-08-08T18:38:05Z
2bc5d8ac-319c-55f5-8762-4596f509e8be,http://www.ufcstats.com/event-details/d29b5c4f22c6357d,UFC Fight Night: Rivera vs. Moraes,2018-06-01,completed,"http://www.ufcstats.com/fight-details/69b147aaaafeb47d, http://www.ufcstats.com/fight-details/921a8db065cd8cc5, http://www.ufcstats.com/fight-details/f43f9861e73739c8, http://www.ufcstats.com/fight-details/b7c7707ccea492c7, http://www.ufcstats.com/fight-details/9cb4196446f3ce79, http://www.ufcstats.com/fight-details/194d73490eb731c6, http://www.ufcstats.com/fight-details/9fb0a4e18ddcd14c, http://www.ufcstats.com/fight-details/a25633b1494f1360, http://www.ufcstats.com/fight-details/026c4a26106cc158, http://www.ufcstats.com/fight-details/19fc916df1f0e6ff, http://www.ufcstats.com/fight-details/4b155647201d549e, http://www.ufcstats.com/fight-details/7969abc596485189",2026-03-30T11:04:45Z,2026-08-08T18:38:06Z
b88449ef-4a6d-5269-bb39-201e92a23ef0,http://www.ufcstats.com/event-details/2eae41f61776c60f,UFC 225: Whittaker vs. Romero 2,2018-06-09,completed,"http://www.ufcstats.com/fight-details/5a09fd7cb3db9705, http://www.ufcstats.com/fight-details/eb6f80ccaf2a3dbc, http://www.ufcstats.com/fight-details/051124b25d576906, http://www.ufcstats.com/fight-details/319b09306094259b, http://www.ufcstats.com/fight-details/64756e0f4b305da8, http://www.ufcstats.com/fight-details/7fd0f7b3866b2c75, http://www.ufcstats.com/fight-details/c3425412e4f2f486, http://www.ufcstats.com/fight-details/32990cbf8976d94b, http://www.ufcstats.com/fight-details/140e810f952714ea, http://www.ufcstats.com/fight-details/8f9b16f170dbdbb6, http://www.ufcstats.com/fight-details/5e2f2f5d9a756de9, http://www.ufcstats.com/fight-details/e82d734674ce4d46, http://www.ufcstats.com/fight-details/d3f5854d16fc31f9",2026-03-30T11:04:46Z,2026-08-08T18:38:08Z
be2c02cd-c0f4-5fc4-8f19-b382cd7d920a,http://www.ufcstats.com/event-details/ac5f67109accb482,UFC Fight Night: Cowboy vs. Edwards,2018-06-23,completed,"http://www.ufcstats.com/fight-details/28c70663b99560a8, http://www.ufcstats.com/fight-details/bb4755924dfafaea, http://www.ufcstats.com/fight-details/2242e7df6f320ea6, http://www.ufcstats.com/fight-details/484c48d3723e72cd, http://www.ufcstats.com/fight-details/8167bd097a16062f, http://www.ufcstats.com/fight-details/c5c5f678558a0ba2, http://www.ufcstats.com/fight-details/bb7408d59b7279f7, http://www.ufcstats.com/fight-details/b125025990755616, http://www.ufcstats.com/fight-details/ab6cd718c5459eeb, http://www.ufcstats.com/fight-details/d80b0bea0e260b95, http://www.ufcstats.com/fight-details/d5176b45df32f67e, http://www.ufcstats.com/fight-details/26582aa0b79d2f20, http://www.ufcstats.com/fight-details/3d12c63c47828937",2026-03-30T11:04:47Z,2026-08-08T18:38:09Z
a737d4df-4676-5ca9-83c5-ed6ed095b82a,http://www.ufcstats.com/event-details/8215e4fe24e8e81b,The Ultimate Fighter: Undefeated Finale,2018-07-06,completed,"http://www.ufcstats.com/fight-details/247f9e56965a1c07, http://www.ufcstats.com/fight-details/1d8e2e8e3bd28cad, http://www.ufcstats.com/fight-details/1901d27ea35ae733, http://www.ufcstats.com/fight-details/674f3fa16e717ff1, http://www.ufcstats.com/fight-details/7c2b219fe208c565, http://www.ufcstats.com/fight-details/760b90b0805e0fbf, http://www.ufcstats.com/fight-details/b3caae587e956f54, http://www.ufcstats.com/fight-details/4caa0dcdaa253612, http://www.ufcstats.com/fight-details/9fc03704a10977b3, http://www.ufcstats.com/fight-details/ca3963b76a38c408, http://www.ufcstats.com/fight-details/4d549f33c0711a7a, http://www.ufcstats.com/fight-details/363b72bf7f75091c",2026-03-30T11:04:49Z,2026-08-08T18:38:10Z
fd22a57d-d7cc-5e8f-be1d-11f02dca99d3,http://www.ufcstats.com/event-details/35585d970300d45a,UFC 226: Miocic vs. Cormier,2018-07-07,completed,"http://www.ufcstats.com/fight-details/fccedc456048216b, http://www.ufcstats.com/fight-details/9bd9a8127b55fbf7, http://www.ufcstats.com/fight-details/7a3947a0e7bc3558, http://www.ufcstats.com/fight-details/d3f26e0fbf694375, http://www.ufcstats.com/fight-details/55bd050afe169b34, http://www.ufcstats.com/fight-details/c9e4aa12aaa7309e, http://www.ufcstats.com/fight-details/148c26038e80465b, http://www.ufcstats.com/fight-details/2817a6f9e09eb15f, http://www.ufcstats.com/fight-details/9589b41c4637b057, http://www.ufcstats.com/fight-details/bd97a96ac8203457, http://www.ufcstats.com/fight-details/c931097a857ed60c",2026-03-30T11:04:50Z,2026-08-08T18:38:12Z
e24cf143-42e0-5931-91d3-5400f9d42780,http://www.ufcstats.com/event-details/b45d6b73f4ca4467,UFC Fight Night: Dos Santos vs. Ivanov,2018-07-14,completed,"http://www.ufcstats.com/fight-details/35ebaf80f8730b14, http://www.ufcstats.com/fight-details/543de77637ad2a20, http://www.ufcstats.com/fight-details/786296db3c4749f1, http://www.ufcstats.com/fight-details/a3dd2249d046cf9d, http://www.ufcstats.com/fight-details/c3939438ae7934df, http://www.ufcstats.com/fight-details/691c0d2f30e4de5a, http://www.ufcstats.com/fight-details/b25eacaca1499e30, http://www.ufcstats.com/fight-details/67018331e90a9949, http://www.ufcstats.com/fight-details/48d21357134ca51a, http://www.ufcstats.com/fight-details/66ba984cc547e31a, http://www.ufcstats.com/fight-details/cda0d9b5ce9b9c12, http://www.ufcstats.com/fight-details/c1677875a80c2584, http://www.ufcstats.com/fight-details/7fe2b6a9fc4748fa",2026-03-30T11:04:51Z,2026-08-08T18:38:13Z
4dd103e3-2a6c-54a5-8cae-833fda4c8625,http://www.ufcstats.com/event-details/4f732e58ed907eff,UFC Fight Night: Shogun vs. Smith,2018-07-22,completed,"http://www.ufcstats.com/fight-details/62389e8fb68f93a4, http://www.ufcstats.com/fight-details/e0e19f79019d63d2, http://www.ufcstats.com/fight-details/20bbf7e139c73e8d, http://www.ufcstats.com/fight-details/8784ae31153178cd, http://www.ufcstats.com/fight-details/23e03d226eb7af80, http://www.ufcstats.com/fight-details/4f16ef3e707447a0, http://www.ufcstats.com/fight-details/3ce7f58911773a56, http://www.ufcstats.com/fight-details/e8190df7465ba2df, http://www.ufcstats.com/fight-details/b71192c8fe23078c, http://www.ufcstats.com/fight-details/afb0d61f22e85d90, http://www.ufcstats.com/fight-details/110a49a43aafe044, http://www.ufcstats.com/fight-details/981ed463bf5d91a8, http://www.ufcstats.com/fight-details/43af04881587abbc",2026-03-30T11:04:52Z,2026-08-08T18:38:14Z
90f7ac51-b105-5510-b756-1c5f2f133d31,http://www.ufcstats.com/event-details/322a56923b396b4d,UFC Fight Night: Alvarez vs. Poirier 2,2018-07-28,completed,"http://www.ufcstats.com/fight-details/bd1fc4ff619f4e61, http://www.ufcstats.com/fight-details/6b47093b62155478, http://www.ufcstats.com/fight-details/0b2ae6c368369d1b, http://www.ufcstats.com/fight-details/ef2c7bfced561374, http://www.ufcstats.com/fight-details/77be83973766e104, http://www.ufcstats.com/fight-details/11c851a73ffb55ba, http://www.ufcstats.com/fight-details/e54c16d867875738, http://www.ufcstats.com/fight-details/95f37dc43e808ebf, http://www.ufcstats.com/fight-details/3249bbbb7ce837ef, http://www.ufcstats.com/fight-details/c4253cb471013765, http://www.ufcstats.com/fight-details/09ab925c4cfe0cc5, http://www.ufcstats.com/fight-details/d441715577c5934c, http://www.ufcstats.com/fight-details/62f564662f33692d",2026-03-30T11:04:54Z,2026-08-08T18:38:16Z
2ab0db41-b4f7-5381-83e9-8feaaa5ea18e,http://www.ufcstats.com/event-details/03b1e846b09f721d,UFC 227: Dillashaw vs. Garbrandt 2,2018-08-04,completed,"http://www.ufcstats.com/fight-details/de32c5a78aaf89e9, http://www.ufcstats.com/fight-details/f2ca358ea9bec156, http://www.ufcstats.com/fight-details/520f6379fefd8fda, http://www.ufcstats.com/fight-details/d2f6b87189908088, http://www.ufcstats.com/fight-details/3b03f8d3a55f3cb2, http://www.ufcstats.com/fight-details/c8a9d3917d77ede2, http://www.ufcstats.com/fight-details/e57a78a422439774, http://www.ufcstats.com/fight-details/65223fa6055df489, http://www.ufcstats.com/fight-details/e85e83ab4e60e768, http://www.ufcstats.com/fight-details/866729ea2ceddb25, http://www.ufcstats.com/fight-details/5d8a1daadda47ace, http://www.ufcstats.com/fight-details/8e971c1ec4b981cc",2026-03-30T11:04:54Z,2026-08-08T18:38:17Z
4a5f2bfd-ca91-5178-bd7b-07cabc93d6a2,http://www.ufcstats.com/event-details/c0342805a1948cbb,UFC Fight Night: Gaethje vs. Vick,2018-08-25,completed,"http://www.ufcstats.com/fight-details/d6f6ac29008509db, http://www.ufcstats.com/fight-details/48a9d2a3967d13a4, http://www.ufcstats.com/fight-details/f20e742e6b0c0b3b, http://www.ufcstats.com/fight-details/aa91cb7567d6c48a, http://www.ufcstats.com/fight-details/7fe1486a2c33bf91, http://www.ufcstats.com/fight-details/3b701c0a0525341b, http://www.ufcstats.com/fight-details/62fecd327391557e, http://www.ufcstats.com/fight-details/3e0090669d51415f, http://www.ufcstats.com/fight-details/5e3779f7c1c39679, http://www.ufcstats.com/fight-details/67e1ec8ee2db3423, http://www.ufcstats.com/fight-details/9115354413739aa8, http://www.ufcstats.com/fight-details/047d6739aa1d5c1e, http://www.ufcstats.com/fight-details/5362ea7c63432cf9",2026-03-30T11:04:56Z,2026-08-08T18:38:18Z
f6bade21-dc81-5637-a62a-321f0a7ab900,http://www.ufcstats.com/event-details/d5ae8074631762fc,UFC 228: Woodley vs. Till,2018-09-08,completed,"http://www.ufcstats.com/fight-details/b66ac52bfb217761, http://www.ufcstats.com/fight-details/dbf786f9808c6a08, http://www.ufcstats.com/fight-details/b2625001e0b89369, http://www.ufcstats.com/fight-details/82342dc6be82778b, http://www.ufcstats.com/fight-details/f3bebb48771a414a, http://www.ufcstats.com/fight-details/fd61e6146f3b2942, http://www.ufcstats.com/fight-details/e65ffb177a2c7669, http://www.ufcstats.com/fight-details/6caf9ebf42ddae2e, http://www.ufcstats.com/fight-details/7658965c2a700b39, http://www.ufcstats.com/fight-details/294a9e9780afa789, http://www.ufcstats.com/fight-details/e40a5bd62ce710ac, http://www.ufcstats.com/fight-details/a65909d4083c2088, http://www.ufcstats.com/fight-details/9399c772adc7bcab",2026-03-30T11:04:57Z,2026-08-08T18:38:19Z
ad52fb0f-8435-57d9-8e10-6bf1b5841e4c,http://www.ufcstats.com/event-details/8d49545dadf9b919,UFC Fight Night: Hunt vs. Oleinik,2018-09-15,completed,"http://www.ufcstats.com/fight-details/eebb4dde70a67369, http://www.ufcstats.com/fight-details/880f2bb0a639a5a0, http://www.ufcstats.com/fight-details/a7e8416f0d57c8e0, http://www.ufcstats.com/fight-details/dd0a3aedba5cee87, http://www.ufcstats.com/fight-details/d40f865aa6be9cd0, http://www.ufcstats.com/fight-details/c76fd2ddcbc4713d, http://www.ufcstats.com/fight-details/ba33d0868b25483b, http://www.ufcstats.com/fight-details/f56c6646b54c0662, http://www.ufcstats.com/fight-details/1687e2cd061b7aec, http://www.ufcstats.com/fight-details/ed72edc2ce0f3c5f, http://www.ufcstats.com/fight-details/67f559403a6ec7cb, http://www.ufcstats.com/fight-details/6455d9c54d99b851",2026-03-30T11:04:58Z,2026-08-08T18:38:20Z
8f8958bc-867f-5fc3-b02b-24b399b8f78f,http://www.ufcstats.com/event-details/852454c572675334,UFC Fight Night: Marreta vs. Anders,2018-09-22,completed,"http://www.ufcstats.com/fight-details/7cdda45e7d52bf40, http://www.ufcstats.com/fight-details/a409a5381f082e8f, http://www.ufcstats.com/fight-details/1669773acd404217, http://www.ufcstats.com/fight-details/f4187c30c311eb93, http://www.ufcstats.com/fight-details/a7492cbfb9b5d4a3, http://www.ufcstats.com/fight-details/ba766bd03090dab9, http://www.ufcstats.com/fight-details/3d9398386c84109b, http://www.ufcstats.com/fight-details/30eaf1650bc359b3, http://www.ufcstats.com/fight-details/d7c7b312279104d2, http://www.ufcstats.com/fight-details/b509c337d181c567, http://www.ufcstats.com/fight-details/0c618cd41b88c558, http://www.ufcstats.com/fight-details/c5479f20e4db357d, http://www.ufcstats.com/fight-details/1c6d3ef6beb9966e, http://www.ufcstats.com/fight-details/37ff18106c6e38fc",2026-03-30T11:05:00Z,2026-08-08T18:38:21Z
c3e836b5-a398-5042-aced-366dd6128c00,http://www.ufcstats.com/event-details/1ef0eae31904e534,UFC 229: Khabib vs. McGregor,2018-10-06,completed,"http://www.ufcstats.com/fight-details/3eea92e7f26fb05b, http://www.ufcstats.com/fight-details/8f6dda53ea3b09c7, http://www.ufcstats.com/fight-details/3c5442bb62ca1505, http://www.ufcstats.com/fight-details/397ace87deeb8697, http://www.ufcstats.com/fight-details/adee1fc200ed1a12, http://www.ufcstats.com/fight-details/8f5482992dad74d2, http://www.ufcstats.com/fight-details/48ea8a30f7b88cfc, http://www.ufcstats.com/fight-details/e2e524bb5392a3ea, http://www.ufcstats.com/fight-details/c835ccffa472970e, http://www.ufcstats.com/fight-details/21be9181725ab599, http://www.ufcstats.com/fight-details/9bc042a700d9a531, http://www.ufcstats.com/fight-details/68ba4aca75b02496",2026-03-30T11:05:01Z,2026-08-08T18:38:22Z
7622d06a-57c5-5aa2-bb8b-10e0c3e8dd49,http://www.ufcstats.com/event-details/33a331684283900f,UFC Fight Night: Oezdemir vs. Smith,2018-10-27,completed,"http://www.ufcstats.com/fight-details/96b59d89ecac66d0, http://www.ufcstats.com/fight-details/e202f273220aa533, http://www.ufcstats.com/fight-details/a9a770bac1261af9, http://www.ufcstats.com/fight-details/e1eeb61d0669ce45, http://www.ufcstats.com/fight-details/53d6e37063f9c404, http://www.ufcstats.com/fight-details/8a08b8043f83d245, http://www.ufcstats.com/fight-details/6fd7f6f1deaef4e8, http://www.ufcstats.com/fight-details/3d7ea6012fd8f786, http://www.ufcstats.com/fight-details/bd0622b184ab4f28, http://www.ufcstats.com/fight-details/8dcfa933877e3a0b, http://www.ufcstats.com/fight-details/9d204f44a9988b93, http://www.ufcstats.com/fight-details/4f42acd810ed5173, http://www.ufcstats.com/fight-details/53bb7c4a606d60c0",2026-03-30T11:05:03Z,2026-08-08T18:38:23Z
5c049cad-ba26-5589-a463-3f1ff154f810,http://www.ufcstats.com/event-details/20821819c401ced8,UFC 230: Cormier vs. Lewis,2018-11-03,completed,"http://www.ufcstats.com/fight-details/e9700d51ec2b940b, http://www.ufcstats.com/fight-details/c037cdc1de53de8e, http://www.ufcstats.com/fight-details/b4ec3e067604f90a, http://www.ufcstats.com/fight-details/7aede55e4e47c698, http://www.ufcstats.com/fight-details/e4e1d12441b90866, http://www.ufcstats.com/fight-details/78bb2b441917848c, http://www.ufcstats.com/fight-details/752f19e9c201ea57, http://www.ufcstats.com/fight-details/41be95916aef568f, http://www.ufcstats.com/fight-details/b8b2cdf962cc65a0, http://www.ufcstats.com/fight-details/df9aa51f6ccdfe02, http://www.ufcstats.com/fight-details/3729ff914eaede07, http://www.ufcstats.com/fight-details/33116969380185a9",2026-03-30T11:05:04Z,2026-08-08T18:38:24Z
1092baa2-9030-5114-9d9f-0987cc993f6b,http://www.ufcstats.com/event-details/42c96a9c4802e2e1,UFC Fight Night: Korean Zombie vs. Rodriguez,2018-11-10,completed,"http://www.ufcstats.com/fight-details/0ccd16201ac41ef8, http://www.ufcstats.com/fight-details/46cfd4aaa02ce202, http://www.ufcstats.com/fight-details/0a667143584a2d96, http://www.ufcstats.com/fight-details/14cf0828d6e373ab, http://www.ufcstats.com/fight-details/17f69a241aa952fd, http://www.ufcstats.com/fight-details/2c84f2cb1bb23ab8, http://www.ufcstats.com/fight-details/bd5efa4b53dc1642, http://www.ufcstats.com/fight-details/04d37c1c206c0efd, http://www.ufcstats.com/fight-details/933cf2674503c63d, http://www.ufcstats.com/fight-details/79fb77a0b0294aec, http://www.ufcstats.com/fight-details/3210723fbb018fa7, http://www.ufcstats.com/fight-details/38abefbf24624a35",2026-03-30T11:05:06Z,2026-08-08T18:38:25Z
da234dac-de8a-5eda-96ad-b5ab947d1a4d,http://www.ufcstats.com/event-details/aa3153a9941b4d44,UFC Fight Night: Magny vs. Ponzinibbio,2018-11-17,completed,"http://www.ufcstats.com/fight-details/7e695ad026b2ec66, http://www.ufcstats.com/fight-details/f9ab603b763998f7, http://www.ufcstats.com/fight-details/51ce499611a5df68, http://www.ufcstats.com/fight-details/3bde8910fabf0dd3, http://www.ufcstats.com/fight-details/b9a3b520e68f8142, http://www.ufcstats.com/fight-details/99bfad1679112591, http://www.ufcstats.com/fight-details/410aca28fda60f76, http://www.ufcstats.com/fight-details/961f434fe238f40e, http://www.ufcstats.com/fight-details/85f85003fadf7a7b, http://www.ufcstats.com/fight-details/629c0eb319e01374, http://www.ufcstats.com/fight-details/9cd172df74575fd4, http://www.ufcstats.com/fight-details/c7bc8750e9503805",2026-03-30T11:05:08Z,2026-08-08T18:38:26Z
76e7c025-c8b3-5479-8a3c-9c0444804fae,http://www.ufcstats.com/event-details/de25520d54eab12d,UFC Fight Night: Blaydes vs. Ngannou 2,2018-11-24,completed,"http://www.ufcstats.com/fight-details/12e12307414dafc6, http://www.ufcstats.com/fight-details/1c43b38c1f4bdbe2, http://www.ufcstats.com/fight-details/d755a29a49c9ee09, http://www.ufcstats.com/fight-details/21992c366d3b4602, http://www.ufcstats.com/fight-details/9e1853861f58191f, http://www.ufcstats.com/fight-details/d1a93a55c8063ff3, http://www.ufcstats.com/fight-details/438fbdd4cf27e324, http://www.ufcstats.com/fight-details/a932059e61f4c25e, http://www.ufcstats.com/fight-details/43af7c5772e8198f, http://www.ufcstats.com/fight-details/e8093d77f566fe51, http://www.ufcstats.com/fight-details/02731f017c838ad4, http://www.ufcstats.com/fight-details/8c109a0c53ed9618",2026-03-30T11:05:09Z,2026-08-08T18:38:27Z
b37ca169-3adf-5a32-92f8-f5aaca54c479,http://www.ufcstats.com/event-details/c7ac79839e86ce33,The Ultimate Fighter: Heavy Hitters Finale,2018-11-30,completed,"http://www.ufcstats.com/fight-details/0d077813b6164fe1, http://www.ufcstats.com/fight-details/cc73c73e6e3412d4, http://www.ufcstats.com/fight-details/d99b2abf50e9a03e, http://www.ufcstats.com/fight-details/aa7d691fc6385acb, http://www.ufcstats.com/fight-details/5b2835ac76f05993, http://www.ufcstats.com/fight-details/c2fd3d874f558408, http://www.ufcstats.com/fight-details/4e6bbc5832e55f64, http://www.ufcstats.com/fight-details/1785c7fb722d3007, http://www.ufcstats.com/fight-details/86046081e767437e, http://www.ufcstats.com/fight-details/6abf4f61a1e11d34, http://www.ufcstats.com/fight-details/d2ef04d5f384c05a, http://www.ufcstats.com/fight-details/c7df07266a9597d9, http://www.ufcstats.com/fight-details/e3f31cdd33b4ca92",2026-03-30T11:05:10Z,2026-08-08T18:38:29Z
c9de3861-ae87-5c97-b275-1628fa99a47d,http://www.ufcstats.com/event-details/d1d20e651e6cbc02,UFC Fight Night: Dos Santos vs. Tuivasa,2018-12-01,completed,"http://www.ufcstats.com/fight-details/b6bd31215bd7ec1f, http://www.ufcstats.com/fight-details/20063242f6e40d31, http://www.ufcstats.com/fight-details/70feb2bfc12b97d4, http://www.ufcstats.com/fight-details/60cc0ac9ace28324, http://www.ufcstats.com/fight-details/0ac4f0c1b4d021f6, http://www.ufcstats.com/fight-details/29f40d82bd128c65, http://www.ufcstats.com/fight-details/73a299d44d2ef5cd, http://www.ufcstats.com/fight-details/fa9ec0b8c4b3a84a, http://www.ufcstats.com/fight-details/94dcbc64641cbb6e, http://www.ufcstats.com/fight-details/c65f4b4c0338d0c1, http://www.ufcstats.com/fight-details/69279781a89c893e, http://www.ufcstats.com/fight-details/44c60f91b4f7b23d",2026-03-30T11:05:12Z,2026-08-08T18:38:30Z
ed5c3e08-8771-5ed6-947f-aa2e498debda,http://www.ufcstats.com/event-details/2a74bbba57058f12,UFC 231: Holloway vs. Ortega,2018-12-08,completed,"http://www.ufcstats.com/fight-details/4e55251b7a0df0c2, http://www.ufcstats.com/fight-details/48a2a476d3b59866, http://www.ufcstats.com/fight-details/3a42dd84680f444b, http://www.ufcstats.com/fight-details/e0e22d7bc5a293e8, http://www.ufcstats.com/fight-details/37a7dc68f3a0e65d, http://www.ufcstats.com/fight-details/d5577e3272ef3032, http://www.ufcstats.com/fight-details/1fa8537d3992a09a, http://www.ufcstats.com/fight-details/00b1e95f6aea7027, http://www.ufcstats.com/fight-details/7d679c16024f6f38, http://www.ufcstats.com/fight-details/41feee2c08af2235, http://www.ufcstats.com/fight-details/e909e34cdee01831, http://www.ufcstats.com/fight-details/fdc97f9b88bdef7d, http://www.ufcstats.com/fight-details/19d1ae54681bc722",2026-03-30T11:05:12Z,2026-08-08T18:38:31Z
784a0bae-dfa5-53e6-a651-d2ff576c4bc7,http://www.ufcstats.com/event-details/7a703c565ccaa18f,UFC Fight Night: Lee vs. Iaquinta,2018-12-15,completed,"http://www.ufcstats.com/fight-details/b9c82dfde8b66e37, http://www.ufcstats.com/fight-details/920b6f739a36e721, http://www.ufcstats.com/fight-details/4da4c5ef6a4ffc5b, http://www.ufcstats.com/fight-details/f3e289f1423c0e6f, http://www.ufcstats.com/fight-details/c0ab927864bb6e98, http://www.ufcstats.com/fight-details/b69d3d55c84f5dd6, http://www.ufcstats.com/fight-details/92fd2127f46b0cb7, http://www.ufcstats.com/fight-details/986f0b480389ad25, http://www.ufcstats.com/fight-details/bf41783b9446891e, http://www.ufcstats.com/fight-details/1b6e5363eb81c409, http://www.ufcstats.com/fight-details/05f1e8ff81dbe05b, http://www.ufcstats.com/fight-details/c4f443509308dec6",2026-03-30T11:05:13Z,2026-08-08T18:38:33Z
cc9ae05f-bf71-5d0d-9e2c-046566cc184c,http://www.ufcstats.com/event-details/c046100aea0dba9a,UFC 232: Jones vs. Gustafsson 2,2018-12-29,completed,"http://www.ufcstats.com/fight-details/ceaae1db8ccde29c, http://www.ufcstats.com/fight-details/3278e45b30f7dd33, http://www.ufcstats.com/fight-details/1ca41d3b11d88b36, http://www.ufcstats.com/fight-details/9ee818e10dcf3b45, http://www.ufcstats.com/fight-details/a5ea53104392fa9f, http://www.ufcstats.com/fight-details/819af4bbad55324d, http://www.ufcstats.com/fight-details/b0e16dd491bc4fea, http://www.ufcstats.com/fight-details/498e7b0800af226c, http://www.ufcstats.com/fight-details/bd7a8c6c74655afc, http://www.ufcstats.com/fight-details/61bf6748cf85eb84, http://www.ufcstats.com/fight-details/4de25b19c4dedb14, http://www.ufcstats.com/fight-details/3f5a623cf360c494, http://www.ufcstats.com/fight-details/8ce926b4d38a55a0",2026-03-30T11:05:15Z,2026-08-08T18:38:34Z
3b96025e-eff9-577a-87ae-5a4999c6141b,http://www.ufcstats.com/event-details/d4da8995fc91e7ef,UFC Fight Night: Cejudo vs. Dillashaw,2019-01-19,completed,"http://www.ufcstats.com/fight-details/85511ab7fd9ed061, http://www.ufcstats.com/fight-details/8da2c348ba6001a0, http://www.ufcstats.com/fight-details/0261adcfc6e49150, http://www.ufcstats.com/fight-details/4738cd4cd8d33eeb, http://www.ufcstats.com/fight-details/7ddd21d48e3b34b9, http://www.ufcstats.com/fight-details/5d1f24e034772338, http://www.ufcstats.com/fight-details/3dd0951b8855137d, http://www.ufcstats.com/fight-details/77c6a6f33289b872, http://www.ufcstats.com/fight-details/8a9c8f1d53d8c664, http://www.ufcstats.com/fight-details/efbab76bedbfb65d, http://www.ufcstats.com/fight-details/2ea1f463620bcd3d, http://www.ufcstats.com/fight-details/2cc1fe3570999428, http://www.ufcstats.com/fight-details/e76227f395b94e47",2026-03-30T11:05:16Z,2026-08-08T18:38:35Z
b0d35f60-aee5-5ba4-a53b-aadd57d96bce,http://www.ufcstats.com/event-details/84283233ec42be5f,UFC Fight Night: Assuncao vs. Moraes 2,2019-02-02,completed,"http://www.ufcstats.com/fight-details/4e8b2357fea211e9, http://www.ufcstats.com/fight-details/300f1489174a3ece, http://www.ufcstats.com/fight-details/ce246b336b6bd638, http://www.ufcstats.com/fight-details/85036b967403cdab, http://www.ufcstats.com/fight-details/44cfd4330eb6e2bf, http://www.ufcstats.com/fight-details/53abea410a0541c8, http://www.ufcstats.com/fight-details/ebb685a81f65ce1b, http://www.ufcstats.com/fight-details/904e0e46392dff93, http://www.ufcstats.com/fight-details/59097097bc09cdef, http://www.ufcstats.com/fight-details/491b7d974254596d, http://www.ufcstats.com/fight-details/818456a713fdabe6, http://www.ufcstats.com/fight-details/9192053a3884aadf, http://www.ufcstats.com/fight-details/8f8a6c578308d014",2026-03-30T11:05:17Z,2026-08-08T18:38:36Z
8a22a185-367f-5537-8d04-f80711717a79,http://www.ufcstats.com/event-details/b5882371e2a3900d,UFC 234: Adesanya vs. Silva,2019-02-09,completed,"http://www.ufcstats.com/fight-details/4eb91cfc892a108e, http://www.ufcstats.com/fight-details/aa71cf96ba4e5a36, http://www.ufcstats.com/fight-details/069e3e704cbf6337, http://www.ufcstats.com/fight-details/fd1854062406d287, http://www.ufcstats.com/fight-details/e4862c4f20117cb8, http://www.ufcstats.com/fight-details/5ff8463edf8155c0, http://www.ufcstats.com/fight-details/49f7186e1e3cf6c8, http://www.ufcstats.com/fight-details/51db35a3cf225bda, http://www.ufcstats.com/fight-details/b247a1900cfae052, http://www.ufcstats.com/fight-details/11c0ef97497303ef, http://www.ufcstats.com/fight-details/8e43d61ca6f2d904",2026-03-30T11:05:18Z,2026-08-08T18:38:38Z
59824d37-566a-5e4e-a04c-da415edfea8c,http://www.ufcstats.com/event-details/a7a79b8efbceaaac,UFC Fight Night: Ngannou vs. Velasquez,2019-02-17,completed,"http://www.ufcstats.com/fight-details/01983cba42704c49, http://www.ufcstats.com/fight-details/a212e4c197983ad1, http://www.ufcstats.com/fight-details/354425c41008a01f, http://www.ufcstats.com/fight-details/c8bc7e668ffffc7c, http://www.ufcstats.com/fight-details/1521f94cafdfd783, http://www.ufcstats.com/fight-details/0a4247ba4ae1cca5, http://www.ufcstats.com/fight-details/58e21d505c082a9e, http://www.ufcstats.com/fight-details/0d698108c5f5d1d6, http://www.ufcstats.com/fight-details/bdeca00572419011, http://www.ufcstats.com/fight-details/f96f719ad667dd96, http://www.ufcstats.com/fight-details/7fec3b1ec923ad24, http://www.ufcstats.com/fight-details/a9184def876faec6",2026-03-30T11:05:19Z,2026-08-08T18:38:38Z
174b8a8d-4dae-5772-a0c8-bf3d52ffe513,http://www.ufcstats.com/event-details/6546af7ab545b90c,UFC Fight Night: Blachowicz vs. Santos,2019-02-23,completed,"http://www.ufcstats.com/fight-details/cb010b41cd20a1ed, http://www.ufcstats.com/fight-details/4de28817db9fc9d8, http://www.ufcstats.com/fight-details/34c649f3f43a919b, http://www.ufcstats.com/fight-details/1db00b3e736c22bf, http://www.ufcstats.com/fight-details/244aa8f002274344, http://www.ufcstats.com/fight-details/14c505d7ad55883c, http://www.ufcstats.com/fight-details/fd438db3e60f062a, http://www.ufcstats.com/fight-details/c827f5212a34bf2e, http://www.ufcstats.com/fight-details/4e22e3cdb8757be1, http://www.ufcstats.com/fight-details/18d6df67968bf06b, http://www.ufcstats.com/fight-details/c77486266b05f934, http://www.ufcstats.com/fight-details/9af62d6e404c1002, http://www.ufcstats.com/fight-details/e4b13f7f43018ec0",2026-03-30T11:05:20Z,2026-08-08T18:38:40Z
09f96ff0-2203-57a4-b6ec-7157e8aeadf3,http://www.ufcstats.com/event-details/2d5fbe2103f97053,UFC 235: Jones vs. Smith,2019-03-02,completed,"http://www.ufcstats.com/fight-details/5b9f545890407976, http://www.ufcstats.com/fight-details/851645c373f50e16, http://www.ufcstats.com/fight-details/97dabff880f33202, http://www.ufcstats.com/fight-details/ec149b086b0e7fac, http://www.ufcstats.com/fight-details/39fa341fb9161d6f, http://www.ufcstats.com/fight-details/bac3ac8d7330d05d, http://www.ufcstats.com/fight-details/7adaf85915993137, http://www.ufcstats.com/fight-details/3744d4cdaa6b242b, http://www.ufcstats.com/fight-details/e3826e06d68ed4af, http://www.ufcstats.com/fight-details/7a26c9407ef64e10, http://www.ufcstats.com/fight-details/8adc6266a7c2fd40, http://www.ufcstats.com/fight-details/0405e4446e8f239a",2026-03-30T11:05:22Z,2026-08-08T18:38:41Z
4c7df6f6-6163-5159-a007-69521a41ebf3,http://www.ufcstats.com/event-details/e96d8538d3f9d0ed,UFC Fight Night: Lewis vs. Dos Santos,2019-03-09,completed,"http://www.ufcstats.com/fight-details/1b1792afe4457e83, http://www.ufcstats.com/fight-details/710c7f8c7dc2af46, http://www.ufcstats.com/fight-details/aeb0322f619213b1, http://www.ufcstats.com/fight-details/4b1606ab1893c242, http://www.ufcstats.com/fight-details/9cfad21ef1911728, http://www.ufcstats.com/fight-details/aaad7e29825b3264, http://www.ufcstats.com/fight-details/51808d929c84b8ae, http://www.ufcstats.com/fight-details/fb34734f84d0a14d, http://www.ufcstats.com/fight-details/ddcfa590f4644240, http://www.ufcstats.com/fight-details/b776b08e2cc6aa0c, http://www.ufcstats.com/fight-details/858696528ab7035a, http://www.ufcstats.com/fight-details/583f2c3cd0e2385b, http://www.ufcstats.com/fight-details/6c9bf1d285cf5dd4",2026-03-30T11:05:23Z,2026-08-08T18:38:43Z
ba18a9c6-c11d-578d-9083-7c92d5bd7248,http://www.ufcstats.com/event-details/80eacd4da0617c57,UFC Fight Night: Till vs. Masvidal,2019-03-16,completed,"http://www.ufcstats.com/fight-details/c6dd17ab89437805, http://www.ufcstats.com/fight-details/e068f14acd47ed69, http://www.ufcstats.com/fight-details/826fb989c0e6208e, http://www.ufcstats.com/fight-details/40687c9412e0c279, http://www.ufcstats.com/fight-details/8a8190f3f71408a4, http://www.ufcstats.com/fight-details/437c6e18f41287f1, http://www.ufcstats.com/fight-details/8cc4c597aecbfef5, http://www.ufcstats.com/fight-details/44ab00737c3fb890, http://www.ufcstats.com/fight-details/6ada4f4286e4261d, http://www.ufcstats.com/fight-details/bcef35d6e0964f01, http://www.ufcstats.com/fight-details/a2f4acc81f7886a2, http://www.ufcstats.com/fight-details/9763e27bf80abe42",2026-03-30T11:05:24Z,2026-08-08T18:38:45Z
b068c8e7-00e9-5ab0-a24d-262b4d7578fe,http://www.ufcstats.com/event-details/487c170da059857d,UFC Fight Night: Thompson vs. Pettis,2019-03-23,completed,"http://www.ufcstats.com/fight-details/56ae02578b1163ee, http://www.ufcstats.com/fight-details/9532ebf4d9405e65, http://www.ufcstats.com/fight-details/ced0e31df74f27d6, http://www.ufcstats.com/fight-details/eb096b0196a7ff65, http://www.ufcstats.com/fight-details/3812b265afd78186, http://www.ufcstats.com/fight-details/55b53fdad307b708, http://www.ufcstats.com/fight-details/721b23d896a44e2e, http://www.ufcstats.com/fight-details/971b3d35c302cf8f, http://www.ufcstats.com/fight-details/8d70694ceeb0dc9a, http://www.ufcstats.com/fight-details/0f9679fda36f7f41, http://www.ufcstats.com/fight-details/0717bc30025f3656, http://www.ufcstats.com/fight-details/469fba0129c95278",2026-03-30T11:05:25Z,2026-08-08T18:38:45Z
3918063f-48a3-5942-aff3-d9b68eeea81d,http://www.ufcstats.com/event-details/9649d75defe0dedb,UFC Fight Night: Barboza vs. Gaethje,2019-03-30,completed,"http://www.ufcstats.com/fight-details/b309cdde35310875, http://www.ufcstats.com/fight-details/a0163cdde4ec785d, http://www.ufcstats.com/fight-details/5c70b175f08ca141, http://www.ufcstats.com/fight-details/b70e72f23446520a, http://www.ufcstats.com/fight-details/1d8ee477e682a8fc, http://www.ufcstats.com/fight-details/818b55b087013e64, http://www.ufcstats.com/fight-details/f5a038c18f7a44fc, http://www.ufcstats.com/fight-details/b7ff74563d034519, http://www.ufcstats.com/fight-details/6173056f0e080ca6, http://www.ufcstats.com/fight-details/7dc3ada8f2135477, http://www.ufcstats.com/fight-details/93a081342561d0c3, http://www.ufcstats.com/fight-details/b695fc80bd538172, http://www.ufcstats.com/fight-details/3db15d45e8490c22",2026-03-30T11:05:26Z,2026-08-08T18:38:46Z
5fd44e78-bc5d-5063-a1ae-26f19fd72769,http://www.ufcstats.com/event-details/b0550072e5f0afa7,UFC 236: Holloway vs. Poirier 2,2019-04-13,completed,"http://www.ufcstats.com/fight-details/87126427cfcaee52, http://www.ufcstats.com/fight-details/9bfda7c26578aaac, http://www.ufcstats.com/fight-details/e0d92694d8a2d38b, http://www.ufcstats.com/fight-details/7dc87736c304b3dd, http://www.ufcstats.com/fight-details/d22c19fd92426567, http://www.ufcstats.com/fight-details/31b283a5559ad44d, http://www.ufcstats.com/fight-details/c6b040021b4ceb0f, http://www.ufcstats.com/fight-details/bf719cf83cab229b, http://www.ufcstats.com/fight-details/2456c4550c26e5e8, http://www.ufcstats.com/fight-details/23fd92555246d61e, http://www.ufcstats.com/fight-details/8da5849a6e7307bf, http://www.ufcstats.com/fight-details/75e580d5ea37c519, http://www.ufcstats.com/fight-details/79da0eacafb22f86",2026-03-30T11:05:28Z,2026-08-08T18:38:47Z
277c19ec-1f17-5c23-90e2-471324499d4b,http://www.ufcstats.com/event-details/7dcf06c1967801c1,UFC Fight Night: Overeem vs. Oleinik,2019-04-20,completed,"http://www.ufcstats.com/fight-details/470a3c1b89504258, http://www.ufcstats.com/fight-details/103a7d8c4f17714b, http://www.ufcstats.com/fight-details/2a2b00e9bfd089cc, http://www.ufcstats.com/fight-details/a40c70d5a1a1be01, http://www.ufcstats.com/fight-details/e458ace6a440b738, http://www.ufcstats.com/fight-details/1b4374c9d7e5139c, http://www.ufcstats.com/fight-details/23ba354e606df0ac, http://www.ufcstats.com/fight-details/d9a797f632686568, http://www.ufcstats.com/fight-details/0bc7e4852f75a06d, http://www.ufcstats.com/fight-details/56f984ac83fb34cc, http://www.ufcstats.com/fight-details/75bc89630027c601",2026-03-30T11:05:29Z,2026-08-08T18:38:48Z
6890fd90-932f-5947-9209-c903d37dbdc5,http://www.ufcstats.com/event-details/c912f676692c353a,UFC Fight Night: Jacare vs. Hermansson,2019-04-27,completed,"http://www.ufcstats.com/fight-details/f0ca713121289d24, http://www.ufcstats.com/fight-details/c68e57c19c82d500, http://www.ufcstats.com/fight-details/3286d8406eff5c85, http://www.ufcstats.com/fight-details/bda97d9a44a89d52, http://www.ufcstats.com/fight-details/bcb697c4317f0997, http://www.ufcstats.com/fight-details/721d870849de4a57, http://www.ufcstats.com/fight-details/80e68a6453e15ab9, http://www.ufcstats.com/fight-details/3256d907f58af95e, http://www.ufcstats.com/fight-details/f08ccad48500eb2b, http://www.ufcstats.com/fight-details/c2bcdcc472228768, http://www.ufcstats.com/fight-details/3b6c18a966a2cea4, http://www.ufcstats.com/fight-details/c300085cc08357b5, http://www.ufcstats.com/fight-details/7c13de66ce543d84",2026-03-30T11:05:31Z,2026-08-08T18:38:49Z
be136e32-2600-5668-a7f0-d752ff999e24,http://www.ufcstats.com/event-details/351264d11286d09a,UFC Fight Night: Iaquinta vs. Cowboy,2019-05-04,completed,"http://www.ufcstats.com/fight-details/73eff675e2aae30c, http://www.ufcstats.com/fight-details/ad59540382d5b7f6, http://www.ufcstats.com/fight-details/feaf740e3ae53b7c, http://www.ufcstats.com/fight-details/e6b2d6d33968c66c, http://www.ufcstats.com/fight-details/e939acbd9894c686, http://www.ufcstats.com/fight-details/a6cc776330194937, http://www.ufcstats.com/fight-details/3011439ecaf74180, http://www.ufcstats.com/fight-details/c936527df280b8b4, http://www.ufcstats.com/fight-details/003c84fc7c3fa028, http://www.ufcstats.com/fight-details/a3731057c8775716, http://www.ufcstats.com/fight-details/0bc354fbb6e99ab6, http://www.ufcstats.com/fight-details/16a05f3c4a765f65",2026-03-30T11:05:32Z,2026-08-08T18:38:51Z
2d4cb11f-1762-5951-bc57-6a5f01628cc8,http://www.ufcstats.com/event-details/9de7c97e1c0d7927,UFC 237: Namajunas vs. Andrade,2019-05-11,completed,"http://www.ufcstats.com/fight-details/07c00213ec388e07, http://www.ufcstats.com/fight-details/a08dffad240dc3d4, http://www.ufcstats.com/fight-details/7b53967f282a0d0a, http://www.ufcstats.com/fight-details/3d941525f5c623e3, http://www.ufcstats.com/fight-details/8cf4836e2b43c241, http://www.ufcstats.com/fight-details/413a4c217ee0193f, http://www.ufcstats.com/fight-details/017c090e9e8d2957, http://www.ufcstats.com/fight-details/2b038a467a89c73c, http://www.ufcstats.com/fight-details/0febad4c4a3d69fc, http://www.ufcstats.com/fight-details/707cb14717df5960, http://www.ufcstats.com/fight-details/1218cba28d4dce94, http://www.ufcstats.com/fight-details/e4bbec619aa04dea",2026-03-30T11:05:33Z,2026-08-08T18:38:52Z
9191ff74-98fe-523b-8c60-d69e7cdd503a,http://www.ufcstats.com/event-details/6b8f28da9a483049,UFC Fight Night: Dos Anjos vs. Lee,2019-05-18,completed,"http://www.ufcstats.com/fight-details/d401522de73b7bee, http://www.ufcstats.com/fight-details/9fb9af6599d67b1d, http://www.ufcstats.com/fight-details/4fe799b4fa1afb76, http://www.ufcstats.com/fight-details/083a6edd8bb21bc8, http://www.ufcstats.com/fight-details/5782666ca117fa5b, http://www.ufcstats.com/fight-details/65c1ca715dfdbe05, http://www.ufcstats.com/fight-details/1f5178fe56c5423f, http://www.ufcstats.com/fight-details/031647c36d12788f, http://www.ufcstats.com/fight-details/04c9ebe419195f8b, http://www.ufcstats.com/fight-details/476a6245b43f3119, http://www.ufcstats.com/fight-details/f27e8d63f526d326, http://www.ufcstats.com/fight-details/35f80e003d16a439, http://www.ufcstats.com/fight-details/115fa6f5f3e51bbb",2026-03-30T11:05:34Z,2026-08-08T18:38:53Z
7edc89b4-49c7-5cb8-8590-1bc8ee990b55,http://www.ufcstats.com/event-details/cbc071cb20ea59c7,UFC Fight Night: Gustafsson vs. Smith,2019-06-01,completed,"http://www.ufcstats.com/fight-details/4f9939af9a1d40a3, http://www.ufcstats.com/fight-details/138c8807fef52564, http://www.ufcstats.com/fight-details/2ca4a039c07acd38, http://www.ufcstats.com/fight-details/a5acaa5f693529dd, http://www.ufcstats.com/fight-details/c53cb796b4a4cdb8, http://www.ufcstats.com/fight-details/93330422e1f2e0be, http://www.ufcstats.com/fight-details/f993be991eea6016, http://www.ufcstats.com/fight-details/e1bd72aba46f46a1, http://www.ufcstats.com/fight-details/fedb6a1b15b05694, http://www.ufcstats.com/fight-details/b58972ad7dcf65e6, http://www.ufcstats.com/fight-details/a072481f307dc8aa, http://www.ufcstats.com/fight-details/a4e210bcdcc1bf5b",2026-03-30T11:05:35Z,2026-08-08T18:38:55Z
a9527c9d-ce5f-50e5-8662-c2ecdf7d4bf4,http://www.ufcstats.com/event-details/e31502e3f79d00c5,UFC 238: Cejudo vs. Moraes,2019-06-08,completed,"http://www.ufcstats.com/fight-details/cf4199c8517bc1fd, http://www.ufcstats.com/fight-details/4127b45c3d546eef, http://www.ufcstats.com/fight-details/323dc938d93a849b, http://www.ufcstats.com/fight-details/fe0c844a671dd6d8, http://www.ufcstats.com/fight-details/cd2ceb5530529c9f, http://www.ufcstats.com/fight-details/56403d0fd259c5d9, http://www.ufcstats.com/fight-details/17753b728e5404aa, http://www.ufcstats.com/fight-details/a4446299c1f85d74, http://www.ufcstats.com/fight-details/bf2a9732af50c84c, http://www.ufcstats.com/fight-details/97c76d44699f7c93, http://www.ufcstats.com/fight-details/a255ed658a2ac9bb, http://www.ufcstats.com/fight-details/aa430402314b4459, http://www.ufcstats.com/fight-details/82eb6fa58ae52428",2026-03-30T11:05:36Z,2026-08-08T18:38:56Z
fccec60e-eb31-5e3d-a2cb-10659d0339a4,http://www.ufcstats.com/event-details/b16a7e6a627e9789,UFC Fight Night: Moicano vs. The Korean Zombie,2019-06-22,completed,"http://www.ufcstats.com/fight-details/aec1339028f3416c, http://www.ufcstats.com/fight-details/4096b302747d47b3, http://www.ufcstats.com/fight-details/8f1b727757a60c07, http://www.ufcstats.com/fight-details/13129c1f044fdd47, http://www.ufcstats.com/fight-details/b1da312483a974b3, http://www.ufcstats.com/fight-details/f047e3605f8852d8, http://www.ufcstats.com/fight-details/6e9cf53cd87e1b7e, http://www.ufcstats.com/fight-details/ab4862ea4cbd0750, http://www.ufcstats.com/fight-details/e4559c3cce6edec1, http://www.ufcstats.com/fight-details/fa98e2b8dceca9bb, http://www.ufcstats.com/fight-details/f81f8cfe30e0a1e9",2026-03-30T11:05:37Z,2026-08-08T18:38:57Z
0bd3774d-4a66-5d0f-8f92-9f6c7506252c,http://www.ufcstats.com/event-details/c0c1bc0766df4c00,UFC Fight Night: Ngannou vs. Dos Santos,2019-06-29,completed,"http://www.ufcstats.com/fight-details/4e71dbef18157288, http://www.ufcstats.com/fight-details/2418af6da44fd361, http://www.ufcstats.com/fight-details/5fcf65d4de66c970, http://www.ufcstats.com/fight-details/2b01da1699f0305f, http://www.ufcstats.com/fight-details/966bf043577f8b6a, http://www.ufcstats.com/fight-details/c770192a9f3261cd, http://www.ufcstats.com/fight-details/8f5d5dd10a167cc0, http://www.ufcstats.com/fight-details/c0982b3919cc74f0, http://www.ufcstats.com/fight-details/3f8c6e31ebbe54bc, http://www.ufcstats.com/fight-details/7ce7075951c9aa31, http://www.ufcstats.com/fight-details/e460bf4db340ca9e, http://www.ufcstats.com/fight-details/9ba051e0f5674108",2026-03-30T11:05:39Z,2026-08-08T18:38:59Z
55bcbe92-ddd9-565a-a639-2cfee2c07db8,http://www.ufcstats.com/event-details/6c9383ffab2725a5,UFC 239: Jones vs. Santos,2019-07-06,completed,"http://www.ufcstats.com/fight-details/8fcdfee81cc604e3, http://www.ufcstats.com/fight-details/69c06be4f87ccdab, http://www.ufcstats.com/fight-details/70af72a72b31fe4d, http://www.ufcstats.com/fight-details/531d9676d767da66, http://www.ufcstats.com/fight-details/feaffeb1af7e82ef, http://www.ufcstats.com/fight-details/c48af5eafb532d0a, http://www.ufcstats.com/fight-details/7dc551f8153bd053, http://www.ufcstats.com/fight-details/7fe0cec2b0f1c146, http://www.ufcstats.com/fight-details/00f4b6184f6315d0, http://www.ufcstats.com/fight-details/e9f00c16810e0e61, http://www.ufcstats.com/fight-details/f6a03399c7a721cd, http://www.ufcstats.com/fight-details/934b44ddcb3d95e6",2026-03-30T11:05:39Z,2026-08-08T18:39:00Z
1b526e68-45ad-5f21-ad3c-2d8ded2fddf4,http://www.ufcstats.com/event-details/2f8f3c69522db931,UFC Fight Night: De Randamie vs. Ladd,2019-07-13,completed,"http://www.ufcstats.com/fight-details/edc87836fd998929, http://www.ufcstats.com/fight-details/75b1533cc3cafae9, http://www.ufcstats.com/fight-details/138cb102906573f2, http://www.ufcstats.com/fight-details/a7cf716f5d73b558, http://www.ufcstats.com/fight-details/9b0de83b4e504bf6, http://www.ufcstats.com/fight-details/aa6a9aeeb45577d4, http://www.ufcstats.com/fight-details/b436dda934059631, http://www.ufcstats.com/fight-details/60be02c5566c8348, http://www.ufcstats.com/fight-details/37a8c442fb38db75, http://www.ufcstats.com/fight-details/ad63c30e22e63344, http://www.ufcstats.com/fight-details/2d42ef44ad2470e1, http://www.ufcstats.com/fight-details/358468724d7d4322",2026-03-30T11:05:40Z,2026-08-08T18:39:01Z
afe47421-d9ab-5738-9364-a6b1721fbfb0,http://www.ufcstats.com/event-details/9e0f28d1f639ad73,UFC Fight Night: Dos Anjos vs. Edwards,2019-07-20,completed,"http://www.ufcstats.com/fight-details/816662e622987a14, http://www.ufcstats.com/fight-details/15ce105716441c54, http://www.ufcstats.com/fight-details/88b1d4f951070f83, http://www.ufcstats.com/fight-details/9d6b46a3cf5ec494, http://www.ufcstats.com/fight-details/c92308bbd6107b11, http://www.ufcstats.com/fight-details/f065dc596a08a258, http://www.ufcstats.com/fight-details/96d33e46267d4eaf, http://www.ufcstats.com/fight-details/017e0b7e864b0aa3, http://www.ufcstats.com/fight-details/f711b3ec6bc3c407, http://www.ufcstats.com/fight-details/dd51d1aed9536da6, http://www.ufcstats.com/fight-details/bc01ce748a5723df, http://www.ufcstats.com/fight-details/24bcade0007c2246, http://www.ufcstats.com/fight-details/c5259566abc552b1",2026-03-30T11:05:42Z,2026-08-08T18:39:02Z
35059d95-4a0d-5c3e-aaff-c3a5e74533d1,http://www.ufcstats.com/event-details/abcf7e55a0a9ed89,UFC 240: Holloway vs. Edgar,2019-07-27,completed,"http://www.ufcstats.com/fight-details/c4704eab5e2f51b8, http://www.ufcstats.com/fight-details/240e9389cca3bd18, http://www.ufcstats.com/fight-details/e186bd5e556f1b5e, http://www.ufcstats.com/fight-details/7ed98f8d1ffae082, http://www.ufcstats.com/fight-details/dbca9f6bb7290c0d, http://www.ufcstats.com/fight-details/dfa2fda311df08cf, http://www.ufcstats.com/fight-details/10b31e991c2d0d4e, http://www.ufcstats.com/fight-details/25c4013fc187762a, http://www.ufcstats.com/fight-details/bc1787883f9328be, http://www.ufcstats.com/fight-details/68c77a11b2d308dd, http://www.ufcstats.com/fight-details/d47fd8fc3886f86c",2026-03-30T11:05:43Z,2026-08-08T18:39:04Z
aab7ddd1-31a6-5e06-8ca3-ed36fae7aa4b,http://www.ufcstats.com/event-details/03da33a102d9a45f,UFC Fight Night: Covington vs. Lawler,2019-08-03,completed,"http://www.ufcstats.com/fight-details/e139628170777bef, http://www.ufcstats.com/fight-details/e96d929f8207a3e0, http://www.ufcstats.com/fight-details/dbbd17b6995f014b, http://www.ufcstats.com/fight-details/dc49373c52eedaa3, http://www.ufcstats.com/fight-details/1d9f862a47540785, http://www.ufcstats.com/fight-details/cd6b799ec79c489a, http://www.ufcstats.com/fight-details/f4bd11655adeb078, http://www.ufcstats.com/fight-details/326de7f7ec9e7035, http://www.ufcstats.com/fight-details/60162c95d921d1ae, http://www.ufcstats.com/fight-details/e3acb789f7dcd34c, http://www.ufcstats.com/fight-details/f6ab2eec90980ac0, http://www.ufcstats.com/fight-details/94560d1dc6248347",2026-03-30T11:05:44Z,2026-08-08T18:39:05Z
149275f9-5e92-5b96-98cf-4cf23b27ead9,http://www.ufcstats.com/event-details/e5d03e4d966126bd,UFC Fight Night: Shevchenko vs. Carmouche 2,2019-08-10,completed,"http://www.ufcstats.com/fight-details/9d80bd1f92d23dfa, http://www.ufcstats.com/fight-details/7feadf01c5920285, http://www.ufcstats.com/fight-details/aef94727eb3897df, http://www.ufcstats.com/fight-details/f7cce33f6563dd72, http://www.ufcstats.com/fight-details/8da94b2c1c0443d4, http://www.ufcstats.com/fight-details/4dd3035430a5ed43, http://www.ufcstats.com/fight-details/1019f2a9c012e949, http://www.ufcstats.com/fight-details/1d8a86d37c7ef3d3, http://www.ufcstats.com/fight-details/d93b589bcec80ffe, http://www.ufcstats.com/fight-details/cb4dd24535ef2d94, http://www.ufcstats.com/fight-details/4c489b3c9d14cbc9, http://www.ufcstats.com/fight-details/975159720cfd0103, http://www.ufcstats.com/fight-details/494042bf96730bc0",2026-03-30T11:05:46Z,2026-08-08T18:39:06Z
e06f8b0d-73d8-50bb-a302-a0bd78c5ee14,http://www.ufcstats.com/event-details/70167689d6a01793,UFC 241: Cormier vs. Miocic 2,2019-08-17,completed,"http://www.ufcstats.com/fight-details/6921344f8e706d0f, http://www.ufcstats.com/fight-details/f2ce79565c0820dd, http://www.ufcstats.com/fight-details/3e16a71836e85212, http://www.ufcstats.com/fight-details/ea43a5fe4ff9a3c4, http://www.ufcstats.com/fight-details/2eb56023c4a54504, http://www.ufcstats.com/fight-details/2671de30a1736f51, http://www.ufcstats.com/fight-details/fba7d6a42f137938, http://www.ufcstats.com/fight-details/25e1d17d072227c6, http://www.ufcstats.com/fight-details/29de6ddc42a2e674, http://www.ufcstats.com/fight-details/8ebd6e9d41a51e31, http://www.ufcstats.com/fight-details/445d0d44091b902a, http://www.ufcstats.com/fight-details/51f955029dbf6978",2026-03-30T11:05:47Z,2026-08-08T18:39:07Z
aa997778-f00f-5903-8d85-8d55be4ec1d8,http://www.ufcstats.com/event-details/2c104b7e59a72629,UFC Fight Night: Andrade vs. Zhang,2019-08-31,completed,"http://www.ufcstats.com/fight-details/357cf8a9b6737625, http://www.ufcstats.com/fight-details/55480808b1fa1f9c, http://www.ufcstats.com/fight-details/b07188063c49b755, http://www.ufcstats.com/fight-details/676561d9690ce31d, http://www.ufcstats.com/fight-details/5f900e4437e079b3, http://www.ufcstats.com/fight-details/8182dbc752c71137, http://www.ufcstats.com/fight-details/09b91014bd88f815, http://www.ufcstats.com/fight-details/5ff390f7bbf2bec8, http://www.ufcstats.com/fight-details/060dfbc982c6c4ef, http://www.ufcstats.com/fight-details/2e001d8c2f6106fc, http://www.ufcstats.com/fight-details/a072be4f806d360f",2026-03-30T11:05:48Z,2026-08-08T18:39:08Z
31637067-7560-5129-8aa1-77a4875a65e6,http://www.ufcstats.com/event-details/a79bfbc01b2264d6,UFC 242: Khabib vs. Poirier,2019-09-07,completed,"http://www.ufcstats.com/fight-details/01a4827b3596d111, http://www.ufcstats.com/fight-details/357a34207d70da69, http://www.ufcstats.com/fight-details/849eb47d349f3fe4, http://www.ufcstats.com/fight-details/066756ea40b134a7, http://www.ufcstats.com/fight-details/8accd04438b91262, http://www.ufcstats.com/fight-details/77f123712368bcbc, http://www.ufcstats.com/fight-details/bef4df43d6052a02, http://www.ufcstats.com/fight-details/8e1ae2ae6694b131, http://www.ufcstats.com/fight-details/2c7b788effdc1b4c, http://www.ufcstats.com/fight-details/18aff757c54687f1, http://www.ufcstats.com/fight-details/43496ff308e681a0, http://www.ufcstats.com/fight-details/9a46f95c1c1e57f0, http://www.ufcstats.com/fight-details/84d4b658851b7e0e",2026-03-30T11:05:49Z,2026-08-08T18:39:09Z
dfcdd1db-1630-5560-8157-a8858517e951,http://www.ufcstats.com/event-details/4834ff149dc9542a,UFC Fight Night: Cowboy vs. Gaethje,2019-09-14,completed,"http://www.ufcstats.com/fight-details/490724f8b3658f67, http://www.ufcstats.com/fight-details/36d90f1812f0d432, http://www.ufcstats.com/fight-details/8ae79d7967681db8, http://www.ufcstats.com/fight-details/dadaee9624256e07, http://www.ufcstats.com/fight-details/ece3a7a9e930ef9d, http://www.ufcstats.com/fight-details/92b98afec5eb4e05, http://www.ufcstats.com/fight-details/9d3a38cc18807e10, http://www.ufcstats.com/fight-details/9de23eb1471e592b, http://www.ufcstats.com/fight-details/14176809bcdafd01, http://www.ufcstats.com/fight-details/462a95890423d3c6, http://www.ufcstats.com/fight-details/241687ff5fe92331, http://www.ufcstats.com/fight-details/acf658afda38d8af",2026-03-30T11:05:50Z,2026-08-08T18:39:10Z
5ff804bf-2129-59af-b77e-87edafef12d0,http://www.ufcstats.com/event-details/94a5aaf573f780ad,UFC Fight Night: Rodriguez vs. Stephens,2019-09-21,completed,"http://www.ufcstats.com/fight-details/62acea88e628c3ca, http://www.ufcstats.com/fight-details/b2cdb4c34f37ad37, http://www.ufcstats.com/fight-details/fd3e8f61d8fda839, http://www.ufcstats.com/fight-details/c163ed45c21c8548, http://www.ufcstats.com/fight-details/49b2a6a93d529981, http://www.ufcstats.com/fight-details/953c89aa931082e4, http://www.ufcstats.com/fight-details/ad878cdd4fa36a3a, http://www.ufcstats.com/fight-details/52311c2cd0c84d67, http://www.ufcstats.com/fight-details/d9c0351cd21e40e0, http://www.ufcstats.com/fight-details/8cf6b22995c9efb8, http://www.ufcstats.com/fight-details/c2b842fae4e9f1dc, http://www.ufcstats.com/fight-details/4f7ec66199bba232",2026-03-30T11:05:51Z,2026-08-08T18:39:11Z
26dd0bd3-2f16-5a8c-8f9c-e9b3ee8271d2,http://www.ufcstats.com/event-details/1bf49bf829964144,UFC Fight Night: Hermansson vs. Cannonier,2019-09-28,completed,"http://www.ufcstats.com/fight-details/476c31184332698e, http://www.ufcstats.com/fight-details/975840814b233bcd, http://www.ufcstats.com/fight-details/7410ac7e4e5acb74, http://www.ufcstats.com/fight-details/b44531903be4729a, http://www.ufcstats.com/fight-details/b6dad3a9bf911bfd, http://www.ufcstats.com/fight-details/9c7b6a20f35fb708, http://www.ufcstats.com/fight-details/9fa3623172adb4cd, http://www.ufcstats.com/fight-details/d5e927306f5d859b, http://www.ufcstats.com/fight-details/18d84b333b28de36, http://www.ufcstats.com/fight-details/688908886d8ac900, http://www.ufcstats.com/fight-details/0a3df9b1918cfc2f, http://www.ufcstats.com/fight-details/951968aa52a84928, http://www.ufcstats.com/fight-details/fc16ccf0994c6e50",2026-03-30T11:05:52Z,2026-08-08T18:39:12Z
1360c0ce-7360-5dfa-a738-5fdeb4e8085d,http://www.ufcstats.com/event-details/3cf68c1d17f66af7,UFC 243: Whittaker vs. Adesanya,2019-10-05,completed,"http://www.ufcstats.com/fight-details/2556b7520536ce1d, http://www.ufcstats.com/fight-details/0697d5520b74a8df, http://www.ufcstats.com/fight-details/8cd7ca0e7b861b3d, http://www.ufcstats.com/fight-details/fd0fd9a2d6ef8c4f, http://www.ufcstats.com/fight-details/9dfac33cd3ae4afd, http://www.ufcstats.com/fight-details/1cb7138b107b93b5, http://www.ufcstats.com/fight-details/578987d534a0d205, http://www.ufcstats.com/fight-details/83d59f5e52e0ac46, http://www.ufcstats.com/fight-details/b8c21a311f3f7953, http://www.ufcstats.com/fight-details/668d077ac9d7d3c9, http://www.ufcstats.com/fight-details/57ff0eb2351979c4",2026-03-30T11:05:53Z,2026-08-08T18:39:13Z
de192157-37de-5829-a29f-e0aa89d2e30b,http://www.ufcstats.com/event-details/0941df56f6ac954b,UFC Fight Night: Joanna vs. Waterson,2019-10-12,completed,"http://www.ufcstats.com/fight-details/f61f5adf7e0a80c4, http://www.ufcstats.com/fight-details/707ba52845d399c9, http://www.ufcstats.com/fight-details/f3169b755afcdc5b, http://www.ufcstats.com/fight-details/2d7f29ec900a8948, http://www.ufcstats.com/fight-details/bed2710e06dabe6a, http://www.ufcstats.com/fight-details/834f67e96612cd6f, http://www.ufcstats.com/fight-details/25548d526c3a7587, http://www.ufcstats.com/fight-details/6a0217099efee13f, http://www.ufcstats.com/fight-details/c5b8a996eff18540, http://www.ufcstats.com/fight-details/18dde81d45ac2232, http://www.ufcstats.com/fight-details/70f01e9ff0b4e519, http://www.ufcstats.com/fight-details/1d26ceb1c995655e, http://www.ufcstats.com/fight-details/bac178dea57bd545, http://www.ufcstats.com/fight-details/64bee58391921b4b",2026-03-30T11:05:54Z,2026-08-08T18:39:14Z
8cff42e2-4479-5073-8108-7c98f79d2dc7,http://www.ufcstats.com/event-details/3ae10ac4df3df05c,UFC Fight Night: Reyes vs. Weidman,2019-10-18,completed,"http://www.ufcstats.com/fight-details/0d1d7cfb2a48d5ec, http://www.ufcstats.com/fight-details/d2dc6fb05ad78d80, http://www.ufcstats.com/fight-details/0019ec81fd706ade, http://www.ufcstats.com/fight-details/57d989702ae72dc1, http://www.ufcstats.com/fight-details/7510b0c96f5707ea, http://www.ufcstats.com/fight-details/93f3e9b9f093ad57, http://www.ufcstats.com/fight-details/076c98ac0561521f, http://www.ufcstats.com/fight-details/baf17e5e1fe1c744, http://www.ufcstats.com/fight-details/9c3fb95a1558b38d, http://www.ufcstats.com/fight-details/38d6c2538ce6ec4c, http://www.ufcstats.com/fight-details/26d75187369ecf2c, http://www.ufcstats.com/fight-details/74b44635535cb290, http://www.ufcstats.com/fight-details/1e3d3545b6dd13a7",2026-03-30T11:05:56Z,2026-08-08T18:39:15Z
6eb3d10d-0115-512b-9146-d40d99cde932,http://www.ufcstats.com/event-details/df05aa15b2d66f57,UFC Fight Night: Maia vs. Askren,2019-10-26,completed,"http://www.ufcstats.com/fight-details/241a0833e1c76804, http://www.ufcstats.com/fight-details/3162ae3ccbf785ac, http://www.ufcstats.com/fight-details/b2d05ae88f820421, http://www.ufcstats.com/fight-details/41b75c9222c33cdf, http://www.ufcstats.com/fight-details/89266a872e1f92d9, http://www.ufcstats.com/fight-details/1f9a6f2120835615, http://www.ufcstats.com/fight-details/1c91deb42b991d18, http://www.ufcstats.com/fight-details/a4527094aa107b55, http://www.ufcstats.com/fight-details/cc477d322638ba30, http://www.ufcstats.com/fight-details/4ea4d0a73a90bfb0, http://www.ufcstats.com/fight-details/3d9aeef58dd0b51b",2026-03-30T11:05:56Z,2026-08-08T18:39:16Z
fe126f40-dd73-5d09-a3fb-5bb9da16e644,http://www.ufcstats.com/event-details/fd87b1bbfcde9d5e,UFC 244: Masvidal vs. Diaz,2019-11-02,completed,"http://www.ufcstats.com/fight-details/ac0a63ad13897564, http://www.ufcstats.com/fight-details/7c40aa2cb6883a91, http://www.ufcstats.com/fight-details/28deed0ab55ca350, http://www.ufcstats.com/fight-details/f870cacadb058733, http://www.ufcstats.com/fight-details/d5955b81c26230ff, http://www.ufcstats.com/fight-details/a2af14e9dba37b03, http://www.ufcstats.com/fight-details/216fddf542707629, http://www.ufcstats.com/fight-details/a3e8ef1ce72a7d02, http://www.ufcstats.com/fight-details/83f7c3b91a402306, http://www.ufcstats.com/fight-details/515ecc54219bcc4c, http://www.ufcstats.com/fight-details/a6c29d2cb319d923, http://www.ufcstats.com/fight-details/d7cbe2f23d75afd1",2026-03-30T11:05:57Z,2026-08-08T18:39:18Z
8ed141f0-c85e-5a14-bf0a-c8f05b9a9805,http://www.ufcstats.com/event-details/8d5daf67983b65ba,UFC Fight Night: Zabit vs. Kattar,2019-11-09,completed,"http://www.ufcstats.com/fight-details/c3bb60dc82345a9f, http://www.ufcstats.com/fight-details/3cd1f2c31b4e325a, http://www.ufcstats.com/fight-details/071a1cd551b7b4d5, http://www.ufcstats.com/fight-details/408fc024d3e91b0e, http://www.ufcstats.com/fight-details/1317d7cd79495a0e, http://www.ufcstats.com/fight-details/f820c6292e19d854, http://www.ufcstats.com/fight-details/343749a2f7c5d78b, http://www.ufcstats.com/fight-details/c8dfcbee63266273, http://www.ufcstats.com/fight-details/495e64df4c4ce7a7, http://www.ufcstats.com/fight-details/1af574c0814429ac, http://www.ufcstats.com/fight-details/a7807ab56cb49cad, http://www.ufcstats.com/fight-details/c814ef3b3a26e2fe, http://www.ufcstats.com/fight-details/f0418c2c989a5cde",2026-03-30T11:05:58Z,2026-08-08T18:39:19Z
95e5057b-9428-50ec-9293-6fc9105fe6b8,http://www.ufcstats.com/event-details/81ca2c245b19b3c5,UFC Fight Night: Blachowicz vs. Jacare,2019-11-16,completed,"http://www.ufcstats.com/fight-details/c04274c8caa505dd, http://www.ufcstats.com/fight-details/c63edd25d2201a46, http://www.ufcstats.com/fight-details/7afe2a15ae7359e9, http://www.ufcstats.com/fight-details/57b111b54a2d2323, http://www.ufcstats.com/fight-details/9e1ecdb9a8856a8c, http://www.ufcstats.com/fight-details/aa232e53d285cc6d, http://www.ufcstats.com/fight-details/094790e50afae55e, http://www.ufcstats.com/fight-details/22307b580e0c8d0d, http://www.ufcstats.com/fight-details/e6a0f19af995c432, http://www.ufcstats.com/fight-details/80ce8f7d988d5e57, http://www.ufcstats.com/fight-details/1800ffbb34ac7ed8, http://www.ufcstats.com/fight-details/18e1b0df8da7010e",2026-03-30T11:05:59Z,2026-08-08T18:39:20Z
6da672b8-276d-5ff9-8437-b46fca69c3c7,http://www.ufcstats.com/event-details/b09890ba7ce1d1e2,UFC Fight Night: Overeem vs. Rozenstruik,2019-12-07,completed,"http://www.ufcstats.com/fight-details/e91f289f1b9f9519, http://www.ufcstats.com/fight-details/3b8cac9910af1c61, http://www.ufcstats.com/fight-details/bbc8e8a69e9bd106, http://www.ufcstats.com/fight-details/b5365d22172e414b, http://www.ufcstats.com/fight-details/b87863a2de433824, http://www.ufcstats.com/fight-details/b9ff9ebe19ae6358, http://www.ufcstats.com/fight-details/57d04160f5438654, http://www.ufcstats.com/fight-details/d9501c6985c1b38d, http://www.ufcstats.com/fight-details/fa3f04be9344804b, http://www.ufcstats.com/fight-details/a3f89ad71e1caa81, http://www.ufcstats.com/fight-details/652a956adab8ad0e, http://www.ufcstats.com/fight-details/81af3b60203d92df",2026-03-30T11:06:00Z,2026-08-08T18:39:21Z
353688bc-130f-52c9-b846-2fcf84b2cdb3,http://www.ufcstats.com/event-details/4565d435005319c0,UFC 245: Usman vs. Covington,2019-12-14,completed,"http://www.ufcstats.com/fight-details/82177c0f91d9618a, http://www.ufcstats.com/fight-details/efc40ec41114d8fa, http://www.ufcstats.com/fight-details/36fcfd186a8d6df7, http://www.ufcstats.com/fight-details/b5ec939fd1edf048, http://www.ufcstats.com/fight-details/a0c82ba11a373008, http://www.ufcstats.com/fight-details/ad5ef8d8678ff97f, http://www.ufcstats.com/fight-details/c4eaeec8ac778b27, http://www.ufcstats.com/fight-details/dd88960598219eba, http://www.ufcstats.com/fight-details/98dd88d83f57c17a, http://www.ufcstats.com/fight-details/d42410f6f1039ab5, http://www.ufcstats.com/fight-details/1881b1e85cceee13, http://www.ufcstats.com/fight-details/35d0ef51fede263c, http://www.ufcstats.com/fight-details/30523303e8d85c25",2026-03-30T11:06:02Z,2026-08-08T18:39:23Z
794629ec-fff8-5d91-b2da-9c10b0cf5575,http://www.ufcstats.com/event-details/74fefd43f073cd2f,UFC Fight Night: Edgar vs. The Korean Zombie,2019-12-21,completed,"http://www.ufcstats.com/fight-details/06f37329b223b451, http://www.ufcstats.com/fight-details/2b8cae68963a40a9, http://www.ufcstats.com/fight-details/997ab1ea9fab5643, http://www.ufcstats.com/fight-details/47e49e04e32be7e9, http://www.ufcstats.com/fight-details/b3bd27affa038e9c, http://www.ufcstats.com/fight-details/f93f794247af708a, http://www.ufcstats.com/fight-details/3637e661b6854b49, http://www.ufcstats.com/fight-details/6ea23c2c30f85a89, http://www.ufcstats.com/fight-details/9140e6fdeaa7cd3f, http://www.ufcstats.com/fight-details/5a5a65d8df176506, http://www.ufcstats.com/fight-details/75523d31940c9344, http://www.ufcstats.com/fight-details/60e1b3ac3182f5b3, http://www.ufcstats.com/fight-details/15aa55a91cf848cf",2026-03-30T11:06:03Z,2026-08-08T18:39:24Z
06b20406-1f7c-550b-a963-c0d98d4df2fc,http://www.ufcstats.com/event-details/0c1773639c795466,UFC 246: McGregor vs. Cowboy,2020-01-18,completed,"http://www.ufcstats.com/fight-details/eed6c9aff2234b7a, http://www.ufcstats.com/fight-details/36032308b7e86fd0, http://www.ufcstats.com/fight-details/702759500d47a059, http://www.ufcstats.com/fight-details/4eff0432bd364a23, http://www.ufcstats.com/fight-details/32a8f38bd1d46e3e, http://www.ufcstats.com/fight-details/760b5b16b4931a77, http://www.ufcstats.com/fight-details/5868c154789648f0, http://www.ufcstats.com/fight-details/ff467a5f06a91a0f, http://www.ufcstats.com/fight-details/63dd38f0dcc2ee88, http://www.ufcstats.com/fight-details/6087c50c5f95a677, http://www.ufcstats.com/fight-details/96fe84d051847591",2026-03-30T11:06:04Z,2026-08-08T18:39:25Z
62dc7881-590d-5d38-910b-95808f2ac594,http://www.ufcstats.com/event-details/44aa652b181bcf68,UFC Fight Night: Blaydes vs. Dos Santos,2020-01-25,completed,"http://www.ufcstats.com/fight-details/037d2f426c916ffc, http://www.ufcstats.com/fight-details/2ef54419defb2364, http://www.ufcstats.com/fight-details/7dcd5d8a44a284e5, http://www.ufcstats.com/fight-details/b88b170a7fe40544, http://www.ufcstats.com/fight-details/6195d3e7c412c8a2, http://www.ufcstats.com/fight-details/3fd3b871e83434c5, http://www.ufcstats.com/fight-details/ed94cdc0f2b97e15, http://www.ufcstats.com/fight-details/151c2bd6dfefb4b5, http://www.ufcstats.com/fight-details/737e2781e4a7db5c, http://www.ufcstats.com/fight-details/79161bde28636128, http://www.ufcstats.com/fight-details/918c2efc59c1952e, http://www.ufcstats.com/fight-details/901dbd1e6463c4ba",2026-03-30T11:06:06Z,2026-08-08T18:39:27Z
c28d08a0-52c7-535c-b5f5-db2327854a9f,http://www.ufcstats.com/event-details/b26d3e3746fb4024,UFC 247: Jones vs. Reyes,2020-02-08,completed,"http://www.ufcstats.com/fight-details/fae99a4089f8abb0, http://www.ufcstats.com/fight-details/05cceae674c81b86, http://www.ufcstats.com/fight-details/57961c6adebfb13d, http://www.ufcstats.com/fight-details/be822403f364fff3, http://www.ufcstats.com/fight-details/cefb47bcc04f540e, http://www.ufcstats.com/fight-details/11f7bac5037a184c, http://www.ufcstats.com/fight-details/cb56e868deaddac4, http://www.ufcstats.com/fight-details/ed499508be1e5532, http://www.ufcstats.com/fight-details/d3f44fedc561d2d5, http://www.ufcstats.com/fight-details/5ab2a4fec735e0b2, http://www.ufcstats.com/fight-details/326b843cb2b7fd94, http://www.ufcstats.com/fight-details/a6441acec6718f03",2026-03-30T11:06:07Z,2026-08-08T18:39:28Z
5d04d931-f12e-5b00-a65f-c0dd87289050,http://www.ufcstats.com/event-details/5df17b3620145578,UFC Fight Night: Anderson vs. Blachowicz,2020-02-15,completed,"http://www.ufcstats.com/fight-details/801b3f24c670f19a, http://www.ufcstats.com/fight-details/a02ffaf1fe462d28, http://www.ufcstats.com/fight-details/96919cf8d3e988ff, http://www.ufcstats.com/fight-details/9d98e1c0d62213cf, http://www.ufcstats.com/fight-details/b41e3be867afd6fa, http://www.ufcstats.com/fight-details/eab100e978c730c5, http://www.ufcstats.com/fight-details/2dc48a745d6c662b, http://www.ufcstats.com/fight-details/08426f06239d903c, http://www.ufcstats.com/fight-details/f3e2038bfb9b5d9d, http://www.ufcstats.com/fight-details/94c0819fde11364d, http://www.ufcstats.com/fight-details/51218519be104794, http://www.ufcstats.com/fight-details/d629aa5eb31a1e38, http://www.ufcstats.com/fight-details/8725dc88f2e0a6f3",2026-03-30T11:06:08Z,2026-08-08T18:39:29Z
cfed1383-5856-5068-b77b-07055347e821,http://www.ufcstats.com/event-details/33b2f68ef95252e0,UFC Fight Night: Felder vs. Hooker,2020-02-22,completed,"http://www.ufcstats.com/fight-details/5fceb95c29d929bc, http://www.ufcstats.com/fight-details/2b417eb1ffa56ac1, http://www.ufcstats.com/fight-details/060987bb3025a0a8, http://www.ufcstats.com/fight-details/9bc18b63b07bb328, http://www.ufcstats.com/fight-details/6d48f75153e4ad6b, http://www.ufcstats.com/fight-details/f882cf76a8bce308, http://www.ufcstats.com/fight-details/02bdb7a5b2986571, http://www.ufcstats.com/fight-details/3bd20b66b585d621, http://www.ufcstats.com/fight-details/03c2707563915d7d, http://www.ufcstats.com/fight-details/ecc23234e820458d, http://www.ufcstats.com/fight-details/af5b940f2c686524, http://www.ufcstats.com/fight-details/102fb91414fd24ab",2026-03-30T11:06:10Z,2026-08-08T18:39:30Z
fc399072-1d0f-5ff8-879c-f38231b048e8,http://www.ufcstats.com/event-details/fc9a9559a05f2704,UFC Fight Night: Benavidez vs. Figueiredo,2020-02-29,completed,"http://www.ufcstats.com/fight-details/e8219ea7da46f67f, http://www.ufcstats.com/fight-details/8a85dffa80e6c7bd, http://www.ufcstats.com/fight-details/f5b49f4c5a27e53b, http://www.ufcstats.com/fight-details/671f42536454e541, http://www.ufcstats.com/fight-details/eba6055d217d5b99, http://www.ufcstats.com/fight-details/0e3af9b5e1b3ae80, http://www.ufcstats.com/fight-details/d9a218ac3e148541, http://www.ufcstats.com/fight-details/e30b9829e42aa4ca, http://www.ufcstats.com/fight-details/9d2f7d29bb9c9034, http://www.ufcstats.com/fight-details/59861c3d19eb46ef, http://www.ufcstats.com/fight-details/0bcb04163f8d8ead, http://www.ufcstats.com/fight-details/533d0b5c0adfa15f",2026-03-30T11:06:11Z,2026-08-08T18:39:31Z
14633aa4-aab1-5dbe-93d8-5b78bfa86beb,http://www.ufcstats.com/event-details/0b5b6876c2a4723f,UFC 248: Adesanya vs. Romero,2020-03-07,completed,"http://www.ufcstats.com/fight-details/b46f2f007b622bce, http://www.ufcstats.com/fight-details/cf0a6466b762c668, http://www.ufcstats.com/fight-details/891470d896b1de5a, http://www.ufcstats.com/fight-details/d66a8591af39ca7b, http://www.ufcstats.com/fight-details/4d607b6ddc77a34c, http://www.ufcstats.com/fight-details/cd258394e8d58d04, http://www.ufcstats.com/fight-details/60c441c5838dfac2, http://www.ufcstats.com/fight-details/a70c43cafabc73c3, http://www.ufcstats.com/fight-details/d671f436fab2a252, http://www.ufcstats.com/fight-details/daa38964824f1b9f, http://www.ufcstats.com/fight-details/467e08195b29e857",2026-03-30T11:06:12Z,2026-08-08T18:39:32Z
a2871c0d-6053-57be-b321-a693d54c1df8,http://www.ufcstats.com/event-details/53278852bcd91e11,UFC Fight Night: Lee vs. Oliveira,2020-03-14,completed,"http://www.ufcstats.com/fight-details/e0b323dae5bf4c90, http://www.ufcstats.com/fight-details/5cee1d8f1e43d6f5, http://www.ufcstats.com/fight-details/c26a3f4c08333886, http://www.ufcstats.com/fight-details/5bba49d88db7430f, http://www.ufcstats.com/fight-details/dc45c8d70e256749, http://www.ufcstats.com/fight-details/b3c74554c871fbf8, http://www.ufcstats.com/fight-details/ea303a8e6e31f264, http://www.ufcstats.com/fight-details/9fc6aba53508dc48, http://www.ufcstats.com/fight-details/e2503ed6a1f9257d, http://www.ufcstats.com/fight-details/2a1826612a7d739c, http://www.ufcstats.com/fight-details/1a2d13834696c4ab, http://www.ufcstats.com/fight-details/ef526567c4dcf371",2026-03-30T11:06:13Z,2026-08-08T18:39:34Z
e411a1b4-1d0a-523d-aec6-07aab99ceded,http://www.ufcstats.com/event-details/898337ef520fe4d3,UFC 249: Ferguson vs. Gaethje,2020-05-09,completed,"http://www.ufcstats.com/fight-details/d395828f5cb045a5, http://www.ufcstats.com/fight-details/4e77cc2c8d604241, http://www.ufcstats.com/fight-details/fcfaa28ed6888088, http://www.ufcstats.com/fight-details/02f5621f480ad1d4, http://www.ufcstats.com/fight-details/f0d4652f8edfbe6d, http://www.ufcstats.com/fight-details/b9abcce29378e5cc, http://www.ufcstats.com/fight-details/593f3b051aa82b0f, http://www.ufcstats.com/fight-details/f2520dd5457ab293, http://www.ufcstats.com/fight-details/3f810c3433dddb80, http://www.ufcstats.com/fight-details/08244974cf39ae38, http://www.ufcstats.com/fight-details/b70dfff154b135bf",2026-03-30T11:06:14Z,2026-08-08T18:39:35Z
25658842-c82e-5729-a42b-1c1267e4224e,http://www.ufcstats.com/event-details/5f8e00c27b7e7410,UFC Fight Night: Smith vs. Teixeira,2020-05-13,completed,"http://www.ufcstats.com/fight-details/8539c4b795d33a92, http://www.ufcstats.com/fight-details/394ae51820bedd4c, http://www.ufcstats.com/fight-details/46c050a827ee83d6, http://www.ufcstats.com/fight-details/3094e82731ec55e7, http://www.ufcstats.com/fight-details/312946f6b72ebd51, http://www.ufcstats.com/fight-details/87f58feac6b50367, http://www.ufcstats.com/fight-details/fbbba3da4438cb04, http://www.ufcstats.com/fight-details/918103d82ecbed75, http://www.ufcstats.com/fight-details/3ce634d03af7e14c, http://www.ufcstats.com/fight-details/b2ca310c9d0037d3",2026-03-30T11:06:15Z,2026-08-08T18:39:36Z
d26a5b57-24d7-534a-8445-9ff2fe397531,http://www.ufcstats.com/event-details/dfb965c9824425db,UFC Fight Night: Overeem vs. Harris,2020-05-16,completed,"http://www.ufcstats.com/fight-details/ce0748519d5ea5c6, http://www.ufcstats.com/fight-details/27bfb9205119f23b, http://www.ufcstats.com/fight-details/58540b24ed77d31b, http://www.ufcstats.com/fight-details/821a1c6f5d7fab14, http://www.ufcstats.com/fight-details/81f2f2d4b0302590, http://www.ufcstats.com/fight-details/adac148ee6fa3bf7, http://www.ufcstats.com/fight-details/51461da4ba467901, http://www.ufcstats.com/fight-details/b1e66cea3a4d4709, http://www.ufcstats.com/fight-details/f039c93516e48253, http://www.ufcstats.com/fight-details/906283a2adcbc3e0, http://www.ufcstats.com/fight-details/ebe122e962d26fa4",2026-03-30T11:06:17Z,2026-08-08T18:39:38Z
114dc533-fece-5477-a59e-b8bee404f8ea,http://www.ufcstats.com/event-details/14b9e0f2679a2205,UFC Fight Night: Woodley vs. Burns,2020-05-30,completed,"http://www.ufcstats.com/fight-details/e9eab0fa03eecd9b, http://www.ufcstats.com/fight-details/a6743d41b0b95271, http://www.ufcstats.com/fight-details/1e9a2b197ebff074, http://www.ufcstats.com/fight-details/03e5127d4832750c, http://www.ufcstats.com/fight-details/3640defb8294bd37, http://www.ufcstats.com/fight-details/a41384da70013373, http://www.ufcstats.com/fight-details/767819f321431bed, http://www.ufcstats.com/fight-details/0fcf42b68f2f0fa3, http://www.ufcstats.com/fight-details/0170db5fad04e4d0, http://www.ufcstats.com/fight-details/57dec2b07b75dada, http://www.ufcstats.com/fight-details/2300ad7f87080ad7",2026-03-30T11:06:18Z,2026-08-08T18:39:39Z
4d6cfa5a-0658-5211-aa2b-5ca5de535e67,http://www.ufcstats.com/event-details/4c12aa7ca246e7a4,UFC 250: Nunes vs. Spencer,2020-06-06,completed,"http://www.ufcstats.com/fight-details/dc38c78358e053c3, http://www.ufcstats.com/fight-details/0ddf834a47533d15, http://www.ufcstats.com/fight-details/c03b6b6ce5d03276, http://www.ufcstats.com/fight-details/8bede5047e97d602, http://www.ufcstats.com/fight-details/58584ccd0f63e3f3, http://www.ufcstats.com/fight-details/f2cd665eab69876a, http://www.ufcstats.com/fight-details/6fe8bce03a46350b, http://www.ufcstats.com/fight-details/c6ca435e24c5f4e4, http://www.ufcstats.com/fight-details/1c7ea3928c7d0ad8, http://www.ufcstats.com/fight-details/de4c4997f1429dd1, http://www.ufcstats.com/fight-details/5fdf6611815efdfb, http://www.ufcstats.com/fight-details/20ba608a6e717f05",2026-03-30T11:06:19Z,2026-08-08T18:39:40Z
b624fd33-cec3-5f88-ab6b-b95b8c1fcd43,http://www.ufcstats.com/event-details/1e13936d708bcff7,UFC Fight Night: Eye vs. Calvillo,2020-06-13,completed,"http://www.ufcstats.com/fight-details/b8b692aa2aae3310, http://www.ufcstats.com/fight-details/e857ca0bc3b9fdcd, http://www.ufcstats.com/fight-details/1109a8f2adc81ce0, http://www.ufcstats.com/fight-details/cab532b4544580bd, http://www.ufcstats.com/fight-details/e36b8b88646f72f8, http://www.ufcstats.com/fight-details/7606d2f8d8b0e889, http://www.ufcstats.com/fight-details/05061dd590c9eb34, http://www.ufcstats.com/fight-details/97125cd6a94b6394, http://www.ufcstats.com/fight-details/dfbb110855354039, http://www.ufcstats.com/fight-details/58e72b1a38880ba9",2026-03-30T11:06:20Z,2026-08-08T18:39:41Z
a4cbab73-5ff7-5bd4-9f89-30fccd334fa9,http://www.ufcstats.com/event-details/2eab7a6c8b0ed8cc,UFC Fight Night: Blaydes vs. Volkov,2020-06-20,completed,"http://www.ufcstats.com/fight-details/0c3622569cd8062a, http://www.ufcstats.com/fight-details/4f99b4a39925cb47, http://www.ufcstats.com/fight-details/8b9e9f283e76b429, http://www.ufcstats.com/fight-details/f00921c62315be96, http://www.ufcstats.com/fight-details/9b39e15b42422a08, http://www.ufcstats.com/fight-details/d851cbbbdfd05a49, http://www.ufcstats.com/fight-details/1adee75d6c671cc8, http://www.ufcstats.com/fight-details/f044802db5688bbe, http://www.ufcstats.com/fight-details/90715135a543b6e3, http://www.ufcstats.com/fight-details/7f0175f71481b63d, http://www.ufcstats.com/fight-details/088b47d890b389e9, http://www.ufcstats.com/fight-details/d333a6c34ff16397",2026-03-30T11:06:21Z,2026-08-08T18:39:42Z
33d4c3e5-ae75-5429-acc5-90ef1823f69b,http://www.ufcstats.com/event-details/c32eab6c2119e989,UFC Fight Night: Poirier vs. Hooker,2020-06-27,completed,"http://www.ufcstats.com/fight-details/f8dd1e75978a3957, http://www.ufcstats.com/fight-details/f2d9814936a6eb35, http://www.ufcstats.com/fight-details/9ce56acac775d386, http://www.ufcstats.com/fight-details/cfd47fddbb705f26, http://www.ufcstats.com/fight-details/67ed3ad521ef619c, http://www.ufcstats.com/fight-details/8a8fea2c10512434, http://www.ufcstats.com/fight-details/9025e3c6b6d71253, http://www.ufcstats.com/fight-details/75570ea2da94a4fb, http://www.ufcstats.com/fight-details/1b8d366ac0f110f3, http://www.ufcstats.com/fight-details/0f369d09416b9e34",2026-03-30T11:06:23Z,2026-08-08T18:39:43Z
e6edc199-2085-55cd-82ba-d576f8ec4abd,http://www.ufcstats.com/event-details/dbd198f780286aca,UFC 251: Usman vs. Masvidal,2020-07-11,completed,"http://www.ufcstats.com/fight-details/d292243c6499b2fe, http://www.ufcstats.com/fight-details/94b1596c6ff9a25d, http://www.ufcstats.com/fight-details/0f9be7ac405772f8, http://www.ufcstats.com/fight-details/e16f42a666e163d8, http://www.ufcstats.com/fight-details/6e0c1faaf40caf9a, http://www.ufcstats.com/fight-details/cd8cdb539deaa47f, http://www.ufcstats.com/fight-details/ce7cd2ec773bea7f, http://www.ufcstats.com/fight-details/159646a9d2ae8ea5, http://www.ufcstats.com/fight-details/7c76c752c7abf2e0, http://www.ufcstats.com/fight-details/137646de0ffd9c35, http://www.ufcstats.com/fight-details/0e8d5c16eb9cb1cf, http://www.ufcstats.com/fight-details/08e48648e3504638, http://www.ufcstats.com/fight-details/5d6fb4acfe5cc8a1",2026-03-30T11:06:24Z,2026-08-08T18:39:44Z
4e329481-57d1-59ba-82f8-96fef62e0ba9,http://www.ufcstats.com/event-details/18f5669a92e99d92,UFC Fight Night: Kattar vs. Ige,2020-07-15,completed,"http://www.ufcstats.com/fight-details/abeaae1a64934178, http://www.ufcstats.com/fight-details/7dbf23cb872edc9c, http://www.ufcstats.com/fight-details/d4c314616eac8f8b, http://www.ufcstats.com/fight-details/15def71ff1679e06, http://www.ufcstats.com/fight-details/33d2a1dbb8a7fef5, http://www.ufcstats.com/fight-details/7fd810af30144119, http://www.ufcstats.com/fight-details/f3efc6121c5323ff, http://www.ufcstats.com/fight-details/0e969ae805006d1f, http://www.ufcstats.com/fight-details/819f51ef9d945a46, http://www.ufcstats.com/fight-details/dccea04cc3567955, http://www.ufcstats.com/fight-details/f3c42ce9fad55eb7",2026-03-30T11:06:26Z,2026-08-08T18:39:45Z
246622b1-7f3b-56ec-83b4-2acf738636b0,http://www.ufcstats.com/event-details/ddbd0d6259ce57cc,UFC Fight Night: Figueiredo vs. Benavidez 2,2020-07-18,completed,"http://www.ufcstats.com/fight-details/4dc5039b21013b3a, http://www.ufcstats.com/fight-details/fcfd2e6eed519cb9, http://www.ufcstats.com/fight-details/e5872dfa5b93fcbb, http://www.ufcstats.com/fight-details/c4c379b8f99fea88, http://www.ufcstats.com/fight-details/ba4485ce4e8e3fe1, http://www.ufcstats.com/fight-details/e5a9f75b1117d848, http://www.ufcstats.com/fight-details/bb881d4ee6dfbf86, http://www.ufcstats.com/fight-details/b76c0b0ed2926737, http://www.ufcstats.com/fight-details/b5f70d0c88f12645, http://www.ufcstats.com/fight-details/b9b0da84b243213f, http://www.ufcstats.com/fight-details/ecb24300bb3bef8c, http://www.ufcstats.com/fight-details/147e31abbe3927d0",2026-03-30T11:06:27Z,2026-08-08T18:39:47Z
ad35b2f6-e962-5886-b3e4-f05b49ccf0be,http://www.ufcstats.com/event-details/dde70a112e053a6c,UFC Fight Night: Whittaker vs. Till,2020-07-25,completed,"http://www.ufcstats.com/fight-details/11f715fa5e825e51, http://www.ufcstats.com/fight-details/a3820f1eb82f2ba6, http://www.ufcstats.com/fight-details/f786136e55007e17, http://www.ufcstats.com/fight-details/5632f2364016e879, http://www.ufcstats.com/fight-details/74dae3d87a99cf5d, http://www.ufcstats.com/fight-details/58e07add007685f8, http://www.ufcstats.com/fight-details/573d3a6984cbcd29, http://www.ufcstats.com/fight-details/3b209a2aee014ac2, http://www.ufcstats.com/fight-details/407e1c6850e7022c, http://www.ufcstats.com/fight-details/6cfab1da57d260f4, http://www.ufcstats.com/fight-details/32b0e450b11b32fe, http://www.ufcstats.com/fight-details/88d3b6b833e31712, http://www.ufcstats.com/fight-details/54bbc7974df586a1, http://www.ufcstats.com/fight-details/87daaa6db4f6940c, http://www.ufcstats.com/fight-details/67db05bac9165722",2026-03-30T11:06:28Z,2026-08-08T18:39:47Z
daa1f38e-4fab-5e8c-8e43-a55afb542333,http://www.ufcstats.com/event-details/3746e21bb508391a,UFC Fight Night: Brunson vs. Shahbazyan,2020-08-01,completed,"http://www.ufcstats.com/fight-details/0b88d0c76f9cd7e4, http://www.ufcstats.com/fight-details/5885445f39dac389, http://www.ufcstats.com/fight-details/2fb1abeb337e0ccc, http://www.ufcstats.com/fight-details/0b21755eb0897396, http://www.ufcstats.com/fight-details/94b48b98d0292720, http://www.ufcstats.com/fight-details/6ba9f6a7a9361354, http://www.ufcstats.com/fight-details/76b9a338597fc604, http://www.ufcstats.com/fight-details/dcf161082c849205",2026-03-30T11:06:29Z,2026-08-08T18:39:48Z
3e97c8e2-95cf-512a-b5f2-9525e3986afd,http://www.ufcstats.com/event-details/7a82635ffa9b59fe,UFC Fight Night: Lewis vs. Oleinik,2020-08-08,completed,"http://www.ufcstats.com/fight-details/a2e34655a41ba45c, http://www.ufcstats.com/fight-details/22e10b23784e5efc, http://www.ufcstats.com/fight-details/c2ddadfa1a1056be, http://www.ufcstats.com/fight-details/ad62675e819e92fc, http://www.ufcstats.com/fight-details/cfb189e326553f0a, http://www.ufcstats.com/fight-details/6f1892ed71d943d7, http://www.ufcstats.com/fight-details/05f6459d1f3ed13f, http://www.ufcstats.com/fight-details/26173f6491300eaa, http://www.ufcstats.com/fight-details/e8f4e8ff49678b44, http://www.ufcstats.com/fight-details/1308213458d8596b, http://www.ufcstats.com/fight-details/e255fc129f225a55, http://www.ufcstats.com/fight-details/5c8d9d893d163d51",2026-03-30T11:06:31Z,2026-08-08T18:39:50Z
9f58d4ac-dcf5-5c1f-9191-2e65046dea35,http://www.ufcstats.com/event-details/bda04c573563cc2e,UFC 252: Miocic vs. Cormier 3,2020-08-15,completed,"http://www.ufcstats.com/fight-details/3bdacc82209b33f5, http://www.ufcstats.com/fight-details/7200343d2e957cf3, http://www.ufcstats.com/fight-details/dc24c4759651c6ad, http://www.ufcstats.com/fight-details/0d9e9127c62811f9, http://www.ufcstats.com/fight-details/57939328c1214107, http://www.ufcstats.com/fight-details/054794810817c1cc, http://www.ufcstats.com/fight-details/5081319e58f9759f, http://www.ufcstats.com/fight-details/3e4b8bd71e8bceb2, http://www.ufcstats.com/fight-details/745bdd823161da89, http://www.ufcstats.com/fight-details/2e9ad55f2e2f7c56, http://www.ufcstats.com/fight-details/86deadaab9905a03",2026-03-30T11:06:32Z,2026-08-08T18:39:51Z
a35bf512-9ba6-5047-8a41-0e3ec55fd9ad,http://www.ufcstats.com/event-details/af1e5c64b8663aa0,UFC Fight Night: Munhoz vs. Edgar,2020-08-22,completed,"http://www.ufcstats.com/fight-details/dfe14e13aa727a0c, http://www.ufcstats.com/fight-details/5d9a3bfdcd28abb8, http://www.ufcstats.com/fight-details/23e548f618dd0e5f, http://www.ufcstats.com/fight-details/37a6fc5e69a7932d, http://www.ufcstats.com/fight-details/cfa0dbc7534f3545, http://www.ufcstats.com/fight-details/0a3e48cdd97267f4, http://www.ufcstats.com/fight-details/0ccc86f7d0e84c3e, http://www.ufcstats.com/fight-details/949619e1b1de9e5f, http://www.ufcstats.com/fight-details/7ada9af99946d456",2026-03-30T11:06:33Z,2026-08-08T18:39:52Z
12ae6874-e99b-5c43-af41-3e0e2c93e327,http://www.ufcstats.com/event-details/e29cf523ebd155c5,UFC Fight Night: Smith vs. Rakic,2020-08-29,completed,"http://www.ufcstats.com/fight-details/1ff4586752ee8a93, http://www.ufcstats.com/fight-details/864cddd6e165ea2d, http://www.ufcstats.com/fight-details/0a9f22de8600c762, http://www.ufcstats.com/fight-details/3a8e4b830750e9d4, http://www.ufcstats.com/fight-details/eb9097be07a3c26a, http://www.ufcstats.com/fight-details/0a7517a16d2d9db6, http://www.ufcstats.com/fight-details/d43c007dab9c51b0, http://www.ufcstats.com/fight-details/c5ba56d51f6b0171, http://www.ufcstats.com/fight-details/16358c536d739017, http://www.ufcstats.com/fight-details/e1e31a8dfa9c27f6",2026-03-30T11:06:35Z,2026-08-08T18:39:54Z
4e8c1603-0fe5-5ff2-a354-18cbd0c2d959,http://www.ufcstats.com/event-details/542db012217ecb83,UFC Fight Night: Overeem vs. Sakai,2020-09-05,completed,"http://www.ufcstats.com/fight-details/24341a8cf1152c5c, http://www.ufcstats.com/fight-details/0e809b7e37681783, http://www.ufcstats.com/fight-details/0f279b25ccbecc76, http://www.ufcstats.com/fight-details/e8206c7380441fbb, http://www.ufcstats.com/fight-details/7595aabe89020780, http://www.ufcstats.com/fight-details/7930c605c6a6ec88, http://www.ufcstats.com/fight-details/7340b4cbdbac5863",2026-03-30T11:06:36Z,2026-08-08T18:39:55Z
992819bb-2f28-535f-b740-daadaff80e81,http://www.ufcstats.com/event-details/9c37681096c6f3a9,UFC Fight Night: Waterson vs. Hill,2020-09-12,completed,"http://www.ufcstats.com/fight-details/0ffbf3096a13b47e, http://www.ufcstats.com/fight-details/1ed8776f978a0155, http://www.ufcstats.com/fight-details/764012f51c7dc223, http://www.ufcstats.com/fight-details/3901d9cdbb0949bc, http://www.ufcstats.com/fight-details/06910bddb0745856, http://www.ufcstats.com/fight-details/c58aaabf2c5635d7, http://www.ufcstats.com/fight-details/cf0e0f95524f187a, http://www.ufcstats.com/fight-details/e1bb0b615c02d715, http://www.ufcstats.com/fight-details/2461756d8acd56d2, http://www.ufcstats.com/fight-details/bcc9dca5136fc765, http://www.ufcstats.com/fight-details/463fc1fd1f17befb, http://www.ufcstats.com/fight-details/ed8fb10b596e6fa4",2026-03-30T11:06:37Z,2026-08-08T18:39:56Z
461cbf43-1819-5cc3-845d-10f431f48102,http://www.ufcstats.com/event-details/831b937811804dad,UFC Fight Night: Covington vs. Woodley,2020-09-19,completed,"http://www.ufcstats.com/fight-details/ca531425f5c042db, http://www.ufcstats.com/fight-details/c0568b225d5f0fe6, http://www.ufcstats.com/fight-details/498766b46b8b4a7f, http://www.ufcstats.com/fight-details/1a484c452623181e, http://www.ufcstats.com/fight-details/859ca56770ac7672, http://www.ufcstats.com/fight-details/78c3ca588e55bf31, http://www.ufcstats.com/fight-details/36807d8a7ebc84a5, http://www.ufcstats.com/fight-details/aa08ebe1a69c76ca, http://www.ufcstats.com/fight-details/4f3cd94861c6a876, http://www.ufcstats.com/fight-details/bf614956b28f231c, http://www.ufcstats.com/fight-details/36656dfa32341671, http://www.ufcstats.com/fight-details/42ecb9a94bebc24d, http://www.ufcstats.com/fight-details/3a38b0b566f3045d, http://www.ufcstats.com/fight-details/579f3280456ad450",2026-03-30T11:06:38Z,2026-08-08T18:39:57Z
35992122-b4a1-5f5e-8f18-27061834887e,http://www.ufcstats.com/event-details/e69c5ce12f4e762b,UFC 253: Adesanya vs. Costa,2020-09-26,completed,"http://www.ufcstats.com/fight-details/fd76b75c28dc247a, http://www.ufcstats.com/fight-details/4c12c9085200121f, http://www.ufcstats.com/fight-details/9e674a02db6c03c8, http://www.ufcstats.com/fight-details/e842c6f63fa2e27a, http://www.ufcstats.com/fight-details/5a00c73efbcf323e, http://www.ufcstats.com/fight-details/9f4d6d192ab4a027, http://www.ufcstats.com/fight-details/73dbbdfcf7f989c0, http://www.ufcstats.com/fight-details/eed8c9955cad1e30, http://www.ufcstats.com/fight-details/5fb63c34935acce9, http://www.ufcstats.com/fight-details/8e7b2d62f834b417, http://www.ufcstats.com/fight-details/e10481ee3fda7080",2026-03-30T11:06:39Z,2026-08-08T18:39:59Z
6529725f-7457-5d36-a445-c87b03b3780d,http://www.ufcstats.com/event-details/805ad1801eb26abb,UFC Fight Night: Holm vs. Aldana,2020-10-03,completed,"http://www.ufcstats.com/fight-details/0005e00b07cee542, http://www.ufcstats.com/fight-details/ba6093c9136f99e9, http://www.ufcstats.com/fight-details/81b16b26774be5d1, http://www.ufcstats.com/fight-details/c00a8682fb5b71bd, http://www.ufcstats.com/fight-details/1e7caef3f6dfde10, http://www.ufcstats.com/fight-details/24ff0bb908095565, http://www.ufcstats.com/fight-details/f4e262b04f4e94bd, http://www.ufcstats.com/fight-details/15a422574c3b89e1, http://www.ufcstats.com/fight-details/87105c63df95f929, http://www.ufcstats.com/fight-details/ac6b2a5f24c2b8bd, http://www.ufcstats.com/fight-details/d866afa89d62a4ae",2026-03-30T11:06:40Z,2026-08-08T18:40:00Z
73ad1232-3c32-5d79-b5e7-9704808d1087,http://www.ufcstats.com/event-details/fd4578cac86d75ca,UFC Fight Night: Moraes vs. Sandhagen,2020-10-10,completed,"http://www.ufcstats.com/fight-details/727ecd251325b6a8, http://www.ufcstats.com/fight-details/db5802643b9fd7d4, http://www.ufcstats.com/fight-details/1720a97a2fa261f8, http://www.ufcstats.com/fight-details/e64075c104471ff0, http://www.ufcstats.com/fight-details/e4d831dc318e4e98, http://www.ufcstats.com/fight-details/22fe6779c3fa649d, http://www.ufcstats.com/fight-details/7c4eb0b4845eb0ed, http://www.ufcstats.com/fight-details/1e525f9857019a2e, http://www.ufcstats.com/fight-details/ee57cbd0b68c689d, http://www.ufcstats.com/fight-details/dfb856d4c80bbf04, http://www.ufcstats.com/fight-details/89dd4c256ca5d317, http://www.ufcstats.com/fight-details/849cc2c331e9b24f, http://www.ufcstats.com/fight-details/dbb5d682a2d7f584",2026-03-30T11:06:42Z,2026-08-08T18:40:01Z
c5a43cb4-446e-599c-81bc-dc4b4c8e02e1,http://www.ufcstats.com/event-details/d4f364dd076bb0e2,UFC Fight Night: Ortega vs. The Korean Zombie,2020-10-17,completed,"http://www.ufcstats.com/fight-details/5a440bdee19efaab, http://www.ufcstats.com/fight-details/e7a915f39ecf6db0, http://www.ufcstats.com/fight-details/948da1b7ebbb06b3, http://www.ufcstats.com/fight-details/4eb5f99202f5fe97, http://www.ufcstats.com/fight-details/e4d0be5ae320c4ae, http://www.ufcstats.com/fight-details/e5279358b128c2ac, http://www.ufcstats.com/fight-details/9b6135943a4c8fe7, http://www.ufcstats.com/fight-details/50e0bcba7551a25f, http://www.ufcstats.com/fight-details/2735a2ea77ddc0b5, http://www.ufcstats.com/fight-details/b3e12698e65cf8d0, http://www.ufcstats.com/fight-details/024a04f78b37b7d9",2026-03-30T11:06:43Z,2026-08-08T18:40:02Z
4082436f-51c2-51ec-89cd-40a61b75cc27,http://www.ufcstats.com/event-details/c3c38c86f5ab9b5c,UFC 254: Khabib vs. Gaethje,2020-10-24,completed,"http://www.ufcstats.com/fight-details/59eea37af7efb06c, http://www.ufcstats.com/fight-details/51108eabae8391ca, http://www.ufcstats.com/fight-details/ccfe7b0d29c5440c, http://www.ufcstats.com/fight-details/a2620cbef573a837, http://www.ufcstats.com/fight-details/e8ef17c0babcfca5, http://www.ufcstats.com/fight-details/eedcb6c5d163e581, http://www.ufcstats.com/fight-details/6eaa4981d0335c8a, http://www.ufcstats.com/fight-details/de2069fea664c4b7, http://www.ufcstats.com/fight-details/5b062be91c65fb73, http://www.ufcstats.com/fight-details/55c257629ecea80f, http://www.ufcstats.com/fight-details/47f9c14a7dca1ad7, http://www.ufcstats.com/fight-details/2279d909f6e3e552",2026-03-30T11:06:44Z,2026-08-08T18:40:03Z
14fe987b-079c-5cb7-a78e-2baeea51ba09,http://www.ufcstats.com/event-details/ad044be25c94dcfd,UFC Fight Night: Hall vs. Silva,2020-10-31,completed,"http://www.ufcstats.com/fight-details/039c645e8f3ac00f, http://www.ufcstats.com/fight-details/83955de599b2d874, http://www.ufcstats.com/fight-details/d763ad79532b27ff, http://www.ufcstats.com/fight-details/997dcf5fd2eb0f2f, http://www.ufcstats.com/fight-details/6915d46b49999f60, http://www.ufcstats.com/fight-details/95beb5ec32718faf, http://www.ufcstats.com/fight-details/4e566bd7094b49da, http://www.ufcstats.com/fight-details/09f5fb0bec3c948a, http://www.ufcstats.com/fight-details/696ff200d98fa878, http://www.ufcstats.com/fight-details/783761d95060ffc4, http://www.ufcstats.com/fight-details/7e6f12a95c14f9de",2026-03-30T11:06:45Z,2026-08-08T18:40:04Z
1f140f98-e050-5dbb-bb34-12815e6b3138,http://www.ufcstats.com/event-details/41dca66f9dadfc86,UFC Fight Night: Santos vs. Teixeira,2020-11-07,completed,"http://www.ufcstats.com/fight-details/923e151bd990961b, http://www.ufcstats.com/fight-details/f0cf92b063735164, http://www.ufcstats.com/fight-details/6ac3d588f9630f0a, http://www.ufcstats.com/fight-details/0fed97329b78b887, http://www.ufcstats.com/fight-details/b76590c02f86e705, http://www.ufcstats.com/fight-details/fea7dd5904ab4c91, http://www.ufcstats.com/fight-details/2267d967d1daf08a, http://www.ufcstats.com/fight-details/69fa167ba5d0fd82, http://www.ufcstats.com/fight-details/55019da3a4bd5d54, http://www.ufcstats.com/fight-details/cb720b01fd6f9785",2026-03-30T11:06:47Z,2026-08-08T18:40:05Z
ee4d9415-c436-55de-b7f7-efea662f5a37,http://www.ufcstats.com/event-details/3bc27ec15facbcf3,UFC Fight Night: Felder vs. Dos Anjos,2020-11-14,completed,"http://www.ufcstats.com/fight-details/80cb3cf9134b677c, http://www.ufcstats.com/fight-details/30eb24f7904c2128, http://www.ufcstats.com/fight-details/34db1e0e2499e7ae, http://www.ufcstats.com/fight-details/fa6e8fa6c3f05e31, http://www.ufcstats.com/fight-details/742dc4196d329db0, http://www.ufcstats.com/fight-details/470391c4067bf49b, http://www.ufcstats.com/fight-details/9e4dcac049327529, http://www.ufcstats.com/fight-details/d80fd2ec736f7df2, http://www.ufcstats.com/fight-details/f6472ca263a863d1",2026-03-30T11:06:48Z,2026-08-08T18:40:07Z
f1c8d61e-2a12-5eab-83ab-ebeb6b59ccbe,http://www.ufcstats.com/event-details/bbb15f301e4a490a,UFC 255: Figueiredo vs. Perez,2020-11-21,completed,"http://www.ufcstats.com/fight-details/3c098e2946b4c824, http://www.ufcstats.com/fight-details/c93eebe24aa0299d, http://www.ufcstats.com/fight-details/2b13651b97f57b6c, http://www.ufcstats.com/fight-details/08ef2ed7393efd24, http://www.ufcstats.com/fight-details/1671723154d8e324, http://www.ufcstats.com/fight-details/8d5ea3bf3be7cb91, http://www.ufcstats.com/fight-details/6c1b38dd918793ff, http://www.ufcstats.com/fight-details/a485281be8e9d2e2, http://www.ufcstats.com/fight-details/e22d5aab3d099c7c, http://www.ufcstats.com/fight-details/a02764f92a84dd36, http://www.ufcstats.com/fight-details/90eb22b9eb6ed2a8, http://www.ufcstats.com/fight-details/91afc389191d41fb",2026-03-30T11:06:50Z,2026-08-08T18:40:08Z
fa7e251c-561a-597d-825d-43414fadcc95,http://www.ufcstats.com/event-details/992c82450d96f726,UFC Fight Night: Smith vs. Clark,2020-11-28,completed,"http://www.ufcstats.com/fight-details/09a29fb09fe07559, http://www.ufcstats.com/fight-details/28b6ee9c3eb8b753, http://www.ufcstats.com/fight-details/32a7da2f34ae3803, http://www.ufcstats.com/fight-details/181c3312f14de5a8, http://www.ufcstats.com/fight-details/2a7909acde26a240, http://www.ufcstats.com/fight-details/4d56bcd82438e632, http://www.ufcstats.com/fight-details/0c27552ea7bc8c8a, http://www.ufcstats.com/fight-details/711f00d287344c77, http://www.ufcstats.com/fight-details/8868957c1735bcf0, http://www.ufcstats.com/fight-details/e64d80dcc6853ea0",2026-03-30T11:06:51Z,2026-08-08T18:40:09Z
ed3adcab-6c21-5e23-ae99-80c422319a18,http://www.ufcstats.com/event-details/398b440e73d55b8b,UFC Fight Night: Hermansson vs. Vettori,2020-12-05,completed,"http://www.ufcstats.com/fight-details/2723f4d275d3f619, http://www.ufcstats.com/fight-details/8d4a475e48722fea, http://www.ufcstats.com/fight-details/46860358da8b8d82, http://www.ufcstats.com/fight-details/4478ee77a647ae9d, http://www.ufcstats.com/fight-details/856fab879c68ded7, http://www.ufcstats.com/fight-details/771d8ce136a12a13, http://www.ufcstats.com/fight-details/b1be8b41b1a4fd85, http://www.ufcstats.com/fight-details/c4d1c4b82cf34afb",2026-03-30T11:06:52Z,2026-08-08T18:40:10Z
465954c3-0c70-54cc-98e8-94ebffad36f1,http://www.ufcstats.com/event-details/d0d43cb9b14f231c,UFC 256: Figueiredo vs. Moreno,2020-12-12,completed,"http://www.ufcstats.com/fight-details/c258996570faeec9, http://www.ufcstats.com/fight-details/b7b867eb3c3cf163, http://www.ufcstats.com/fight-details/27200d53ba9020b8, http://www.ufcstats.com/fight-details/4a172a5191cb8e60, http://www.ufcstats.com/fight-details/fe3ff5b1d9135add, http://www.ufcstats.com/fight-details/022bdd58cc6e571d, http://www.ufcstats.com/fight-details/cb7616f92a9a4e5b, http://www.ufcstats.com/fight-details/87d0b767742d3239, http://www.ufcstats.com/fight-details/5ddf45e816a50fac, http://www.ufcstats.com/fight-details/33d52ac2d70b8415",2026-03-30T11:06:53Z,2026-08-08T18:40:12Z
8c4d9bd7-a7b6-59ff-b3f7-262109c02083,http://www.ufcstats.com/event-details/e49c2db95e572dc8,UFC Fight Night: Thompson vs. Neal,2020-12-19,completed,"http://www.ufcstats.com/fight-details/c7375d5db21cbaae, http://www.ufcstats.com/fight-details/014f1da2083ca174, http://www.ufcstats.com/fight-details/3d35eb2d46bf74de, http://www.ufcstats.com/fight-details/8955ea3c7c332e6c, http://www.ufcstats.com/fight-details/cd150cd28738a7c5, http://www.ufcstats.com/fight-details/1c4602efe5587902, http://www.ufcstats.com/fight-details/4cb249714ff56656, http://www.ufcstats.com/fight-details/f004d3d50b78af50, http://www.ufcstats.com/fight-details/f2fb049980631302, http://www.ufcstats.com/fight-details/0fe4906754b2d0f9, http://www.ufcstats.com/fight-details/62e6eadbb2805760, http://www.ufcstats.com/fight-details/8da75fd76a9b8e1d",2026-03-30T11:06:54Z,2026-08-08T18:40:13Z
d7253853-ea51-512d-a634-187f9b321052,http://www.ufcstats.com/event-details/307064d3e0f036c2,UFC Fight Night: Holloway vs. Kattar,2021-01-16,completed,"http://www.ufcstats.com/fight-details/a4817b7e46028b4a, http://www.ufcstats.com/fight-details/6b0da0b1cda7799f, http://www.ufcstats.com/fight-details/aeb7ff8ce6e1beac, http://www.ufcstats.com/fight-details/775c1f401815bbd8, http://www.ufcstats.com/fight-details/358f816aff469270, http://www.ufcstats.com/fight-details/97ad63e644757cf4, http://www.ufcstats.com/fight-details/0165bd3c26f0c076, http://www.ufcstats.com/fight-details/3fcd53eb27945231, http://www.ufcstats.com/fight-details/97c80f69ac312030, http://www.ufcstats.com/fight-details/3d903bc35023f50a",2026-03-30T11:06:56Z,2026-08-08T18:40:14Z
314ec52b-e17c-5596-9b5a-9bfd553579c0,http://www.ufcstats.com/event-details/56116537d71a578c,UFC Fight Night: Chiesa vs. Magny,2021-01-20,completed,"http://www.ufcstats.com/fight-details/61bedad39b15db7a, http://www.ufcstats.com/fight-details/dd34dd337e637767, http://www.ufcstats.com/fight-details/4f6d3cdf2c77fb57, http://www.ufcstats.com/fight-details/a003e8305d4dbdc8, http://www.ufcstats.com/fight-details/57e784028ef2c17d, http://www.ufcstats.com/fight-details/d27ac1bc677b89cf, http://www.ufcstats.com/fight-details/ac475de5a3d0d7e2, http://www.ufcstats.com/fight-details/4abcf14faa7f92f2, http://www.ufcstats.com/fight-details/ddbe6fd66d7f9e35, http://www.ufcstats.com/fight-details/76b61ff4c9760f79, http://www.ufcstats.com/fight-details/4e451881e0e47b05, http://www.ufcstats.com/fight-details/031e6624f96aceb8, http://www.ufcstats.com/fight-details/11558384f80f6506, http://www.ufcstats.com/fight-details/ae38fb2a6b6a0cc1",2026-03-30T11:06:57Z,2026-08-08T18:40:16Z
f8b75486-43d0-5bf0-9f6e-e1854c5892d3,http://www.ufcstats.com/event-details/4304992c2acc187b,UFC 257: Poirier vs. McGregor,2021-01-23,completed,"http://www.ufcstats.com/fight-details/3d3e7dc7b4bf2bc4, http://www.ufcstats.com/fight-details/a5075f4eaee6036f, http://www.ufcstats.com/fight-details/c4ea3f6fae702459, http://www.ufcstats.com/fight-details/65352221c0bfe52d, http://www.ufcstats.com/fight-details/cd08b68f0bafafbf, http://www.ufcstats.com/fight-details/99dbe9669f31ed91, http://www.ufcstats.com/fight-details/92f569a6d9374b86, http://www.ufcstats.com/fight-details/83da743f6dda7dcc, http://www.ufcstats.com/fight-details/c597fd8bb66d54d8, http://www.ufcstats.com/fight-details/f3ccbfd7036f3cf3, http://www.ufcstats.com/fight-details/aaf45b095452be23",2026-03-30T11:06:59Z,2026-08-08T18:40:17Z
7ca77f30-0cdf-542b-8ffe-7b6927ec1681,http://www.ufcstats.com/event-details/a1153013cb5f628f,UFC Fight Night: Overeem vs. Volkov,2021-02-06,completed,"http://www.ufcstats.com/fight-details/8b9bdacca749ec90, http://www.ufcstats.com/fight-details/9ef858837dfc65eb, http://www.ufcstats.com/fight-details/f4fbb11055301e75, http://www.ufcstats.com/fight-details/2c81668d1459991f, http://www.ufcstats.com/fight-details/bbade63ca780668f, http://www.ufcstats.com/fight-details/af8ea6db042674ef, http://www.ufcstats.com/fight-details/464cc19d42446da9, http://www.ufcstats.com/fight-details/8c34e1e0d842618d, http://www.ufcstats.com/fight-details/d65da3a3bc675449, http://www.ufcstats.com/fight-details/86d6e09932c5b551, http://www.ufcstats.com/fight-details/eb4e9ec015533ab4, http://www.ufcstats.com/fight-details/3ac61bcb406e1a0c",2026-03-30T11:07:00Z,2026-08-08T18:40:18Z
1283411d-41f2-5117-90bd-f08f57565a06,http://www.ufcstats.com/event-details/3f7c14c7eca7195d,UFC 258: Usman vs. Burns,2021-02-13,completed,"http://www.ufcstats.com/fight-details/be94e5b7a35ce5f2, http://www.ufcstats.com/fight-details/25b8c932da5e91f4, http://www.ufcstats.com/fight-details/26fbf026beb8e9f8, http://www.ufcstats.com/fight-details/54e2490959f66dc2, http://www.ufcstats.com/fight-details/9201312dd860fa5a, http://www.ufcstats.com/fight-details/96b1430379c0694a, http://www.ufcstats.com/fight-details/8cf076524cad5a55, http://www.ufcstats.com/fight-details/17616514e8fdacb9, http://www.ufcstats.com/fight-details/f98e954823bd6e02, http://www.ufcstats.com/fight-details/357c5b86ec83b826",2026-03-30T11:07:01Z,2026-08-08T18:40:20Z
4d2882c0-acd8-5ee5-a1f9-6cf94e08eb1b,http://www.ufcstats.com/event-details/bfe95ec546692b13,UFC Fight Night: Blaydes vs. Lewis,2021-02-20,completed,"http://www.ufcstats.com/fight-details/b12bc15f384ecc42, http://www.ufcstats.com/fight-details/a4814d682954e8ab, http://www.ufcstats.com/fight-details/82243207b4dfce87, http://www.ufcstats.com/fight-details/8f7328fe18806fb0, http://www.ufcstats.com/fight-details/05ceb8b2f93993a6, http://www.ufcstats.com/fight-details/15b1c7ddc4415fdd, http://www.ufcstats.com/fight-details/931fd51ab69fb443, http://www.ufcstats.com/fight-details/990c2378caec68d4, http://www.ufcstats.com/fight-details/e175c1a0bff30187, http://www.ufcstats.com/fight-details/1d892fec31dc7ad7, http://www.ufcstats.com/fight-details/b9cd4910f0ecff45, http://www.ufcstats.com/fight-details/c3b6aa47e7532a7b",2026-03-30T11:07:03Z,2026-08-08T18:40:21Z
9b00c4e9-754f-57f0-9177-385aa940dadf,http://www.ufcstats.com/event-details/81b57acd6975ac06,UFC Fight Night: Rozenstruik vs. Gane,2021-02-27,completed,"http://www.ufcstats.com/fight-details/4a704dae3091adaf, http://www.ufcstats.com/fight-details/3a4e2dffcdd1c838, http://www.ufcstats.com/fight-details/f3ad8ad8d242678e, http://www.ufcstats.com/fight-details/c2ee423d1f0b4f6f, http://www.ufcstats.com/fight-details/6a0341234ecc4e87, http://www.ufcstats.com/fight-details/3eac2d47ac252f4b, http://www.ufcstats.com/fight-details/a7315147a7022a93, http://www.ufcstats.com/fight-details/11a83369d49ad138, http://www.ufcstats.com/fight-details/bc86601cf781a89c",2026-03-30T11:07:04Z,2026-08-08T18:40:22Z
88f921ff-d128-57d0-9a24-7f4f496b0ee5,http://www.ufcstats.com/event-details/6e2b1d631832921d,UFC 259: Blachowicz vs. Adesanya,2021-03-06,completed,"http://www.ufcstats.com/fight-details/7de9867b7cc2b1b1, http://www.ufcstats.com/fight-details/fd92fe0c494d0959, http://www.ufcstats.com/fight-details/15c9cb5f9320c555, http://www.ufcstats.com/fight-details/c06d7bb29bc24d00, http://www.ufcstats.com/fight-details/04a788abbbd1f256, http://www.ufcstats.com/fight-details/f4363f1317b47213, http://www.ufcstats.com/fight-details/5980ab31e4718a83, http://www.ufcstats.com/fight-details/ae5d14a9fc1ad19c, http://www.ufcstats.com/fight-details/873306ad79b62f5e, http://www.ufcstats.com/fight-details/2704d31de2c2f43b, http://www.ufcstats.com/fight-details/d170f6580e1c244f, http://www.ufcstats.com/fight-details/7ad09f889d2cdb6f, http://www.ufcstats.com/fight-details/50ef636148fa6fac, http://www.ufcstats.com/fight-details/e2abba69c3371618, http://www.ufcstats.com/fight-details/c096342c57a6f2c4",2026-03-30T11:07:05Z,2026-08-08T18:40:23Z
1ef77d67-2291-54ce-b4e1-88463961243a,http://www.ufcstats.com/event-details/8c90c1563972e44d,UFC Fight Night: Edwards vs. Muhammad,2021-03-13,completed,"http://www.ufcstats.com/fight-details/2c13b938e0f8190b, http://www.ufcstats.com/fight-details/4944437e73071671, http://www.ufcstats.com/fight-details/d15a87087b6f1452, http://www.ufcstats.com/fight-details/70aa6b8f863e6861, http://www.ufcstats.com/fight-details/01f262b68a6a2223, http://www.ufcstats.com/fight-details/dc48627a5f2daba9, http://www.ufcstats.com/fight-details/18c67631b76c18e5, http://www.ufcstats.com/fight-details/bb7ce8a6ba7f7cc5, http://www.ufcstats.com/fight-details/03bdbf2d18f3025d, http://www.ufcstats.com/fight-details/a6828a6dfb21d33c, http://www.ufcstats.com/fight-details/e8adfbbe0053c321, http://www.ufcstats.com/fight-details/8a7b0cd5ad9ca4fe, http://www.ufcstats.com/fight-details/d0ebb0551377a1c1",2026-03-30T11:07:07Z,2026-08-08T18:40:25Z
ca2753b9-712a-573b-8328-4eb6ffd65142,http://www.ufcstats.com/event-details/c36e1f4fa755ffb4,UFC Fight Night: Brunson vs. Holland,2021-03-20,completed,"http://www.ufcstats.com/fight-details/2efbcd870f1f7bc7, http://www.ufcstats.com/fight-details/edac9fd482177a64, http://www.ufcstats.com/fight-details/dd7f3f91ea6067d4, http://www.ufcstats.com/fight-details/afc86d1076c4c3a9, http://www.ufcstats.com/fight-details/9e45cc594a5a2506, http://www.ufcstats.com/fight-details/dcfbbebc0aee6ded, http://www.ufcstats.com/fight-details/a043e279434d5c8c, http://www.ufcstats.com/fight-details/68cf99b6551dc3b3, http://www.ufcstats.com/fight-details/b8a0047c927faa75, http://www.ufcstats.com/fight-details/55bf7f19a132e0fc",2026-03-30T11:07:08Z,2026-08-08T18:40:26Z
2f8638d8-07d5-5176-8a95-44d606e9e337,http://www.ufcstats.com/event-details/6597b611f1c32555,UFC 260: Miocic vs. Ngannou,2021-03-27,completed,"http://www.ufcstats.com/fight-details/b1eff235241e719b, http://www.ufcstats.com/fight-details/39d188fa9b95d550, http://www.ufcstats.com/fight-details/0aa335dbc4cb3473, http://www.ufcstats.com/fight-details/8317208cfb030ed3, http://www.ufcstats.com/fight-details/390694c179f05c7f, http://www.ufcstats.com/fight-details/48292a027df02443, http://www.ufcstats.com/fight-details/4b3af85b0df51d09, http://www.ufcstats.com/fight-details/6002c24f0b7f8cc7, http://www.ufcstats.com/fight-details/2220b73ece1730c3, http://www.ufcstats.com/fight-details/41622791b276ad9e",2026-03-30T11:07:10Z,2026-08-08T18:40:28Z
84e7729f-14bb-549d-8335-b4b610a0f1fc,http://www.ufcstats.com/event-details/9114c8ded5ccd71d,UFC Fight Night: Vettori vs. Holland,2021-04-10,completed,"http://www.ufcstats.com/fight-details/ddd63237f1b857a6, http://www.ufcstats.com/fight-details/71b81d8199a0fa19, http://www.ufcstats.com/fight-details/646eeca9447c6965, http://www.ufcstats.com/fight-details/0992795fd0fa06d0, http://www.ufcstats.com/fight-details/ac9a8b73e58f3d71, http://www.ufcstats.com/fight-details/e27c28928ed4390f, http://www.ufcstats.com/fight-details/998296216e7171ed, http://www.ufcstats.com/fight-details/7aebf01b5afc0109, http://www.ufcstats.com/fight-details/444f0a732695dc81, http://www.ufcstats.com/fight-details/1fee9eca658d9808, http://www.ufcstats.com/fight-details/93a1cd50374397c0, http://www.ufcstats.com/fight-details/cd5d9828b278181a, http://www.ufcstats.com/fight-details/3209bcfaf95de90b",2026-03-30T11:07:11Z,2026-08-08T18:40:29Z
27a2b2b4-cf53-5852-8b36-9fe9e476b02d,http://www.ufcstats.com/event-details/4a35913bd9aa4161,UFC Fight Night: Whittaker vs. Gastelum,2021-04-17,completed,"http://www.ufcstats.com/fight-details/f67aa0b16e16a9ea, http://www.ufcstats.com/fight-details/f2c82f027201ba21, http://www.ufcstats.com/fight-details/a850ba762f3c5334, http://www.ufcstats.com/fight-details/0b2c3c4306620d6d, http://www.ufcstats.com/fight-details/a33ecd2c88154890, http://www.ufcstats.com/fight-details/fdfe4e7cb2d0b665, http://www.ufcstats.com/fight-details/25d4376e00b16510, http://www.ufcstats.com/fight-details/627c0a50cff30405, http://www.ufcstats.com/fight-details/8d634c9240f161dd, http://www.ufcstats.com/fight-details/24ff385ca78c80d3",2026-03-30T11:07:12Z,2026-08-08T18:40:30Z
72d9bf87-ffb6-5eea-a0c7-d45f0cbc93be,http://www.ufcstats.com/event-details/27541033b97c076d,UFC 261: Usman vs. Masvidal 2,2021-04-24,completed,"http://www.ufcstats.com/fight-details/6a5eb525331fa1fc, http://www.ufcstats.com/fight-details/6d8da45352344964, http://www.ufcstats.com/fight-details/34d2632fd26e7078, http://www.ufcstats.com/fight-details/1820fed0fbcf6294, http://www.ufcstats.com/fight-details/00bbcd4a6d647fdf, http://www.ufcstats.com/fight-details/512af32553d9bd70, http://www.ufcstats.com/fight-details/c5dfce1eaa2dc169, http://www.ufcstats.com/fight-details/f5dd0a24a7dba53c, http://www.ufcstats.com/fight-details/6a7347d1da8a2b87, http://www.ufcstats.com/fight-details/eb5d62bda1581c62, http://www.ufcstats.com/fight-details/c3b8d8e7d256c307, http://www.ufcstats.com/fight-details/b5a8323de18f7e95, http://www.ufcstats.com/fight-details/a3cde349c8e018fb",2026-03-30T11:07:14Z,2026-08-08T18:40:31Z
288d1a65-359b-56bc-b645-f52dcdfa9071,http://www.ufcstats.com/event-details/d57e6a8971b6d2bd,UFC Fight Night: Reyes vs. Prochazka,2021-05-01,completed,"http://www.ufcstats.com/fight-details/394802bb096b403e, http://www.ufcstats.com/fight-details/2f82e8079ba354f4, http://www.ufcstats.com/fight-details/ec8d93ae99a7799d, http://www.ufcstats.com/fight-details/ffd8e8575a551875, http://www.ufcstats.com/fight-details/26202a4bd36d3fd2, http://www.ufcstats.com/fight-details/c9c79de21823d941, http://www.ufcstats.com/fight-details/d72f9b3ac742a9e3, http://www.ufcstats.com/fight-details/2ef09c8fe29251ac, http://www.ufcstats.com/fight-details/d6b5a6ad27a730ae, http://www.ufcstats.com/fight-details/78dc032441394331, http://www.ufcstats.com/fight-details/3d790112d2e6d851",2026-03-30T11:07:15Z,2026-08-08T18:40:32Z
55fd96e9-67ec-5c48-b6eb-037d6d69e7c6,http://www.ufcstats.com/event-details/58a36b4ccf5dc30e,UFC Fight Night: Rodriguez vs. Waterson,2021-05-08,completed,"http://www.ufcstats.com/fight-details/b948102c6205af63, http://www.ufcstats.com/fight-details/db2c805201a3116e, http://www.ufcstats.com/fight-details/178c4926223dca0c, http://www.ufcstats.com/fight-details/3f71ac21472f994c, http://www.ufcstats.com/fight-details/295a0bf12a7373c0, http://www.ufcstats.com/fight-details/00fbeda449926c13, http://www.ufcstats.com/fight-details/4ffbadfb86284af5, http://www.ufcstats.com/fight-details/8a95f0e3f9111f0c, http://www.ufcstats.com/fight-details/37fda56a435a9b24",2026-03-30T11:07:15Z,2026-08-08T18:40:34Z
c714ec38-ba1f-5e8f-a07c-6d68c500dd67,http://www.ufcstats.com/event-details/744f50016c39c26c,UFC 262: Oliveira vs. Chandler,2021-05-15,completed,"http://www.ufcstats.com/fight-details/fef29aa73bd5b907, http://www.ufcstats.com/fight-details/cfbaeb80b5ff7c00, http://www.ufcstats.com/fight-details/969aa613824c5dfe, http://www.ufcstats.com/fight-details/8cb4e3f056a84b0d, http://www.ufcstats.com/fight-details/6655a8da2655f2d0, http://www.ufcstats.com/fight-details/ca22bafab913aae7, http://www.ufcstats.com/fight-details/be2e28ba3bdeb400, http://www.ufcstats.com/fight-details/5573d46130d6b967, http://www.ufcstats.com/fight-details/2b894d87ad9aae05, http://www.ufcstats.com/fight-details/bfd672cac0726a9a, http://www.ufcstats.com/fight-details/1f2f27b36e79da74, http://www.ufcstats.com/fight-details/de332779baa1b103",2026-03-30T11:07:17Z,2026-08-08T18:40:35Z
fdd7b1e8-3b21-5175-a7d2-5e065eea3d1d,http://www.ufcstats.com/event-details/277ffed20cf07aea,UFC Fight Night: Font vs. Garbrandt,2021-05-22,completed,"http://www.ufcstats.com/fight-details/d16f7ab4e28171ea, http://www.ufcstats.com/fight-details/16369fa06392f6a0, http://www.ufcstats.com/fight-details/559c0c3d752f327a, http://www.ufcstats.com/fight-details/138f719d370e8ba0, http://www.ufcstats.com/fight-details/ae0afbff5ba07a34, http://www.ufcstats.com/fight-details/7f8340dfe4220c3e, http://www.ufcstats.com/fight-details/3627f5133ce55902, http://www.ufcstats.com/fight-details/e624d85a0d718578, http://www.ufcstats.com/fight-details/b381dc272b32ce03, http://www.ufcstats.com/fight-details/c7cf2194fe5c751f, http://www.ufcstats.com/fight-details/d44a814b106b94ff, http://www.ufcstats.com/fight-details/82d48296fd06c27f",2026-03-30T11:07:18Z,2026-08-08T18:40:37Z
520f8c7b-3b9d-5e7d-889e-81480bdb77d0,http://www.ufcstats.com/event-details/3b2485c8d5c8b580,UFC Fight Night: Rozenstruik vs. Sakai,2021-06-05,completed,"http://www.ufcstats.com/fight-details/2c0cddd12deb7450, http://www.ufcstats.com/fight-details/f187c7ec92f43828, http://www.ufcstats.com/fight-details/bb6438338bb8aebf, http://www.ufcstats.com/fight-details/5c0e5d850d8e661f, http://www.ufcstats.com/fight-details/9252ad2304fd9a26, http://www.ufcstats.com/fight-details/1a50d5c7e1e5c058, http://www.ufcstats.com/fight-details/0716a38768a34789, http://www.ufcstats.com/fight-details/23b943e9ce495f0b, http://www.ufcstats.com/fight-details/827aacd14f80e8f3, http://www.ufcstats.com/fight-details/9cdfcd164b48f55e, http://www.ufcstats.com/fight-details/419d1e29668b57fb, http://www.ufcstats.com/fight-details/73a83b2595416f0a, http://www.ufcstats.com/fight-details/58c5d506181812fa",2026-03-30T11:07:19Z,2026-08-08T18:40:38Z
3b226332-bb91-5b39-b4e6-4b0096c1c107,http://www.ufcstats.com/event-details/0b64d0fed453ef7f,UFC 263: Adesanya vs. Vettori 2,2021-06-12,completed,"http://www.ufcstats.com/fight-details/6cd44e1b2d093ea4, http://www.ufcstats.com/fight-details/0f51869f98afa6c0, http://www.ufcstats.com/fight-details/b070b8c2c489d838, http://www.ufcstats.com/fight-details/43dfb2c1e5fecac9, http://www.ufcstats.com/fight-details/4560734220b96851, http://www.ufcstats.com/fight-details/7d2051c6bae907cb, http://www.ufcstats.com/fight-details/9127a6430e46292c, http://www.ufcstats.com/fight-details/34cb6e9952cd30a4, http://www.ufcstats.com/fight-details/d66164d2c770da68, http://www.ufcstats.com/fight-details/34d38d77c1d3f00e, http://www.ufcstats.com/fight-details/d4ad90ac58429b64, http://www.ufcstats.com/fight-details/84cde29aebf6c00c, http://www.ufcstats.com/fight-details/dedb74ee9d84deab, http://www.ufcstats.com/fight-details/1b4d5dbf5f663a97",2026-03-30T11:07:21Z,2026-08-08T18:40:39Z
e8262679-9bba-5a8a-aa59-4b177323aac0,http://www.ufcstats.com/event-details/9ddfb3369a3b0394,UFC Fight Night: Jung vs. Ige,2021-06-19,completed,"http://www.ufcstats.com/fight-details/50cae63d530ede7c, http://www.ufcstats.com/fight-details/6fd9a013cea5a403, http://www.ufcstats.com/fight-details/a83ebbf013905949, http://www.ufcstats.com/fight-details/d3c0dfa57950aefd, http://www.ufcstats.com/fight-details/bb1ac382e0277b3f, http://www.ufcstats.com/fight-details/2bdf774dc8b17504, http://www.ufcstats.com/fight-details/744627aec853874e, http://www.ufcstats.com/fight-details/53ed3f8f653b37b2, http://www.ufcstats.com/fight-details/87c8e086c29ae543, http://www.ufcstats.com/fight-details/e8fd128286788a6d, http://www.ufcstats.com/fight-details/1e9f081a84e7ec18, http://www.ufcstats.com/fight-details/d684d8b02ab53031",2026-03-30T11:07:21Z,2026-08-08T18:40:40Z
8722fc4f-ecd2-5c0f-b929-7d86bb8b8a32,http://www.ufcstats.com/event-details/a1d6b308781aa2f5,UFC Fight Night: Gane vs. Volkov,2021-06-26,completed,"http://www.ufcstats.com/fight-details/78afed76d0e9a639, http://www.ufcstats.com/fight-details/d40eae4425092219, http://www.ufcstats.com/fight-details/ce0fda34122f3d48, http://www.ufcstats.com/fight-details/4622ec182e7fed6b, http://www.ufcstats.com/fight-details/c9283da5f4d7aaf4, http://www.ufcstats.com/fight-details/4341ebb5a56e6943, http://www.ufcstats.com/fight-details/85099c6378ff87c5, http://www.ufcstats.com/fight-details/086c2a0cae0835c4, http://www.ufcstats.com/fight-details/81de3929330076d2, http://www.ufcstats.com/fight-details/d988760df61f027c, http://www.ufcstats.com/fight-details/0eac7075bf3d7ab7, http://www.ufcstats.com/fight-details/5357dab4d331eb18, http://www.ufcstats.com/fight-details/23c7c6ceee34585f",2026-03-30T11:07:22Z,2026-08-08T18:40:41Z
91bdd85b-0e40-5441-b4a8-2a5e68be3ce3,http://www.ufcstats.com/event-details/8a0be41c0380188d,UFC 264: Poirier vs. McGregor 3,2021-07-10,completed,"http://www.ufcstats.com/fight-details/7d0ce28ce8a77eb1, http://www.ufcstats.com/fight-details/8245791a3d3403c6, http://www.ufcstats.com/fight-details/53b480b44b0b51f1, http://www.ufcstats.com/fight-details/3740c8033e31c90d, http://www.ufcstats.com/fight-details/dbcc5b5d568efa8b, http://www.ufcstats.com/fight-details/7070abfa26c079b8, http://www.ufcstats.com/fight-details/96bbb6c573dac27a, http://www.ufcstats.com/fight-details/07468b6347ac5e3d, http://www.ufcstats.com/fight-details/858feabaf429a963, http://www.ufcstats.com/fight-details/5d5bf07dbfada0e3, http://www.ufcstats.com/fight-details/1aba46988c9b58f9, http://www.ufcstats.com/fight-details/ac0a1d87e9ff4085",2026-03-30T11:07:23Z,2026-08-08T18:40:43Z
1e189ccd-2025-557f-8e46-8279ca244694,http://www.ufcstats.com/event-details/40389d39a92f5bfa,UFC Fight Night: Makhachev vs. Moises,2021-07-17,completed,"http://www.ufcstats.com/fight-details/7d4c160dab6eae73, http://www.ufcstats.com/fight-details/f0b83b05f3dd9580, http://www.ufcstats.com/fight-details/72105dd82d964e7a, http://www.ufcstats.com/fight-details/813444e109995c97, http://www.ufcstats.com/fight-details/940701effe1d2b6c, http://www.ufcstats.com/fight-details/8151659b2bc16f0e, http://www.ufcstats.com/fight-details/c5e71fbf22f669f7, http://www.ufcstats.com/fight-details/93d5452726f5f364, http://www.ufcstats.com/fight-details/49876b12d440af40, http://www.ufcstats.com/fight-details/7d0874323bd1f768",2026-03-30T11:07:25Z,2026-08-08T18:40:44Z
15d2e3de-7642-5a9f-9ec1-c128d8f0044f,http://www.ufcstats.com/event-details/e57f0b06ea39e360,UFC Fight Night: Sandhagen vs. Dillashaw,2021-07-24,completed,"http://www.ufcstats.com/fight-details/214b268e4a92f950, http://www.ufcstats.com/fight-details/4bb77b1d8efc53a9, http://www.ufcstats.com/fight-details/1bde9cb65d31cc76, http://www.ufcstats.com/fight-details/7c3ad06a520b8716, http://www.ufcstats.com/fight-details/43c391b251337c9b, http://www.ufcstats.com/fight-details/4911094a4ee26868, http://www.ufcstats.com/fight-details/dff1dbb8fe1f31cb, http://www.ufcstats.com/fight-details/1be65a0d2c1383f6, http://www.ufcstats.com/fight-details/cade0268dec56f3d, http://www.ufcstats.com/fight-details/c13474b85d3ced32, http://www.ufcstats.com/fight-details/40ce202eaa78860c",2026-03-30T11:07:26Z,2026-08-08T18:40:44Z
78bdc32c-0b60-50dc-a708-c622709920b9,http://www.ufcstats.com/event-details/320edfb0332b7073,UFC Fight Night: Hall vs. Strickland,2021-07-31,completed,"http://www.ufcstats.com/fight-details/8522bc62e8d942ab, http://www.ufcstats.com/fight-details/b4622ca7cf0e8506, http://www.ufcstats.com/fight-details/e3ecb94228c2739f, http://www.ufcstats.com/fight-details/6671b567c4eb9982, http://www.ufcstats.com/fight-details/9eef9b7967991296, http://www.ufcstats.com/fight-details/12ceec9431fb0827, http://www.ufcstats.com/fight-details/69397bbebdfa41d9, http://www.ufcstats.com/fight-details/96c51bc6316a4b47, http://www.ufcstats.com/fight-details/1978b44503c3d9ff, http://www.ufcstats.com/fight-details/fb9095887dca34c7",2026-03-30T11:07:27Z,2026-08-08T18:40:46Z
79dcae47-d160-5d04-985a-74a26e88c009,http://www.ufcstats.com/event-details/972197a8c61ac413,UFC 265: Lewis vs. Gane,2021-08-07,completed,"http://www.ufcstats.com/fight-details/bf732e22055e8634, http://www.ufcstats.com/fight-details/980927e7dcc131c0, http://www.ufcstats.com/fight-details/efe985e626a0d8c0, http://www.ufcstats.com/fight-details/903d2c361d005b70, http://www.ufcstats.com/fight-details/962aab0abdd34173, http://www.ufcstats.com/fight-details/76ece0ee2ef5d240, http://www.ufcstats.com/fight-details/3d75081ce43774ca, http://www.ufcstats.com/fight-details/dcd0793ff1a43b68, http://www.ufcstats.com/fight-details/f2336b7545f5f442, http://www.ufcstats.com/fight-details/85c5dd604d5b3634, http://www.ufcstats.com/fight-details/9a678f346946b6a4, http://www.ufcstats.com/fight-details/cce232c1b1b2e4a0, http://www.ufcstats.com/fight-details/af9927b5589e708b",2026-03-30T11:07:28Z,2026-08-08T18:40:47Z
765fae3c-100a-5384-95fe-f4a70cb02eb6,http://www.ufcstats.com/event-details/2f13e4020cea5b38,UFC Fight Night: Cannonier vs. Gastelum,2021-08-21,completed,"http://www.ufcstats.com/fight-details/f536ba47f006474a, http://www.ufcstats.com/fight-details/3a9e0fed344fd07d, http://www.ufcstats.com/fight-details/47230f9b5d7ae037, http://www.ufcstats.com/fight-details/e1897ff433134cb8, http://www.ufcstats.com/fight-details/755d84d5f4aa4dbf, http://www.ufcstats.com/fight-details/0b47788da6de735e, http://www.ufcstats.com/fight-details/12d2b282561b5e5f, http://www.ufcstats.com/fight-details/bfacb44c24bfe0e9, http://www.ufcstats.com/fight-details/92d39a17e34cf581, http://www.ufcstats.com/fight-details/5e2ce5aa3a92c2df, http://www.ufcstats.com/fight-details/8badcb2134c1cdaf, http://www.ufcstats.com/fight-details/47a157222b2c9092",2026-03-30T11:07:29Z,2026-08-08T18:40:49Z
60cfbfa6-049b-5e43-9bc5-bd1550068542,http://www.ufcstats.com/event-details/0db9d2486d564a3c,UFC Fight Night: Barboza vs. Chikadze,2021-08-28,completed,"http://www.ufcstats.com/fight-details/5cd1869013741767, http://www.ufcstats.com/fight-details/5086f9fb4fdc2f60, http://www.ufcstats.com/fight-details/ed64e42263bf50bf, http://www.ufcstats.com/fight-details/089a17e450cc98aa, http://www.ufcstats.com/fight-details/ad3aa9520131ff2e, http://www.ufcstats.com/fight-details/1de342e9309c5f0f, http://www.ufcstats.com/fight-details/e24c8aab497b4fe1, http://www.ufcstats.com/fight-details/58d5e4afc2dd35d1, http://www.ufcstats.com/fight-details/0f3a91caeaa55094, http://www.ufcstats.com/fight-details/2cb9ba68fc855f33, http://www.ufcstats.com/fight-details/ef4484943b1c68a9, http://www.ufcstats.com/fight-details/be4890f4aaadec28",2026-03-30T11:07:30Z,2026-08-08T18:40:50Z
ea637fb3-8d0d-59bb-aa51-054915673480,http://www.ufcstats.com/event-details/b9532d815060de7f,UFC Fight Night: Brunson vs. Till,2021-09-04,completed,"http://www.ufcstats.com/fight-details/14f2bb86fd888e91, http://www.ufcstats.com/fight-details/b977ffcc6428046f, http://www.ufcstats.com/fight-details/f09912e9d8eaa968, http://www.ufcstats.com/fight-details/ad81be01a461c936, http://www.ufcstats.com/fight-details/8fc238e84c4624a7, http://www.ufcstats.com/fight-details/06c0c7dda5a5909d, http://www.ufcstats.com/fight-details/4fc128b1bdf088b1, http://www.ufcstats.com/fight-details/3f76035e52e8819b, http://www.ufcstats.com/fight-details/a7c38d4d66abf923",2026-03-30T11:07:31Z,2026-08-08T18:40:52Z
ec3773a0-8ead-5178-a137-c191e5254440,http://www.ufcstats.com/event-details/4c27ca8c8481f79a,UFC Fight Night: Smith vs. Spann,2021-09-18,completed,"http://www.ufcstats.com/fight-details/d1621b3da377f34b, http://www.ufcstats.com/fight-details/4b5f9b7c31d1205d, http://www.ufcstats.com/fight-details/ceaf7ed5ade30d9f, http://www.ufcstats.com/fight-details/13a8ddb1c3f55ed4, http://www.ufcstats.com/fight-details/576b795e33ddd62d, http://www.ufcstats.com/fight-details/401f5f4714132d50, http://www.ufcstats.com/fight-details/d06495deb1ff1750, http://www.ufcstats.com/fight-details/2d42742aade53799, http://www.ufcstats.com/fight-details/85e5498808346d6b, http://www.ufcstats.com/fight-details/dc870fab1e0f15e1, http://www.ufcstats.com/fight-details/0ce63c2148e70b4c, http://www.ufcstats.com/fight-details/06b3226c34c17001, http://www.ufcstats.com/fight-details/178756c3cb23b884, http://www.ufcstats.com/fight-details/eb10feae98ea7d36",2026-03-30T11:07:32Z,2026-08-08T18:40:53Z
99c1e64f-4643-5c9c-9741-a283270bb3de,http://www.ufcstats.com/event-details/0eec866a077889f0,UFC 266: Volkanovski vs. Ortega,2021-09-25,completed,"http://www.ufcstats.com/fight-details/18f1b88d8977c216, http://www.ufcstats.com/fight-details/7233b2a56438d77a, http://www.ufcstats.com/fight-details/92e006a93f983fb5, http://www.ufcstats.com/fight-details/f4df74046a1c4364, http://www.ufcstats.com/fight-details/f4a2806f77ac1cdc, http://www.ufcstats.com/fight-details/bc276e0f07e30a54, http://www.ufcstats.com/fight-details/b3c23fb2d71bba51, http://www.ufcstats.com/fight-details/f085f32bbb3220e1, http://www.ufcstats.com/fight-details/e7bb37681652c2c2, http://www.ufcstats.com/fight-details/7abc4520f63f2c06, http://www.ufcstats.com/fight-details/d8189169b2c8a2aa, http://www.ufcstats.com/fight-details/73f6b72b4889088f, http://www.ufcstats.com/fight-details/7484298ad57099be",2026-03-30T11:07:33Z,2026-08-08T18:40:54Z
d3446c90-f432-5e73-9822-7d08b15635d3,http://www.ufcstats.com/event-details/e15d0a2519d6a0b5,UFC Fight Night: Santos vs. Walker,2021-10-02,completed,"http://www.ufcstats.com/fight-details/37c484012ef24a5b, http://www.ufcstats.com/fight-details/ce151e053721fe69, http://www.ufcstats.com/fight-details/9c33c8d4a381ba70, http://www.ufcstats.com/fight-details/dba710edbc3c29ff, http://www.ufcstats.com/fight-details/a00b4e82f9d4f92c, http://www.ufcstats.com/fight-details/3b7eb8e56052a2af, http://www.ufcstats.com/fight-details/6832e9e62da0f9d3, http://www.ufcstats.com/fight-details/16d31775a8dcb31d, http://www.ufcstats.com/fight-details/dfa2f5c821a52c63, http://www.ufcstats.com/fight-details/5f444eac11e55161, http://www.ufcstats.com/fight-details/c1e5859053263811, http://www.ufcstats.com/fight-details/e7423a91a253b416",2026-03-30T11:07:34Z,2026-08-08T18:40:55Z
fb87f515-e30f-5192-a721-54ba058a2cfb,http://www.ufcstats.com/event-details/d247691a6c0e9034,UFC Fight Night: Dern vs. Rodriguez,2021-10-09,completed,"http://www.ufcstats.com/fight-details/149d6b90f33634a4, http://www.ufcstats.com/fight-details/d5ffdb5388ffabc6, http://www.ufcstats.com/fight-details/20f19439e9b100b0, http://www.ufcstats.com/fight-details/38957d8eb185391c, http://www.ufcstats.com/fight-details/6101249c2cdd1493, http://www.ufcstats.com/fight-details/777c65184aa63894, http://www.ufcstats.com/fight-details/df16b9c2fc9722e9, http://www.ufcstats.com/fight-details/f526892a27b50576, http://www.ufcstats.com/fight-details/ddb927b0dfcfac2a",2026-03-30T11:07:36Z,2026-08-08T18:40:56Z
1b22fbae-553e-55c4-a297-8480e8672f7a,http://www.ufcstats.com/event-details/8f4616698508f24d,UFC Fight Night: Ladd vs. Dumont,2021-10-16,completed,"http://www.ufcstats.com/fight-details/330e67abac6e5ce7, http://www.ufcstats.com/fight-details/188b63ec6ee1c1c9, http://www.ufcstats.com/fight-details/d9ca00b3c62a874d, http://www.ufcstats.com/fight-details/b193e2317b21125c, http://www.ufcstats.com/fight-details/a2e1116a9fe84aa9, http://www.ufcstats.com/fight-details/fefa96b6d939ffea, http://www.ufcstats.com/fight-details/e3881a6895be3e9e, http://www.ufcstats.com/fight-details/be8bee783d22bee2, http://www.ufcstats.com/fight-details/cf020c71f1dbfa0b, http://www.ufcstats.com/fight-details/814d481e79e9a525",2026-03-30T11:07:37Z,2026-08-08T18:40:58Z
052fbf97-7b14-5c29-8749-84711027b6b1,http://www.ufcstats.com/event-details/8a9c6c4301f6d088,UFC Fight Night: Costa vs. Vettori,2021-10-23,completed,"http://www.ufcstats.com/fight-details/860be3cc82895177, http://www.ufcstats.com/fight-details/9fe62ea683decc55, http://www.ufcstats.com/fight-details/69167b996ce7a7e4, http://www.ufcstats.com/fight-details/98842f17dfe4b4ef, http://www.ufcstats.com/fight-details/587d373f18f6c8c0, http://www.ufcstats.com/fight-details/e078d18fa9ed100d, http://www.ufcstats.com/fight-details/88256dd5a9aef1cc, http://www.ufcstats.com/fight-details/d44d735e5079bfb8, http://www.ufcstats.com/fight-details/1fe58cdab57d233b, http://www.ufcstats.com/fight-details/85f920746c58d0a6, http://www.ufcstats.com/fight-details/6d7eecf4acecda2a, http://www.ufcstats.com/fight-details/acec5f4c6fee1ae2, http://www.ufcstats.com/fight-details/61d9eff5fa4c8578, http://www.ufcstats.com/fight-details/7151ae256e6c181b",2026-03-30T11:07:38Z,2026-08-08T18:40:59Z
18343f2d-ac8b-5bbb-938c-31f8bd4c05e5,http://www.ufcstats.com/event-details/3974fa35c917af1d,UFC 267: Blachowicz vs. Teixeira,2021-10-30,completed,"http://www.ufcstats.com/fight-details/919fb76d2f3e5827, http://www.ufcstats.com/fight-details/18edff5447989b3f, http://www.ufcstats.com/fight-details/5ad4c0eae7512878, http://www.ufcstats.com/fight-details/13e3e41e0c6f4e04, http://www.ufcstats.com/fight-details/987cdcbc809e210d, http://www.ufcstats.com/fight-details/58b19ba734fe93a3, http://www.ufcstats.com/fight-details/d84968d7e9fcb4f3, http://www.ufcstats.com/fight-details/41cdfea7df63003f, http://www.ufcstats.com/fight-details/768c86e307295944, http://www.ufcstats.com/fight-details/efc6af0151f72b87, http://www.ufcstats.com/fight-details/92c49cb075f612d7, http://www.ufcstats.com/fight-details/156f2425a937b22f, http://www.ufcstats.com/fight-details/4a5e5232346993c7, http://www.ufcstats.com/fight-details/6163c18411aca830",2026-03-30T11:07:39Z,2026-08-08T18:41:00Z
60412133-4b6f-5f69-843d-ab41609107fd,http://www.ufcstats.com/event-details/48e093ea1f43a053,UFC 268: Usman vs. Covington 2,2021-11-06,completed,"http://www.ufcstats.com/fight-details/31b3ae9352d9389b, http://www.ufcstats.com/fight-details/19722043e7eb4e39, http://www.ufcstats.com/fight-details/c634ed84212723ca, http://www.ufcstats.com/fight-details/a260238fdb9c47cf, http://www.ufcstats.com/fight-details/999a0fad4c82148d, http://www.ufcstats.com/fight-details/385101e8ad828c39, http://www.ufcstats.com/fight-details/d69e3677060af4c7, http://www.ufcstats.com/fight-details/fa3b28ff3585b4a0, http://www.ufcstats.com/fight-details/095a351dd6f09f7e, http://www.ufcstats.com/fight-details/733dcfec0cc9b439, http://www.ufcstats.com/fight-details/e25875165648162b, http://www.ufcstats.com/fight-details/88cc78d2d5d6bcaa, http://www.ufcstats.com/fight-details/73d541adc2909dc8, http://www.ufcstats.com/fight-details/8081cb92f71401c6",2026-03-30T11:07:40Z,2026-08-08T18:41:02Z
bfc921d6-b041-508a-9701-3a14af11c3f2,http://www.ufcstats.com/event-details/b5abaa65f87938eb,UFC Fight Night: Holloway vs. Rodriguez,2021-11-13,completed,"http://www.ufcstats.com/fight-details/147e984aa34e3028, http://www.ufcstats.com/fight-details/1013cdbb6c9a4a2e, http://www.ufcstats.com/fight-details/e6ce8360ef43891c, http://www.ufcstats.com/fight-details/8636b67096df4b27, http://www.ufcstats.com/fight-details/73c97d5c314f1270, http://www.ufcstats.com/fight-details/0273dbd5dedbdbe0, http://www.ufcstats.com/fight-details/c0518d213b67e754, http://www.ufcstats.com/fight-details/a27a355f52883f3e, http://www.ufcstats.com/fight-details/66eee2320e900a8a, http://www.ufcstats.com/fight-details/2c21abbc28e3876a, http://www.ufcstats.com/fight-details/81bb4d9b214adf4b",2026-03-30T11:07:41Z,2026-08-08T18:41:03Z
18e08edd-89b8-5b73-9980-4c307348fa13,http://www.ufcstats.com/event-details/c95fbc085e17a532,UFC Fight Night: Vieira vs. Tate,2021-11-20,completed,"http://www.ufcstats.com/fight-details/18f19b1422e8154b, http://www.ufcstats.com/fight-details/50bf4bb2f8d9aba4, http://www.ufcstats.com/fight-details/bb15c0a2911043bd, http://www.ufcstats.com/fight-details/1cd8f5a107f64e39, http://www.ufcstats.com/fight-details/9b9ef12603e820ec, http://www.ufcstats.com/fight-details/f592f168f3b8b807, http://www.ufcstats.com/fight-details/fd60e75303622e5e, http://www.ufcstats.com/fight-details/450534f9fb9b13cd, http://www.ufcstats.com/fight-details/84c68c4c387d2e32, http://www.ufcstats.com/fight-details/1ff89e2a9cc2f2d2, http://www.ufcstats.com/fight-details/8dd086e2e70144fd",2026-03-30T11:07:42Z,2026-08-08T18:41:04Z
b9c45272-88b4-599e-abb3-6e787816874d,http://www.ufcstats.com/event-details/509697e08673d2e5,UFC Fight Night: Font vs. Aldo,2021-12-04,completed,"http://www.ufcstats.com/fight-details/3109d1151f149aaf, http://www.ufcstats.com/fight-details/a38648a1c190f9be, http://www.ufcstats.com/fight-details/b3847772199e2639, http://www.ufcstats.com/fight-details/5d64044b985004e7, http://www.ufcstats.com/fight-details/9e5bbbacf1d92cb4, http://www.ufcstats.com/fight-details/657b7da9c89352fe, http://www.ufcstats.com/fight-details/723a8a8c82cab1c8, http://www.ufcstats.com/fight-details/376dddfa82debbf4, http://www.ufcstats.com/fight-details/405bded9cc7a7c15, http://www.ufcstats.com/fight-details/3fc8afbb23b9ac16, http://www.ufcstats.com/fight-details/42b28adbed6966b7, http://www.ufcstats.com/fight-details/c74b03337a8441ed, http://www.ufcstats.com/fight-details/1ce1a43ef68ffc7d",2026-03-30T11:07:44Z,2026-08-08T18:41:05Z
f8adffeb-f72a-58c6-b36c-2bf196c28bff,http://www.ufcstats.com/event-details/ef927e4fe2117ab8,UFC 269: Oliveira vs. Poirier,2021-12-11,completed,"http://www.ufcstats.com/fight-details/b22eab3aa1522f40, http://www.ufcstats.com/fight-details/0b633295d9e017a3, http://www.ufcstats.com/fight-details/2d0d13dfc6c37ba8, http://www.ufcstats.com/fight-details/795aa42785a46643, http://www.ufcstats.com/fight-details/8c01b7dccc4d0926, http://www.ufcstats.com/fight-details/6537a32e7af905b0, http://www.ufcstats.com/fight-details/abb8c6c0a057184e, http://www.ufcstats.com/fight-details/50f2539c73b98eec, http://www.ufcstats.com/fight-details/9039762cb9f4abdb, http://www.ufcstats.com/fight-details/16243b1470887cb6, http://www.ufcstats.com/fight-details/fc2a30bfb760bdf8, http://www.ufcstats.com/fight-details/537a5aa4c248830e, http://www.ufcstats.com/fight-details/8bcdcfb0f93f1409, http://www.ufcstats.com/fight-details/505397f405e40206",2026-03-30T11:07:45Z,2026-08-08T18:41:06Z
5cc37a8d-e1d3-5c94-9f3d-9ec78123f638,http://www.ufcstats.com/event-details/2a470ad41c22c25a,UFC Fight Night: Lewis vs. Daukaus,2021-12-18,completed,"http://www.ufcstats.com/fight-details/4b7ec02b39fc6f70, http://www.ufcstats.com/fight-details/8b3b38167060b1d7, http://www.ufcstats.com/fight-details/2e200563dd7c4922, http://www.ufcstats.com/fight-details/a43dcd04788d95c7, http://www.ufcstats.com/fight-details/730f14ccff80f3b0, http://www.ufcstats.com/fight-details/2a5484a6d5e7a2da, http://www.ufcstats.com/fight-details/bdaca0a96d44438a, http://www.ufcstats.com/fight-details/fc0927c657c51622, http://www.ufcstats.com/fight-details/dd552b389152636a, http://www.ufcstats.com/fight-details/b4f88d65b47c2a39, http://www.ufcstats.com/fight-details/85d9a516c3c6c205, http://www.ufcstats.com/fight-details/a760d0f5de2e1aaa, http://www.ufcstats.com/fight-details/ea76a3af8c5ecc55",2026-03-30T11:07:47Z,2026-08-08T18:41:08Z
32895a98-12ec-50c6-af5f-7d5a3bc0db1e,http://www.ufcstats.com/event-details/f5585e675af7afd4,UFC Fight Night: Kattar vs. Chikadze,2022-01-15,completed,"http://www.ufcstats.com/fight-details/9dfcf675cf2c1575, http://www.ufcstats.com/fight-details/3bcbb0e039f4f5d8, http://www.ufcstats.com/fight-details/8d89f3b8798f444d, http://www.ufcstats.com/fight-details/f9a4e625dffc30d4, http://www.ufcstats.com/fight-details/b5b5156c713c5d47, http://www.ufcstats.com/fight-details/8693027377658e61, http://www.ufcstats.com/fight-details/e8517ed0b49abc37, http://www.ufcstats.com/fight-details/3738135e4c9d8273, http://www.ufcstats.com/fight-details/7c2a02b5ea169b54, http://www.ufcstats.com/fight-details/3a8c0158d910546d",2026-03-30T11:07:48Z,2026-08-08T18:41:09Z
45c8f10c-9366-50b4-ab30-5a801e071470,http://www.ufcstats.com/event-details/335ad945324c3a2e,UFC 270: Ngannou vs. Gane,2022-01-22,completed,"http://www.ufcstats.com/fight-details/e786542667fdecf0, http://www.ufcstats.com/fight-details/cddd3d4febe097f8, http://www.ufcstats.com/fight-details/5ba543efdce072f5, http://www.ufcstats.com/fight-details/80f65ee9b6f8d63b, http://www.ufcstats.com/fight-details/453283e947919ff7, http://www.ufcstats.com/fight-details/44a55ba1de2b30e2, http://www.ufcstats.com/fight-details/0669231ebe3dd560, http://www.ufcstats.com/fight-details/9687021e5c4d092a, http://www.ufcstats.com/fight-details/5da7168ac2ff0e1d, http://www.ufcstats.com/fight-details/4047c2e259529179, http://www.ufcstats.com/fight-details/0a0beb5aa9810de4",2026-03-30T11:07:49Z,2026-08-08T18:41:10Z
fc27d609-03b7-5d07-8a0b-9ec52b7272b0,http://www.ufcstats.com/event-details/883922e5cd6d8473,UFC Fight Night: Hermansson vs. Strickland,2022-02-05,completed,"http://www.ufcstats.com/fight-details/4b67a1875390e7ad, http://www.ufcstats.com/fight-details/ace166f26c2ac2e8, http://www.ufcstats.com/fight-details/6b4c2cc27855506a, http://www.ufcstats.com/fight-details/0730c4e6fb247fa1, http://www.ufcstats.com/fight-details/0489b42ac0ab6d4b, http://www.ufcstats.com/fight-details/208c5dc52ccfd47a, http://www.ufcstats.com/fight-details/c816a969cb001168, http://www.ufcstats.com/fight-details/84ebbad426d25713, http://www.ufcstats.com/fight-details/f9ab966e63968c15, http://www.ufcstats.com/fight-details/673ed36fa5c12d5f, http://www.ufcstats.com/fight-details/e82f15afac3dac93, http://www.ufcstats.com/fight-details/342779192b116314, http://www.ufcstats.com/fight-details/1765fc442ea03873",2026-03-30T11:07:51Z,2026-08-08T18:41:11Z
d8a274dc-40f1-5e8c-ab3f-3de798859bab,http://www.ufcstats.com/event-details/cbb682f5fcc44bfc,UFC 271: Adesanya vs. Whittaker 2,2022-02-12,completed,"http://www.ufcstats.com/fight-details/ca8f73d038c4d6e7, http://www.ufcstats.com/fight-details/bb42336d6417914c, http://www.ufcstats.com/fight-details/18a1617ee7356352, http://www.ufcstats.com/fight-details/238832b58a66ae07, http://www.ufcstats.com/fight-details/388adad23aaa9d39, http://www.ufcstats.com/fight-details/81c22cfa22002ea4, http://www.ufcstats.com/fight-details/b1e048825b5bbe1c, http://www.ufcstats.com/fight-details/a0ba726da4a50458, http://www.ufcstats.com/fight-details/3bebd99d5f94bec7, http://www.ufcstats.com/fight-details/19e742ccaa09cf08, http://www.ufcstats.com/fight-details/c16bda7548181613, http://www.ufcstats.com/fight-details/821bef3a3394dd96, http://www.ufcstats.com/fight-details/507080ccded73591, http://www.ufcstats.com/fight-details/6708f3a32861038a",2026-03-30T11:07:52Z,2026-08-08T18:41:13Z
f25b3293-179b-574d-8338-3f0dd2590a7f,http://www.ufcstats.com/event-details/77940e45bc86208e,UFC Fight Night: Walker vs. Hill,2022-02-19,completed,"http://www.ufcstats.com/fight-details/f7865e5a6d009a87, http://www.ufcstats.com/fight-details/99fd8396cbe1df03, http://www.ufcstats.com/fight-details/93026443e5140415, http://www.ufcstats.com/fight-details/958799d957945a3a, http://www.ufcstats.com/fight-details/04e2d50c24a88dbd, http://www.ufcstats.com/fight-details/25da52bc590ef664, http://www.ufcstats.com/fight-details/e36a5d4d53b97d4e, http://www.ufcstats.com/fight-details/2d8db91f91f68069, http://www.ufcstats.com/fight-details/33cc40fc1da409d3, http://www.ufcstats.com/fight-details/ea63f56779100678, http://www.ufcstats.com/fight-details/528c208293bdef13, http://www.ufcstats.com/fight-details/8cd583f6d10692bc",2026-03-30T11:07:53Z,2026-08-08T18:41:14Z
eda54bc9-9c7f-57b8-bd08-20c954a9674e,http://www.ufcstats.com/event-details/f6a7b02c42e9fc5b,UFC Fight Night: Makhachev vs. Green,2022-02-26,completed,"http://www.ufcstats.com/fight-details/2f4d42e0b9696f71, http://www.ufcstats.com/fight-details/01468f766dd7385c, http://www.ufcstats.com/fight-details/c4eb14c3de579842, http://www.ufcstats.com/fight-details/8515f07911765f89, http://www.ufcstats.com/fight-details/84d633d4a9fbf331, http://www.ufcstats.com/fight-details/61a20ff34b6948ba, http://www.ufcstats.com/fight-details/f087a10a6f2bcc99, http://www.ufcstats.com/fight-details/cb1f27818d46af0e, http://www.ufcstats.com/fight-details/901e62b7af57f559, http://www.ufcstats.com/fight-details/c5d5fcf290cc029e, http://www.ufcstats.com/fight-details/181ceedcacc01d48",2026-03-30T11:07:54Z,2026-08-08T18:41:15Z
79272af5-8d15-55a4-a5eb-645c1d50484e,http://www.ufcstats.com/event-details/75e0d3cc2262b732,UFC 272: Covington vs. Masvidal,2022-03-05,completed,"http://www.ufcstats.com/fight-details/d03d0abf331df751, http://www.ufcstats.com/fight-details/838bb84a5a976a9c, http://www.ufcstats.com/fight-details/abd45edc07a8d9e3, http://www.ufcstats.com/fight-details/43b43c5d439b2f98, http://www.ufcstats.com/fight-details/cda06ff86cfe4f5f, http://www.ufcstats.com/fight-details/fce6ab43b7d09aa4, http://www.ufcstats.com/fight-details/9321b3c90ea5ca6c, http://www.ufcstats.com/fight-details/ee278a5a25744cac, http://www.ufcstats.com/fight-details/c6fc43c351b08bda, http://www.ufcstats.com/fight-details/59d44b6888885500, http://www.ufcstats.com/fight-details/c420c376cc1d149c, http://www.ufcstats.com/fight-details/36d9337a27b71ba9, http://www.ufcstats.com/fight-details/d5323490163dde0e",2026-03-30T11:07:55Z,2026-08-08T18:41:16Z
bb3fdee7-c0b7-5d4f-a65e-11742bc95d4f,http://www.ufcstats.com/event-details/1f9344211ca7fd60,UFC Fight Night: Santos vs. Ankalaev,2022-03-12,completed,"http://www.ufcstats.com/fight-details/8aa16cc1ba99aac1, http://www.ufcstats.com/fight-details/9b46a662b8fa1d8d, http://www.ufcstats.com/fight-details/70b8d357e89383bd, http://www.ufcstats.com/fight-details/23eec2d9cb2d78cd, http://www.ufcstats.com/fight-details/463fac0e48505b62, http://www.ufcstats.com/fight-details/226884e46a10865d, http://www.ufcstats.com/fight-details/3b06c512abfa0494, http://www.ufcstats.com/fight-details/26fbee4ed13ff35d, http://www.ufcstats.com/fight-details/b70313eae7c24b27, http://www.ufcstats.com/fight-details/5cad3ab6553e9ec9, http://www.ufcstats.com/fight-details/b55de7d791b9f62d, http://www.ufcstats.com/fight-details/9cb78122a23e6a7d, http://www.ufcstats.com/fight-details/b400c29fbeee0206, http://www.ufcstats.com/fight-details/f10c2c84652ef573",2026-03-30T11:07:56Z,2026-08-08T18:41:17Z
676f5a11-9f0b-5f12-8fe1-a35bd1f11f62,http://www.ufcstats.com/event-details/1d00756835ca67c9,UFC Fight Night: Volkov vs. Aspinall,2022-03-19,completed,"http://www.ufcstats.com/fight-details/06641a8c62e45661, http://www.ufcstats.com/fight-details/ce3d94186567a684, http://www.ufcstats.com/fight-details/001441f70c293931, http://www.ufcstats.com/fight-details/bcd1e1d71a172d53, http://www.ufcstats.com/fight-details/5a878a6bebc973d7, http://www.ufcstats.com/fight-details/a200b5dcbdd2506e, http://www.ufcstats.com/fight-details/6e705b2365bc03fa, http://www.ufcstats.com/fight-details/ae989e21c3839b49, http://www.ufcstats.com/fight-details/766b4f5e77ab0860, http://www.ufcstats.com/fight-details/53d0df57a917c6a0, http://www.ufcstats.com/fight-details/5e378c52f26935d6, http://www.ufcstats.com/fight-details/4c7e55061dc3bf89",2026-03-30T11:07:58Z,2026-08-08T18:41:19Z
20762592-bd57-592d-9c3f-669f71f4d162,http://www.ufcstats.com/event-details/1fac46d466abd5b8,UFC Fight Night: Blaydes vs. Daukaus,2022-03-26,completed,"http://www.ufcstats.com/fight-details/c4e866d9dd606faa, http://www.ufcstats.com/fight-details/1b650c76387c0f4b, http://www.ufcstats.com/fight-details/f3c37e23ca30c87d, http://www.ufcstats.com/fight-details/410e65e4d1782bfc, http://www.ufcstats.com/fight-details/3f92025b29e06bfd, http://www.ufcstats.com/fight-details/f6afaf2a39fa441c, http://www.ufcstats.com/fight-details/bb31c77bddd1317e, http://www.ufcstats.com/fight-details/d0b7a79d3e7f3362, http://www.ufcstats.com/fight-details/6ed495c177d69a3a, http://www.ufcstats.com/fight-details/3ecccdab76baa59c, http://www.ufcstats.com/fight-details/82b2b97b85c7225c, http://www.ufcstats.com/fight-details/97e522591ac7eb29",2026-03-30T11:07:59Z,2026-08-08T18:41:20Z
81c7330d-e1c7-540c-b52e-902ac8ff1829,http://www.ufcstats.com/event-details/3a97fda0de6f1fa4,UFC 273: Volkanovski vs. The Korean Zombie,2022-04-09,completed,"http://www.ufcstats.com/fight-details/dc0ab34f1952cb48, http://www.ufcstats.com/fight-details/9a8964b148cb5923, http://www.ufcstats.com/fight-details/394b0347b0438622, http://www.ufcstats.com/fight-details/d8945e21a63e2451, http://www.ufcstats.com/fight-details/15311d4b33d93004, http://www.ufcstats.com/fight-details/313b85fe82b2ba80, http://www.ufcstats.com/fight-details/7c6ed5b3d830d0cb, http://www.ufcstats.com/fight-details/88c6e7f71b79fd65, http://www.ufcstats.com/fight-details/7458a37feabf8788, http://www.ufcstats.com/fight-details/278b965694e563b2, http://www.ufcstats.com/fight-details/9e52a67410f2c879, http://www.ufcstats.com/fight-details/313c36ce9bde6cf6",2026-03-30T11:08:01Z,2026-08-08T18:41:22Z
6247103c-19c0-54a6-8de2-cd8588c01374,http://www.ufcstats.com/event-details/8753e125f4499816,UFC Fight Night: Luque vs. Muhammad,2022-04-16,completed,"http://www.ufcstats.com/fight-details/6d4b6224f26572f9, http://www.ufcstats.com/fight-details/a0a120c50d93f70a, http://www.ufcstats.com/fight-details/7c5fc3fc7be4a997, http://www.ufcstats.com/fight-details/2e94ee4b9f5fddea, http://www.ufcstats.com/fight-details/4f6e7159e77d4215, http://www.ufcstats.com/fight-details/559031e51ced0b53, http://www.ufcstats.com/fight-details/b09f8cd4cbd7ba56, http://www.ufcstats.com/fight-details/c20e6697335c3b3d, http://www.ufcstats.com/fight-details/74c58b9d638c5eaa, http://www.ufcstats.com/fight-details/0987b3f785e26d1c, http://www.ufcstats.com/fight-details/1ceab8fa45996f51, http://www.ufcstats.com/fight-details/eac46cfead228e11, http://www.ufcstats.com/fight-details/0daf776bd222daad, http://www.ufcstats.com/fight-details/fb7ebdda8658fa05",2026-03-30T11:08:02Z,2026-08-08T18:41:23Z
2944bbbc-774c-545f-8193-907418b8bc36,http://www.ufcstats.com/event-details/236a37d96d476164,UFC Fight Night: Lemos vs. Andrade,2022-04-23,completed,"http://www.ufcstats.com/fight-details/3a3ac7b3987f6799, http://www.ufcstats.com/fight-details/6017351e164dbca3, http://www.ufcstats.com/fight-details/a45d4327bc82bc28, http://www.ufcstats.com/fight-details/173d576e6247a88a, http://www.ufcstats.com/fight-details/992e84bf59837e21, http://www.ufcstats.com/fight-details/9b8a82276f06829f, http://www.ufcstats.com/fight-details/e8c57c6259193466, http://www.ufcstats.com/fight-details/926977ec3ed0ebe1, http://www.ufcstats.com/fight-details/e4d946470fd150fe, http://www.ufcstats.com/fight-details/6a4ba72b084193b5, http://www.ufcstats.com/fight-details/7cf7960c6ccb5fa1",2026-03-30T11:08:03Z,2026-08-08T18:41:24Z
712eb4fc-d99d-57c0-ab67-91c4dfce7af5,http://www.ufcstats.com/event-details/6bf5a7d3e081ade2,UFC Fight Night: Font vs. Vera,2022-04-30,completed,"http://www.ufcstats.com/fight-details/5ae5eb729c6bb169, http://www.ufcstats.com/fight-details/eb277b5ea2a19124, http://www.ufcstats.com/fight-details/632c2d4ed12f2bdf, http://www.ufcstats.com/fight-details/7c8701bb78cb4de8, http://www.ufcstats.com/fight-details/760e3f292b834637, http://www.ufcstats.com/fight-details/6b956992204ec040, http://www.ufcstats.com/fight-details/d2484d74f819d813, http://www.ufcstats.com/fight-details/7e4b7a70838e5ba4, http://www.ufcstats.com/fight-details/5b731da9e4be4391, http://www.ufcstats.com/fight-details/9217ecc287ac482d, http://www.ufcstats.com/fight-details/80cf37627a129145",2026-03-30T11:08:07Z,2026-08-08T18:41:25Z
24da7b2a-ae7c-5cfa-adeb-4368d74cf30d,http://www.ufcstats.com/event-details/253d3f9e97ca149a,UFC 274: Oliveira vs. Gaethje,2022-05-07,completed,"http://www.ufcstats.com/fight-details/7d4e49d8a6678157, http://www.ufcstats.com/fight-details/9d61012a6020516e, http://www.ufcstats.com/fight-details/a2ebb5f86eb64f22, http://www.ufcstats.com/fight-details/c020ccbd7cdefb6e, http://www.ufcstats.com/fight-details/8390441d93736719, http://www.ufcstats.com/fight-details/6a902b97ac98c283, http://www.ufcstats.com/fight-details/fc4939b3c9071e66, http://www.ufcstats.com/fight-details/80ac36a9dbc4b1a1, http://www.ufcstats.com/fight-details/ff6c8dab41efcc09, http://www.ufcstats.com/fight-details/397dd9a8694ef413, http://www.ufcstats.com/fight-details/60d9d50b763adc62, http://www.ufcstats.com/fight-details/8289033e03b4d9a3, http://www.ufcstats.com/fight-details/88455c967a7ef6fc, http://www.ufcstats.com/fight-details/430309e0f8a315d5",2026-03-30T11:08:08Z,2026-08-08T18:41:26Z
b91a6e0e-2f4b-5521-9bc4-1aed33d49c7e,http://www.ufcstats.com/event-details/60ba33c3f555a7a3,UFC Fight Night: Blachowicz vs. Rakic,2022-05-14,completed,"http://www.ufcstats.com/fight-details/5c281439d20184f1, http://www.ufcstats.com/fight-details/2fa88b72973478b6, http://www.ufcstats.com/fight-details/43543a2c1c7a7135, http://www.ufcstats.com/fight-details/fad150a0288efbd7, http://www.ufcstats.com/fight-details/e240d6f77747ec46, http://www.ufcstats.com/fight-details/b3248692dfb954b2, http://www.ufcstats.com/fight-details/7e047b195135ef06, http://www.ufcstats.com/fight-details/8a1aa64eb1f17913, http://www.ufcstats.com/fight-details/f549164690d723bb, http://www.ufcstats.com/fight-details/22f1133d02700bb2, http://www.ufcstats.com/fight-details/afed0bac5ce5a2f3",2026-03-30T11:08:10Z,2026-08-08T18:41:27Z
d60dcda1-d5ea-5b31-acd8-ccbb2e9079bf,http://www.ufcstats.com/event-details/a6c32678efd4f434,UFC Fight Night: Holm vs. Vieira,2022-05-21,completed,"http://www.ufcstats.com/fight-details/7a2c841693b54dd7, http://www.ufcstats.com/fight-details/5d4fb748ad246269, http://www.ufcstats.com/fight-details/f682118709b4143e, http://www.ufcstats.com/fight-details/5eaff5c832430378, http://www.ufcstats.com/fight-details/4a789cdd5aaf4439, http://www.ufcstats.com/fight-details/cbdfb3c648d7bada, http://www.ufcstats.com/fight-details/1b4d0c9e3c59b33b, http://www.ufcstats.com/fight-details/534c07488396e124, http://www.ufcstats.com/fight-details/3542f9f30926f364, http://www.ufcstats.com/fight-details/5136dc566f46daf6, http://www.ufcstats.com/fight-details/bc7228d30ff5be46",2026-03-30T11:08:11Z,2026-08-08T18:41:29Z
e4a42a02-3ead-5625-90df-9b1f69cb9124,http://www.ufcstats.com/event-details/57591bbf1623574e,UFC Fight Night: Volkov vs. Rozenstruik,2022-06-04,completed,"http://www.ufcstats.com/fight-details/7a635063e5f1699b, http://www.ufcstats.com/fight-details/aacb47949a572f25, http://www.ufcstats.com/fight-details/344d60564cd136ff, http://www.ufcstats.com/fight-details/3aa49ed298e4c34f, http://www.ufcstats.com/fight-details/a679800d2e7c3be2, http://www.ufcstats.com/fight-details/93969a7368dc2e14, http://www.ufcstats.com/fight-details/4f2501e804c84abe, http://www.ufcstats.com/fight-details/e5e75d831670b401, http://www.ufcstats.com/fight-details/04e6198326be4857, http://www.ufcstats.com/fight-details/ed32da52aff68944, http://www.ufcstats.com/fight-details/43d7d4b67be48553, http://www.ufcstats.com/fight-details/7e20b0536fbbd560, http://www.ufcstats.com/fight-details/a09447d185a62251, http://www.ufcstats.com/fight-details/59b2bbb251968ca9",2026-03-30T11:08:12Z,2026-08-08T18:41:30Z
0216f46b-db3e-5433-9b6d-2dfd2bbe95cb,http://www.ufcstats.com/event-details/3a24769a4855040a,UFC 275: Teixeira vs. Prochazka,2022-06-11,completed,"http://www.ufcstats.com/fight-details/fd49f89b9d97566b, http://www.ufcstats.com/fight-details/049ad6d87b42eba8, http://www.ufcstats.com/fight-details/4305cb30533dac77, http://www.ufcstats.com/fight-details/d7a7ba46c4f075d7, http://www.ufcstats.com/fight-details/f115a91066a77ee7, http://www.ufcstats.com/fight-details/c94b153951be7590, http://www.ufcstats.com/fight-details/4a116a55ffaa0d64, http://www.ufcstats.com/fight-details/50eed57ea1390e16, http://www.ufcstats.com/fight-details/029f5c36820fdc09, http://www.ufcstats.com/fight-details/f466cd99d02644e9, http://www.ufcstats.com/fight-details/5f4a107d930e4852",2026-03-30T11:08:14Z,2026-08-08T18:41:31Z
f786763a-1aca-59cb-8757-3b07339f8955,http://www.ufcstats.com/event-details/a0a680fe2f6cc8e6,UFC Fight Night: Kattar vs. Emmett,2022-06-18,completed,"http://www.ufcstats.com/fight-details/6e559181bfbc77e1, http://www.ufcstats.com/fight-details/1bc662949337a8c4, http://www.ufcstats.com/fight-details/11e83902f5b8ff63, http://www.ufcstats.com/fight-details/4e6218b6b892b017, http://www.ufcstats.com/fight-details/5095f6290670009d, http://www.ufcstats.com/fight-details/20cefe64f4b28be8, http://www.ufcstats.com/fight-details/2c7c7648e847f2e5, http://www.ufcstats.com/fight-details/9a92d376fba2379d, http://www.ufcstats.com/fight-details/1378fc2be3819b2b, http://www.ufcstats.com/fight-details/5b5d7f7ae712c6d8, http://www.ufcstats.com/fight-details/8b5c760f34daafe0, http://www.ufcstats.com/fight-details/897d9e21c59d0633, http://www.ufcstats.com/fight-details/e8a5e53ffd33c0f9",2026-03-30T11:08:15Z,2026-08-08T18:41:33Z
191ed50a-0041-58de-93af-aeb2350e327c,http://www.ufcstats.com/event-details/eb42d4febfafefd1,UFC Fight Night: Tsarukyan vs. Gamrot,2022-06-25,completed,"http://www.ufcstats.com/fight-details/1f5f59924b59408b, http://www.ufcstats.com/fight-details/3c98739eb42f96bf, http://www.ufcstats.com/fight-details/c57c8e22a3e8dde2, http://www.ufcstats.com/fight-details/029a12d36a4687e1, http://www.ufcstats.com/fight-details/28bd070f7ab0a0b9, http://www.ufcstats.com/fight-details/3f38100fd8dae286, http://www.ufcstats.com/fight-details/28be3fbe5c377380, http://www.ufcstats.com/fight-details/21f79cd40513d075, http://www.ufcstats.com/fight-details/a457331c27bce6d5, http://www.ufcstats.com/fight-details/8cc43d79b61efc25, http://www.ufcstats.com/fight-details/24a9fc95a3112f51, http://www.ufcstats.com/fight-details/2c73bf152247f25a",2026-03-30T11:08:16Z,2026-08-08T18:41:34Z
97ac6c6e-6955-5ea5-b6ed-5fbd21613dbd,http://www.ufcstats.com/event-details/4a9e305633f3ef47,UFC 276: Adesanya vs. Cannonier,2022-07-02,completed,"http://www.ufcstats.com/fight-details/a7eaf7b101166d3e, http://www.ufcstats.com/fight-details/4047e98132306cd5, http://www.ufcstats.com/fight-details/0308bcdd00cc72e2, http://www.ufcstats.com/fight-details/12a33d16e1d4e2d9, http://www.ufcstats.com/fight-details/39dccca8e8083072, http://www.ufcstats.com/fight-details/98411542ca0e847d, http://www.ufcstats.com/fight-details/459bc7c0b47719c3, http://www.ufcstats.com/fight-details/4d8d1701c43c5fea, http://www.ufcstats.com/fight-details/57775c8af89007c7, http://www.ufcstats.com/fight-details/99ac96bb67e5c5e4, http://www.ufcstats.com/fight-details/1c85003f6ec59c9d, http://www.ufcstats.com/fight-details/0e2c7ec02a095813",2026-03-30T11:08:17Z,2026-08-08T18:41:35Z
170936f4-1073-5d70-a4f1-288f3cd0e6b7,http://www.ufcstats.com/event-details/31da66df48c0c1a0,UFC Fight Night: Dos Anjos vs. Fiziev,2022-07-09,completed,"http://www.ufcstats.com/fight-details/be69cbf1f1671c8e, http://www.ufcstats.com/fight-details/6c60e58f8e9e7a4c, http://www.ufcstats.com/fight-details/bba6cc8760da34ab, http://www.ufcstats.com/fight-details/cd63b4144a45b611, http://www.ufcstats.com/fight-details/c58b3223b5caa18a, http://www.ufcstats.com/fight-details/a103b30f6898de7e, http://www.ufcstats.com/fight-details/04e1ff7aeda2a018, http://www.ufcstats.com/fight-details/81cbb709dedc914d, http://www.ufcstats.com/fight-details/a652918360fe9a72, http://www.ufcstats.com/fight-details/478bc7d1288e043e, http://www.ufcstats.com/fight-details/fb3f5a65da9f2ac7",2026-03-30T11:08:19Z,2026-08-08T18:41:37Z
d1c8d207-697b-5b69-b5eb-061ad3c228ed,http://www.ufcstats.com/event-details/8fd76e1b49c00ae2,UFC Fight Night: Ortega vs. Rodriguez,2022-07-16,completed,"http://www.ufcstats.com/fight-details/7503d5c892f238fb, http://www.ufcstats.com/fight-details/e57bfadb506e4f51, http://www.ufcstats.com/fight-details/dd456668731bd52a, http://www.ufcstats.com/fight-details/8e4024cb49c963f2, http://www.ufcstats.com/fight-details/d439374c1fc95581, http://www.ufcstats.com/fight-details/4965d8eab468b839, http://www.ufcstats.com/fight-details/ebefe958473b3843, http://www.ufcstats.com/fight-details/74b8a36293758342, http://www.ufcstats.com/fight-details/4dd2bcd2b025204e, http://www.ufcstats.com/fight-details/a5d2f0fed3ce2899, http://www.ufcstats.com/fight-details/9f3326195672c2b9, http://www.ufcstats.com/fight-details/b1af3bd0f8266a90",2026-03-30T11:08:20Z,2026-08-08T18:41:38Z
e2d26e13-33ff-5525-bb2c-1be91f7943e4,http://www.ufcstats.com/event-details/319c15b8aac5bfde,UFC Fight Night: Blaydes vs. Aspinall,2022-07-23,completed,"http://www.ufcstats.com/fight-details/d0fb381cacbb0446, http://www.ufcstats.com/fight-details/925a36a4af600291, http://www.ufcstats.com/fight-details/8e02bdaac8ed50e5, http://www.ufcstats.com/fight-details/1ff520024da5b3b2, http://www.ufcstats.com/fight-details/a57969d4ba7d4a79, http://www.ufcstats.com/fight-details/47b1cd4e3e2595f8, http://www.ufcstats.com/fight-details/b0d06858fb725654, http://www.ufcstats.com/fight-details/dd6dbe644f599795, http://www.ufcstats.com/fight-details/f6fd50bf69bb59e6, http://www.ufcstats.com/fight-details/3d35f25d9792a69a, http://www.ufcstats.com/fight-details/2dbf9d8d6915711e, http://www.ufcstats.com/fight-details/a1029686c3f1bead, http://www.ufcstats.com/fight-details/e600b78e5a652dc0, http://www.ufcstats.com/fight-details/1c84dafe38694c05",2026-03-30T11:08:21Z,2026-08-08T18:41:39Z
af9c5455-5957-5072-a8bf-3f77e3287d52,http://www.ufcstats.com/event-details/b0a6124751a56bc4,UFC 277: Pena vs. Nunes 2,2022-07-30,completed,"http://www.ufcstats.com/fight-details/72c3e5eacde4f0e5, http://www.ufcstats.com/fight-details/5a1ce88ec1f75160, http://www.ufcstats.com/fight-details/52f87252af59e23b, http://www.ufcstats.com/fight-details/96b62bd56b252bab, http://www.ufcstats.com/fight-details/058c2724dec1add1, http://www.ufcstats.com/fight-details/579b5770129b328a, http://www.ufcstats.com/fight-details/81a18de517a3336a, http://www.ufcstats.com/fight-details/5a2b86570110191b, http://www.ufcstats.com/fight-details/189b9af881b96de6, http://www.ufcstats.com/fight-details/e492dc60d8e44866, http://www.ufcstats.com/fight-details/0366e183296fea07, http://www.ufcstats.com/fight-details/1ed550f094ca7745, http://www.ufcstats.com/fight-details/66f7bb31d24b3b36",2026-03-30T11:08:23Z,2026-08-08T18:41:40Z
8c9d903b-539d-5d76-a20a-c077377ef0f8,http://www.ufcstats.com/event-details/8f6a18831a120817,UFC Fight Night: Santos vs. Hill,2022-08-06,completed,"http://www.ufcstats.com/fight-details/a8bc6e005077bb0b, http://www.ufcstats.com/fight-details/a6b328733d610e2b, http://www.ufcstats.com/fight-details/36f38c2534ef646b, http://www.ufcstats.com/fight-details/2b11aa4b90b1dd41, http://www.ufcstats.com/fight-details/044d210d7b1eb519, http://www.ufcstats.com/fight-details/b530bb13aac1e48b, http://www.ufcstats.com/fight-details/eda397c27787afa4, http://www.ufcstats.com/fight-details/4adef20ce69217be, http://www.ufcstats.com/fight-details/b5274277ef6707c9, http://www.ufcstats.com/fight-details/a274ed04c36d40d4",2026-03-30T11:08:24Z,2026-08-08T18:41:41Z
c5d5c3d2-8e14-55a6-a8fe-9c86c5cb3b56,http://www.ufcstats.com/event-details/a23e63184c65f5b8,UFC Fight Night: Vera vs. Cruz,2022-08-13,completed,"http://www.ufcstats.com/fight-details/11cc331fa40ede63, http://www.ufcstats.com/fight-details/efd7efba85092c6f, http://www.ufcstats.com/fight-details/833d67f423315d18, http://www.ufcstats.com/fight-details/d19e010f071a4b45, http://www.ufcstats.com/fight-details/abd50fad1e7b030b, http://www.ufcstats.com/fight-details/38b6ef176439c39b, http://www.ufcstats.com/fight-details/5f31f3e32669f5b9, http://www.ufcstats.com/fight-details/b96c8fef6c9f92db, http://www.ufcstats.com/fight-details/8986373b4a6e90b6, http://www.ufcstats.com/fight-details/f858f91453555291, http://www.ufcstats.com/fight-details/0823f97be9c3a62e, http://www.ufcstats.com/fight-details/7f9a331bc3100afd, http://www.ufcstats.com/fight-details/e05a18b6ce22fa1f",2026-03-30T11:08:25Z,2026-08-08T18:41:43Z
1cff9842-2ac5-5263-a624-b1816d6fdd4d,http://www.ufcstats.com/event-details/4f853e98886283cf,UFC 278: Usman vs. Edwards,2022-08-20,completed,"http://www.ufcstats.com/fight-details/f70c817388602681, http://www.ufcstats.com/fight-details/2de6652160cc7b9f, http://www.ufcstats.com/fight-details/2ac3ce1f62b3c4b9, http://www.ufcstats.com/fight-details/2cd9e3796be57a79, http://www.ufcstats.com/fight-details/5abcf9f282983acc, http://www.ufcstats.com/fight-details/e0b98f3cf4a7cc3b, http://www.ufcstats.com/fight-details/0cf7a4593fd44e59, http://www.ufcstats.com/fight-details/2ac9b3ccb43422d8, http://www.ufcstats.com/fight-details/4dac5258f22be059, http://www.ufcstats.com/fight-details/6b9f82291930bfec, http://www.ufcstats.com/fight-details/d497d74a0df9e35e, http://www.ufcstats.com/fight-details/06d6cde7479711ee",2026-03-30T11:08:26Z,2026-08-08T18:41:44Z
a6511cfd-cc94-52b2-ae81-a3588ffb7f2f,http://www.ufcstats.com/event-details/00a905a4a4a2b071,UFC Fight Night: Gane vs. Tuivasa,2022-09-03,completed,"http://www.ufcstats.com/fight-details/810c9da07970c4a6, http://www.ufcstats.com/fight-details/b8ca1acdf3dc2f58, http://www.ufcstats.com/fight-details/20f316f96c9e4458, http://www.ufcstats.com/fight-details/1a191251620a84ca, http://www.ufcstats.com/fight-details/398db40015b3c81c, http://www.ufcstats.com/fight-details/acc9a109b00a99e1, http://www.ufcstats.com/fight-details/cf9035f2fc2e232f, http://www.ufcstats.com/fight-details/7bced112f3229b1b, http://www.ufcstats.com/fight-details/fd47032108b85cf0, http://www.ufcstats.com/fight-details/3e2f00991f511607, http://www.ufcstats.com/fight-details/ca7fd237c16cec84, http://www.ufcstats.com/fight-details/ce62a50e97d497f9",2026-03-30T11:08:28Z,2026-08-08T18:41:46Z
0bc1d6ac-8254-5372-bb8c-e718ce6b1644,http://www.ufcstats.com/event-details/93bf96be327fcd98,UFC 279: Diaz vs. Ferguson,2022-09-10,completed,"http://www.ufcstats.com/fight-details/7e8fd03e070d0c25, http://www.ufcstats.com/fight-details/0111e6a64b5184c6, http://www.ufcstats.com/fight-details/d3e23d7d207d3ccf, http://www.ufcstats.com/fight-details/989b8d362742f40b, http://www.ufcstats.com/fight-details/d869eaea38426f06, http://www.ufcstats.com/fight-details/0e6d624086f7952e, http://www.ufcstats.com/fight-details/301f230c90c4bd7d, http://www.ufcstats.com/fight-details/77acb96700e89c92, http://www.ufcstats.com/fight-details/bf334cb4e63f3430, http://www.ufcstats.com/fight-details/db3e26d02d790c97, http://www.ufcstats.com/fight-details/6010f681e54ba2cd, http://www.ufcstats.com/fight-details/a5cf273faa3982b7, http://www.ufcstats.com/fight-details/86d57e8ef2191316",2026-03-30T11:08:29Z,2026-08-08T18:41:47Z
193d93b1-1a45-54d9-8f8b-90141eaef2e2,http://www.ufcstats.com/event-details/8d477c3fbe001f9d,UFC Fight Night: Sandhagen vs. Song,2022-09-17,completed,"http://www.ufcstats.com/fight-details/df370b97ea49e6b4, http://www.ufcstats.com/fight-details/bd06f1c2d7e6c4a0, http://www.ufcstats.com/fight-details/adb78db5ba8ccc0f, http://www.ufcstats.com/fight-details/160c17b8fcb0e2a1, http://www.ufcstats.com/fight-details/3cbd3565dd631cc4, http://www.ufcstats.com/fight-details/ce5ebaf8caf8c4a7, http://www.ufcstats.com/fight-details/f521ecde1e96a1bd, http://www.ufcstats.com/fight-details/46b9acec12a35d37, http://www.ufcstats.com/fight-details/ec0740be19b2ef90, http://www.ufcstats.com/fight-details/35d06627d91b840d, http://www.ufcstats.com/fight-details/d9f5d05b07bae09e, http://www.ufcstats.com/fight-details/be73f75b52b06f14, http://www.ufcstats.com/fight-details/8a044e5400b4318f",2026-03-30T11:08:30Z,2026-08-08T18:41:48Z
9103e96e-07e0-54b1-98d0-4d0b6ec0b722,http://www.ufcstats.com/event-details/4f670b7972fa0a2e,UFC Fight Night: Dern vs. Yan,2022-10-01,completed,"http://www.ufcstats.com/fight-details/d33814971932422a, http://www.ufcstats.com/fight-details/7d0d2cecab358ba1, http://www.ufcstats.com/fight-details/a73e33dfce8fcfd8, http://www.ufcstats.com/fight-details/1aedd959f1523a27, http://www.ufcstats.com/fight-details/330506571d2778b1, http://www.ufcstats.com/fight-details/63f6af6d5f7b82ad, http://www.ufcstats.com/fight-details/de93fda66d203c26, http://www.ufcstats.com/fight-details/ecc56a86a1eead9d, http://www.ufcstats.com/fight-details/8c9ff13791378784, http://www.ufcstats.com/fight-details/ad59e2de1ab5c8d2, http://www.ufcstats.com/fight-details/6c79db79da9ae874",2026-03-30T11:08:32Z,2026-08-08T18:41:49Z
c7e1b000-19d7-5807-b587-2b8e7fbe9ded,http://www.ufcstats.com/event-details/49c29e57d4e2be6f,UFC Fight Night: Grasso vs. Araujo,2022-10-15,completed,"http://www.ufcstats.com/fight-details/904cf687d22bb486, http://www.ufcstats.com/fight-details/1af23e7aa71a1d17, http://www.ufcstats.com/fight-details/759c55755d70f7ba, http://www.ufcstats.com/fight-details/96d4fe315722d1c1, http://www.ufcstats.com/fight-details/59695aae245cca73, http://www.ufcstats.com/fight-details/8252a314c778b8e6, http://www.ufcstats.com/fight-details/860050f211b44d10, http://www.ufcstats.com/fight-details/b4bbc1b7efa770f5, http://www.ufcstats.com/fight-details/60bd4d2878c85f70, http://www.ufcstats.com/fight-details/fac560495e61d34c, http://www.ufcstats.com/fight-details/84b04e8d6b251c54",2026-03-30T11:08:33Z,2026-08-08T18:41:50Z
ddcebbe0-ff91-53c9-bbc2-13dc292fe1fb,http://www.ufcstats.com/event-details/885e7f70dcac0007,UFC 280: Oliveira vs. Makhachev,2022-10-22,completed,"http://www.ufcstats.com/fight-details/523815acf1bb2420, http://www.ufcstats.com/fight-details/1f0d4572e0facbea, http://www.ufcstats.com/fight-details/5c3c4bcc6c746ca0, http://www.ufcstats.com/fight-details/69f39e5d959311b1, http://www.ufcstats.com/fight-details/25f3e4fa781c1c8a, http://www.ufcstats.com/fight-details/d325a1483d78ae75, http://www.ufcstats.com/fight-details/2d36e2c10ee349fe, http://www.ufcstats.com/fight-details/f4d8266a42a41dff, http://www.ufcstats.com/fight-details/cea6760d7bfbe19b, http://www.ufcstats.com/fight-details/1b204fc28bb023e6, http://www.ufcstats.com/fight-details/1e8c33b1917fe1b7, http://www.ufcstats.com/fight-details/4011cdf1f182804c",2026-03-30T11:08:34Z,2026-08-08T18:41:52Z
9df7eab9-c708-5394-9728-6c769f0bf30c,http://www.ufcstats.com/event-details/be5aab761c40ef35,UFC Fight Night: Kattar vs. Allen,2022-10-29,completed,"http://www.ufcstats.com/fight-details/a554a72bb0377213, http://www.ufcstats.com/fight-details/bf59d9f8bd9536f3, http://www.ufcstats.com/fight-details/5b6bdaf89e493674, http://www.ufcstats.com/fight-details/6a7db3750822d7be, http://www.ufcstats.com/fight-details/98b7dd0ddc52cffb, http://www.ufcstats.com/fight-details/f32d918ee06cb83b, http://www.ufcstats.com/fight-details/5dcba156bd13e0c3, http://www.ufcstats.com/fight-details/d6d141afdd31c3f1, http://www.ufcstats.com/fight-details/86dff1593d8b9a1f, http://www.ufcstats.com/fight-details/44abbf6b947be6de, http://www.ufcstats.com/fight-details/fdb9d29cf0edc16a",2026-03-30T11:08:35Z,2026-08-08T18:41:53Z
49303077-e4bc-53bb-ada9-181c2ea02ec8,http://www.ufcstats.com/event-details/756f45905fb20cb5,UFC Fight Night: Rodriguez vs. Lemos,2022-11-05,completed,"http://www.ufcstats.com/fight-details/abfc03893551ae73, http://www.ufcstats.com/fight-details/b279559f15ecf29b, http://www.ufcstats.com/fight-details/2664805fde34fb1b, http://www.ufcstats.com/fight-details/3adecfc4727a8d73, http://www.ufcstats.com/fight-details/1535fb6549fa8bab, http://www.ufcstats.com/fight-details/71afa8354da2491e, http://www.ufcstats.com/fight-details/2ab395e21080b10a, http://www.ufcstats.com/fight-details/5475f5b6bad40989, http://www.ufcstats.com/fight-details/31cb98ce37fd87dd, http://www.ufcstats.com/fight-details/cfca30d3ef3c86b9, http://www.ufcstats.com/fight-details/b87ac039e3b13940",2026-03-30T11:08:37Z,2026-08-08T18:41:54Z
257b5f12-5939-5d48-8ebe-1ffa825a54a5,http://www.ufcstats.com/event-details/b3b6e80b7d5f8f0d,UFC 281: Adesanya vs. Pereira,2022-11-12,completed,"http://www.ufcstats.com/fight-details/04f32bb0c0d3a8cc, http://www.ufcstats.com/fight-details/85b5d59f8eea976a, http://www.ufcstats.com/fight-details/4bf3010fdeea9d93, http://www.ufcstats.com/fight-details/09afa6ce4747a1a2, http://www.ufcstats.com/fight-details/77c78d0a71b10692, http://www.ufcstats.com/fight-details/1f922cfe6178e830, http://www.ufcstats.com/fight-details/6f22afbc5f8e0bd3, http://www.ufcstats.com/fight-details/93da91272d4a7ce3, http://www.ufcstats.com/fight-details/65ce9335b93d9c57, http://www.ufcstats.com/fight-details/40707ddc9fdea500, http://www.ufcstats.com/fight-details/ff2e4b411f695017, http://www.ufcstats.com/fight-details/7f93b2f38497caec, http://www.ufcstats.com/fight-details/bee95769a221af9a, http://www.ufcstats.com/fight-details/db026ff6eee4d174",2026-03-30T11:08:38Z,2026-08-08T18:41:56Z
4f58108c-fcbc-597d-8b49-4fa5a0e098e7,http://www.ufcstats.com/event-details/012fc7cd0779c09a,UFC Fight Night: Nzechukwu vs. Cutelaba,2022-11-19,completed,"http://www.ufcstats.com/fight-details/c33257dd0605c7de, http://www.ufcstats.com/fight-details/110f539523a4b571, http://www.ufcstats.com/fight-details/c317f85a8266313e, http://www.ufcstats.com/fight-details/d0c01840c72429c6, http://www.ufcstats.com/fight-details/b4cfb34e8224fd77, http://www.ufcstats.com/fight-details/144443d4dbf43990, http://www.ufcstats.com/fight-details/594435375d641f63, http://www.ufcstats.com/fight-details/0f2983fe7753403f, http://www.ufcstats.com/fight-details/bd064deb3494b41a, http://www.ufcstats.com/fight-details/a3696c847ef6c7f9, http://www.ufcstats.com/fight-details/33719a2d9c69ed17",2026-03-30T11:08:39Z,2026-08-08T18:41:57Z
a7ec0a1a-fcc6-54ed-9a02-5dad2e85aaf5,http://www.ufcstats.com/event-details/b23388ff8ac6637b,UFC Fight Night: Thompson vs. Holland,2022-12-03,completed,"http://www.ufcstats.com/fight-details/a419e6df765aa755, http://www.ufcstats.com/fight-details/f17813d03fcd8e7a, http://www.ufcstats.com/fight-details/5a8f7afc5ea69537, http://www.ufcstats.com/fight-details/972e17c1b98fca06, http://www.ufcstats.com/fight-details/a71764d5da04e3bc, http://www.ufcstats.com/fight-details/ca0f0a35a1fcb453, http://www.ufcstats.com/fight-details/7fbf09533c59e43f, http://www.ufcstats.com/fight-details/0c9faf26efe2cdcc, http://www.ufcstats.com/fight-details/7bd6969c4ed979f9, http://www.ufcstats.com/fight-details/92c1d9a6d313cb0c, http://www.ufcstats.com/fight-details/be977e524ef56aa4, http://www.ufcstats.com/fight-details/30abc50a2e71c576, http://www.ufcstats.com/fight-details/1114cd1515cf3b8f, http://www.ufcstats.com/fight-details/2cec230248d7eb97",2026-03-30T11:08:40Z,2026-08-08T18:41:58Z
900852a4-75da-5d46-b9de-d643d80af0ed,http://www.ufcstats.com/event-details/f65a0eb902f9476b,UFC 282: Blachowicz vs. Ankalaev,2022-12-10,completed,"http://www.ufcstats.com/fight-details/3c3a9c1ec0604fc2, http://www.ufcstats.com/fight-details/144cd3f62591a5fb, http://www.ufcstats.com/fight-details/11f65de5348e4bc4, http://www.ufcstats.com/fight-details/ecab8b8b36727b8d, http://www.ufcstats.com/fight-details/4a17876e99f6baf3, http://www.ufcstats.com/fight-details/fd7421f421e802bd, http://www.ufcstats.com/fight-details/1779cc4ae925df01, http://www.ufcstats.com/fight-details/4e9d76ed54f1f352, http://www.ufcstats.com/fight-details/a346180c8b109469, http://www.ufcstats.com/fight-details/a1a5d06b0e7ada62, http://www.ufcstats.com/fight-details/2d9d966e0e8df232, http://www.ufcstats.com/fight-details/5bc31abb5842942a",2026-03-30T11:08:41Z,2026-08-08T18:41:59Z
89acac79-2365-5dc0-93b1-aa4996cc0ac3,http://www.ufcstats.com/event-details/56ec58954158966a,UFC Fight Night: Cannonier vs. Strickland,2022-12-17,completed,"http://www.ufcstats.com/fight-details/4ea48bf2407b405d, http://www.ufcstats.com/fight-details/ce7744d45a698aa6, http://www.ufcstats.com/fight-details/d95eeba3de7ecac5, http://www.ufcstats.com/fight-details/9c1a2ac64c98d2f6, http://www.ufcstats.com/fight-details/c335f44e4f3515ea, http://www.ufcstats.com/fight-details/e0444752d18fda7f, http://www.ufcstats.com/fight-details/c960184a583f1861, http://www.ufcstats.com/fight-details/5f4e944ff1bdcd9c, http://www.ufcstats.com/fight-details/ed6203e849a2bf28, http://www.ufcstats.com/fight-details/efc64d8aae5628c9, http://www.ufcstats.com/fight-details/8f00da6ea8186ce2, http://www.ufcstats.com/fight-details/f87a7812733f7e8f, http://www.ufcstats.com/fight-details/ccb7e2851319345d",2026-03-30T11:08:42Z,2026-08-08T18:42:01Z
4f2b865d-9a6c-519f-a96d-6d4c418dbdba,http://www.ufcstats.com/event-details/2e2cdb6e9eb84bb9,UFC Fight Night: Strickland vs. Imavov,2023-01-14,completed,"http://www.ufcstats.com/fight-details/868c83e734dbbceb, http://www.ufcstats.com/fight-details/c88a7dbe7717d2da, http://www.ufcstats.com/fight-details/d4420be78065de03, http://www.ufcstats.com/fight-details/622cc4ef46913020, http://www.ufcstats.com/fight-details/a4c7d59d340794c0, http://www.ufcstats.com/fight-details/5a2fa552e70958d4, http://www.ufcstats.com/fight-details/5305049e4215d263, http://www.ufcstats.com/fight-details/76b6058cddda9238, http://www.ufcstats.com/fight-details/c9144a294c73b06f, http://www.ufcstats.com/fight-details/9f09e77e46f15766, http://www.ufcstats.com/fight-details/b6723b9c6ff4d594",2026-03-30T11:08:43Z,2026-08-08T18:42:02Z
d467fa4b-5e0c-530e-a76f-ab45b6e572cf,http://www.ufcstats.com/event-details/5717efc6f271cd52,UFC 283: Teixeira vs. Hill,2023-01-21,completed,"http://www.ufcstats.com/fight-details/dde7d29cc443e263, http://www.ufcstats.com/fight-details/0462bcc27498f7c4, http://www.ufcstats.com/fight-details/1c51f405e5c46572, http://www.ufcstats.com/fight-details/0221982930283140, http://www.ufcstats.com/fight-details/2d1ac675e6c1e6ea, http://www.ufcstats.com/fight-details/a3ef3d05ddd80a94, http://www.ufcstats.com/fight-details/5ad8aa57c8d69680, http://www.ufcstats.com/fight-details/8cdcdfb76d1670dd, http://www.ufcstats.com/fight-details/7ed9e8f3258446c7, http://www.ufcstats.com/fight-details/fffdc57255274be1, http://www.ufcstats.com/fight-details/354dc211166a3982, http://www.ufcstats.com/fight-details/911b73db91738da6, http://www.ufcstats.com/fight-details/f09c3d8a26806761, http://www.ufcstats.com/fight-details/fcf385ae75191b57, http://www.ufcstats.com/fight-details/1d35e4c0941d1397",2026-03-30T11:08:44Z,2026-08-08T18:42:03Z
1b17d7c0-c47d-5e25-aa06-56f7d5e37fd2,http://www.ufcstats.com/event-details/d26394fc0e8e880a,UFC Fight Night: Lewis vs. Spivac,2023-02-04,completed,"http://www.ufcstats.com/fight-details/caeeb398f73d213a, http://www.ufcstats.com/fight-details/7a1abc0230af730c, http://www.ufcstats.com/fight-details/8741e6a3a5a22a7f, http://www.ufcstats.com/fight-details/01e8868086004dd8, http://www.ufcstats.com/fight-details/c63d8062c89c4c33, http://www.ufcstats.com/fight-details/b1b20c686dfe3204, http://www.ufcstats.com/fight-details/765482eb58e8db48, http://www.ufcstats.com/fight-details/a8067e65eb737a09, http://www.ufcstats.com/fight-details/98094a500529d442, http://www.ufcstats.com/fight-details/983fab4080743ed0, http://www.ufcstats.com/fight-details/a26ca06cce403ce2",2026-03-30T11:08:45Z,2026-08-08T18:42:04Z
7f606603-91eb-586b-bc9a-5d09dd1461bf,http://www.ufcstats.com/event-details/01dd4cdc2446f665,UFC 284: Makhachev vs. Volkanovski,2023-02-11,completed,"http://www.ufcstats.com/fight-details/256894b49303537b, http://www.ufcstats.com/fight-details/2208b9f471a201d9, http://www.ufcstats.com/fight-details/4f672dd40867d8c6, http://www.ufcstats.com/fight-details/da22d5a717ae9e35, http://www.ufcstats.com/fight-details/ec03739c836fadc8, http://www.ufcstats.com/fight-details/ca2672e68fedf4b7, http://www.ufcstats.com/fight-details/8b7bc2af1e15b668, http://www.ufcstats.com/fight-details/16dbe70eb7007f17, http://www.ufcstats.com/fight-details/a37a6b6f9551a6e8, http://www.ufcstats.com/fight-details/28af78600d6580f1, http://www.ufcstats.com/fight-details/51a12878b151d67b, http://www.ufcstats.com/fight-details/5c962ea13cb9b937, http://www.ufcstats.com/fight-details/0ac5fc42ba039211",2026-03-30T11:08:46Z,2026-08-08T18:42:06Z
1b85fd8b-17e3-5821-ae16-d950f7484759,http://www.ufcstats.com/event-details/f21a3d68fb9df387,UFC Fight Night: Andrade vs. Blanchfield,2023-02-18,completed,"http://www.ufcstats.com/fight-details/dcc3da324eb5f26c, http://www.ufcstats.com/fight-details/3f837b469ba33c7c, http://www.ufcstats.com/fight-details/3e90b7fd1e9f86bd, http://www.ufcstats.com/fight-details/dc6f69f923744948, http://www.ufcstats.com/fight-details/682ff095649c9a5c, http://www.ufcstats.com/fight-details/d45d9c7d60f332da, http://www.ufcstats.com/fight-details/c3a4187fc821bfff, http://www.ufcstats.com/fight-details/43ec12079ccc371c, http://www.ufcstats.com/fight-details/3d46d635f9ae5e68, http://www.ufcstats.com/fight-details/435ba9b407b844ef, http://www.ufcstats.com/fight-details/40781a64c4cea877",2026-03-30T11:08:48Z,2026-08-08T18:42:07Z
71d59c9a-a424-565d-91ba-978578dc3319,http://www.ufcstats.com/event-details/806975e1b4f47b27,UFC Fight Night: Muniz vs. Allen,2023-02-25,completed,"http://www.ufcstats.com/fight-details/2ba11e0bf32829d6, http://www.ufcstats.com/fight-details/d6357dab7ccdf2db, http://www.ufcstats.com/fight-details/5737084215c45792, http://www.ufcstats.com/fight-details/00a94d5fc7ce55cf, http://www.ufcstats.com/fight-details/83fa3a382acc7bdc, http://www.ufcstats.com/fight-details/faac24c1b3d6368a, http://www.ufcstats.com/fight-details/a7f66f13f953352f, http://www.ufcstats.com/fight-details/63670e1b8f164d4a, http://www.ufcstats.com/fight-details/12d9b4a3931be5ec, http://www.ufcstats.com/fight-details/02615499125b4b5d",2026-03-30T11:08:49Z,2026-08-08T18:42:08Z
f5b26e83-eaab-5a9b-9d7d-4592a0cf8eec,http://www.ufcstats.com/event-details/1ccff7f0cfdf85eb,UFC 285: Jones vs. Gane,2023-03-04,completed,"http://www.ufcstats.com/fight-details/636fd144716a3084, http://www.ufcstats.com/fight-details/a69afe4a88c0ca12, http://www.ufcstats.com/fight-details/22fc6b3f4e48cfa3, http://www.ufcstats.com/fight-details/d6d034e98ce85246, http://www.ufcstats.com/fight-details/2b9daf452ab40b9b, http://www.ufcstats.com/fight-details/ec490d4224d3bc78, http://www.ufcstats.com/fight-details/c2fc4c1e0c769655, http://www.ufcstats.com/fight-details/009feda296ae589c, http://www.ufcstats.com/fight-details/c29e2c49e1e417c8, http://www.ufcstats.com/fight-details/ed9f8f702585ed44, http://www.ufcstats.com/fight-details/0eb16f1307f66a11, http://www.ufcstats.com/fight-details/c3b9b97467f828d1, http://www.ufcstats.com/fight-details/cd20dac4daa4f93a, http://www.ufcstats.com/fight-details/ee2354d638c078fd",2026-03-30T11:08:50Z,2026-08-08T18:42:10Z
8a057067-8070-53e9-b895-bffd4fe4f10f,http://www.ufcstats.com/event-details/35080a7f406f9ab3,UFC Fight Night: Yan vs. Dvalishvili,2023-03-11,completed,"http://www.ufcstats.com/fight-details/0ccd2593c88209e4, http://www.ufcstats.com/fight-details/3b561a154aa2bbb2, http://www.ufcstats.com/fight-details/d6945828f5fa7492, http://www.ufcstats.com/fight-details/b9539d5e379b3edc, http://www.ufcstats.com/fight-details/2c58a97f2fe6c985, http://www.ufcstats.com/fight-details/8d5b88e0ff253617, http://www.ufcstats.com/fight-details/e9c6bac0d1a5ec0f, http://www.ufcstats.com/fight-details/804c350ce714770f, http://www.ufcstats.com/fight-details/3cf3771274a4f8b1, http://www.ufcstats.com/fight-details/c4e4954beb59eca6, http://www.ufcstats.com/fight-details/8e5ce3308c0e2046, http://www.ufcstats.com/fight-details/c3af2b6ab1262fef, http://www.ufcstats.com/fight-details/ccb5e29cd0347110",2026-03-30T11:08:52Z,2026-08-08T18:42:10Z
8bd16a05-3f84-5770-8e44-524f94a1d650,http://www.ufcstats.com/event-details/e4bb7e483c4ad318,UFC 286: Edwards vs. Usman 3,2023-03-18,completed,"http://www.ufcstats.com/fight-details/c483ac06b1e33c3b, http://www.ufcstats.com/fight-details/90a83875e1d11238, http://www.ufcstats.com/fight-details/019b4d006800504b, http://www.ufcstats.com/fight-details/dd9cbf6d6284de26, http://www.ufcstats.com/fight-details/5e9c027fb24efc2b, http://www.ufcstats.com/fight-details/13f5be7a2ea5577e, http://www.ufcstats.com/fight-details/cdaf65287d9a0ecb, http://www.ufcstats.com/fight-details/9f8cf5ac0807d64e, http://www.ufcstats.com/fight-details/f40ac11da3bd7f8e, http://www.ufcstats.com/fight-details/533984c3ff4b4858, http://www.ufcstats.com/fight-details/38094db8e3539cba, http://www.ufcstats.com/fight-details/6068385c48de6801, http://www.ufcstats.com/fight-details/8a3e7085e8e5a6e9, http://www.ufcstats.com/fight-details/938c2c71b84e56ff, http://www.ufcstats.com/fight-details/53d6d5ad08ac0694",2026-03-30T11:08:53Z,2026-08-08T18:42:11Z
3a0dfccf-5335-5670-9680-135f8faa797b,http://www.ufcstats.com/event-details/aec273fcb765330d,UFC Fight Night: Vera vs. Sandhagen,2023-03-25,completed,"http://www.ufcstats.com/fight-details/33fa6793a7f984ac, http://www.ufcstats.com/fight-details/1c2d0db1c9eed052, http://www.ufcstats.com/fight-details/bce8ece2ff26b4d4, http://www.ufcstats.com/fight-details/9433730f95d52fc8, http://www.ufcstats.com/fight-details/2f382615155e32b9, http://www.ufcstats.com/fight-details/c6cc6ae23cbf8a27, http://www.ufcstats.com/fight-details/b9e037a45f8850fb, http://www.ufcstats.com/fight-details/07e39fd5f4f23270, http://www.ufcstats.com/fight-details/16bd47ba50891833, http://www.ufcstats.com/fight-details/6f6fec9c78244174",2026-03-30T11:08:54Z,2026-08-08T18:42:12Z
0bd58fdd-acae-51ff-83fb-1f92e61ce723,http://www.ufcstats.com/event-details/3dc3022232b79c7a,UFC 287: Pereira vs. Adesanya 2,2023-04-08,completed,"http://www.ufcstats.com/fight-details/fe143cb868adfded, http://www.ufcstats.com/fight-details/71ea7d7985dad804, http://www.ufcstats.com/fight-details/678d27af287476f8, http://www.ufcstats.com/fight-details/3165b03ddc6d3b6e, http://www.ufcstats.com/fight-details/2cb34fc074f7a9ae, http://www.ufcstats.com/fight-details/bbc76ff9e1b1b142, http://www.ufcstats.com/fight-details/95349402616097cd, http://www.ufcstats.com/fight-details/28e3d939eb043664, http://www.ufcstats.com/fight-details/780147f2ed2637d1, http://www.ufcstats.com/fight-details/d7022b6058dbb26b, http://www.ufcstats.com/fight-details/0810cdbeb9dd4d02, http://www.ufcstats.com/fight-details/355a2f4090c0ca31",2026-03-30T11:08:55Z,2026-08-08T18:42:14Z
f4411805-d0c7-576f-a6e8-fd67f749ff98,http://www.ufcstats.com/event-details/15b1b21cd743d652,UFC Fight Night: Holloway vs. Allen,2023-04-15,completed,"http://www.ufcstats.com/fight-details/6049301b4deea035, http://www.ufcstats.com/fight-details/83c81018bb3aeebf, http://www.ufcstats.com/fight-details/792f139c2b9fd294, http://www.ufcstats.com/fight-details/995e79b951da945b, http://www.ufcstats.com/fight-details/d856812dc733690a, http://www.ufcstats.com/fight-details/bdbddbc00d07dc4b, http://www.ufcstats.com/fight-details/b01e6e97d66681c5, http://www.ufcstats.com/fight-details/bbde45b2c766bb67, http://www.ufcstats.com/fight-details/50e675146cda6e7c, http://www.ufcstats.com/fight-details/68c1b833ed8849a3, http://www.ufcstats.com/fight-details/cef255a992ba7af3, http://www.ufcstats.com/fight-details/5de3a1bbcf705b58, http://www.ufcstats.com/fight-details/119559fd8124fee3, http://www.ufcstats.com/fight-details/8b2b2562884821a7",2026-03-30T11:08:56Z,2026-08-08T18:42:15Z
f94cee5f-e3ee-5acf-95b6-f844893c96e7,http://www.ufcstats.com/event-details/6fb1ba67bef41b37,UFC Fight Night: Pavlovich vs. Blaydes,2023-04-22,completed,"http://www.ufcstats.com/fight-details/856468ba24a37fcc, http://www.ufcstats.com/fight-details/d00d5ef4ae0ac01b, http://www.ufcstats.com/fight-details/640d52630f4f8a61, http://www.ufcstats.com/fight-details/20c0f50c11509301, http://www.ufcstats.com/fight-details/06d9fb9c995f1e4f, http://www.ufcstats.com/fight-details/16628e25a043043a, http://www.ufcstats.com/fight-details/034cbbec91f67852, http://www.ufcstats.com/fight-details/01aa5949ac6851f3, http://www.ufcstats.com/fight-details/8beab5f941dae8e0, http://www.ufcstats.com/fight-details/a941c4e25ddddfff, http://www.ufcstats.com/fight-details/277233ca9ea25674",2026-03-30T11:08:57Z,2026-08-08T18:42:16Z
d177acf2-c4f2-547f-bd1b-c87bf3cdaf93,http://www.ufcstats.com/event-details/51b1e2fd9872005b,UFC Fight Night: Song vs. Simon,2023-04-29,completed,"http://www.ufcstats.com/fight-details/2b1ac5d8f98639bf, http://www.ufcstats.com/fight-details/ecec1b0dd64ca2ae, http://www.ufcstats.com/fight-details/37ae5c09d6f03f33, http://www.ufcstats.com/fight-details/e0e2c1fc1a178d89, http://www.ufcstats.com/fight-details/8dbfbd8f8bd0f00b, http://www.ufcstats.com/fight-details/c02d44564cb006a9, http://www.ufcstats.com/fight-details/5d11b618f24082dd, http://www.ufcstats.com/fight-details/ca63933f8c898fa2, http://www.ufcstats.com/fight-details/f9345fa82bf43847, http://www.ufcstats.com/fight-details/88a63555728c2025, http://www.ufcstats.com/fight-details/e434035be5453be0",2026-03-30T11:08:59Z,2026-08-08T18:42:17Z
5568d98a-e5d5-57c4-ab72-e53e1f7b8f11,http://www.ufcstats.com/event-details/3c6976f8182d9527,UFC 288: Sterling vs. Cejudo,2023-05-06,completed,"http://www.ufcstats.com/fight-details/e3aad51099a23ba4, http://www.ufcstats.com/fight-details/ed707998b13d0101, http://www.ufcstats.com/fight-details/11a5a852313d1f5b, http://www.ufcstats.com/fight-details/069ab7e7b8b5d262, http://www.ufcstats.com/fight-details/0c6e3c1f03cd4061, http://www.ufcstats.com/fight-details/3f8b4aeb3baf4724, http://www.ufcstats.com/fight-details/c3ca708aaf4262a7, http://www.ufcstats.com/fight-details/4c9bbd9758be1168, http://www.ufcstats.com/fight-details/5f44d6d9e6bbecff, http://www.ufcstats.com/fight-details/2372578d3f554c65, http://www.ufcstats.com/fight-details/d22de60b7a3d908c, http://www.ufcstats.com/fight-details/93fb6c7e590487f9",2026-03-30T11:09:00Z,2026-08-08T18:42:18Z
78b9167e-f0d0-5c82-984a-6201846c18a7,http://www.ufcstats.com/event-details/901cddcbfa079097,UFC Fight Night: Rozenstruik vs. Almeida,2023-05-13,completed,"http://www.ufcstats.com/fight-details/755202fce24b8f83, http://www.ufcstats.com/fight-details/c501576b8ec35758, http://www.ufcstats.com/fight-details/b0f4c7788782e26e, http://www.ufcstats.com/fight-details/dae2484418631ff5, http://www.ufcstats.com/fight-details/838a022ca5d99cc1, http://www.ufcstats.com/fight-details/f2ced83baf0457fc, http://www.ufcstats.com/fight-details/3387f430abb7e39f, http://www.ufcstats.com/fight-details/14e689e60419d469, http://www.ufcstats.com/fight-details/6ca856d1950d8f7f, http://www.ufcstats.com/fight-details/81fda78adcaedbc7, http://www.ufcstats.com/fight-details/acfcf75f0215b7ab",2026-03-30T11:09:02Z,2026-08-08T18:42:20Z
cf978dc8-a302-5a40-ad2d-f37d9e720dfe,http://www.ufcstats.com/event-details/6f812143641ceff8,UFC Fight Night: Dern vs. Hill,2023-05-20,completed,"http://www.ufcstats.com/fight-details/cb9654746447b934, http://www.ufcstats.com/fight-details/3638ee66c7d34fe0, http://www.ufcstats.com/fight-details/924f982f0d9d2142, http://www.ufcstats.com/fight-details/73700c8c5107f719, http://www.ufcstats.com/fight-details/12683e06369d1a83, http://www.ufcstats.com/fight-details/49bd9a2f1fbebd1f, http://www.ufcstats.com/fight-details/33007109c9ca1ede, http://www.ufcstats.com/fight-details/7d583e4002622848, http://www.ufcstats.com/fight-details/fb70b62915fdcec6, http://www.ufcstats.com/fight-details/eca400aeeb2763d1, http://www.ufcstats.com/fight-details/744cbe6e49d4f41c, http://www.ufcstats.com/fight-details/8502f245aabd64ac",2026-03-30T11:09:03Z,2026-08-08T18:42:21Z
88c2fb53-0f27-5c2d-957a-132c23621f8a,http://www.ufcstats.com/event-details/7abe471b61725980,UFC Fight Night: Kara-France vs. Albazi,2023-06-03,completed,"http://www.ufcstats.com/fight-details/d7ae0993c7a378ee, http://www.ufcstats.com/fight-details/7be3e513a31f6570, http://www.ufcstats.com/fight-details/e2f4cd4a9a579488, http://www.ufcstats.com/fight-details/913d8a35095591d5, http://www.ufcstats.com/fight-details/4d0029ad31bdd85a, http://www.ufcstats.com/fight-details/a122968e96068800, http://www.ufcstats.com/fight-details/84f60cb00b8d4187, http://www.ufcstats.com/fight-details/5459c3bb88d031f9, http://www.ufcstats.com/fight-details/c98f62eb74e69bcb, http://www.ufcstats.com/fight-details/ad7bd4b3ee923498, http://www.ufcstats.com/fight-details/dfc62aa72446e4a8, http://www.ufcstats.com/fight-details/72bb7605e340a8fe, http://www.ufcstats.com/fight-details/99808befeece3a8a",2026-03-30T11:09:04Z,2026-08-08T18:42:22Z
4db433b1-5e8b-58ea-934b-d961fea1b541,http://www.ufcstats.com/event-details/b6c6d1731ff00eeb,UFC 289: Nunes vs. Aldana,2023-06-10,completed,"http://www.ufcstats.com/fight-details/69bc7ca8ce831731, http://www.ufcstats.com/fight-details/40e8bf8ce508c436, http://www.ufcstats.com/fight-details/e9d5ffcacf7d8757, http://www.ufcstats.com/fight-details/46c67efd68a0b15d, http://www.ufcstats.com/fight-details/5311298f79414125, http://www.ufcstats.com/fight-details/96eaf07b34538b8b, http://www.ufcstats.com/fight-details/47a5d4bb68352055, http://www.ufcstats.com/fight-details/e24b65cd8721349a, http://www.ufcstats.com/fight-details/7ee8b91d7f80f8a7, http://www.ufcstats.com/fight-details/947ea1122c04ba18, http://www.ufcstats.com/fight-details/1676c64a94be0557",2026-03-30T11:09:05Z,2026-08-08T18:42:23Z
b32a5755-3766-5fc8-89a8-b57b3e57643c,http://www.ufcstats.com/event-details/b9415726dc3ec526,UFC Fight Night: Vettori vs. Cannonier,2023-06-17,completed,"http://www.ufcstats.com/fight-details/175d9e1ac0725145, http://www.ufcstats.com/fight-details/6c2199524d762b11, http://www.ufcstats.com/fight-details/5d9b84493f1ed114, http://www.ufcstats.com/fight-details/76fd6919d828d5c2, http://www.ufcstats.com/fight-details/98458778348ea5d7, http://www.ufcstats.com/fight-details/870672b1b443311e, http://www.ufcstats.com/fight-details/bc1be168c064f028, http://www.ufcstats.com/fight-details/7ba54a10f28c9496, http://www.ufcstats.com/fight-details/8ea12c7360fa0f6b, http://www.ufcstats.com/fight-details/9cfb84817a43b63c, http://www.ufcstats.com/fight-details/9a2d3ebab827d333, http://www.ufcstats.com/fight-details/8794031c523bf534",2026-03-30T11:09:06Z,2026-08-08T18:42:25Z
ead06290-8751-546a-9220-6aa1edc88d05,http://www.ufcstats.com/event-details/a780d16cf7eed44d,UFC Fight Night: Emmett vs. Topuria,2023-06-24,completed,"http://www.ufcstats.com/fight-details/c3ef3cb03edde8bb, http://www.ufcstats.com/fight-details/07cb64236ae7aaea, http://www.ufcstats.com/fight-details/2874ea5d2f783e23, http://www.ufcstats.com/fight-details/582806c33ce6dcf6, http://www.ufcstats.com/fight-details/9124740fe7816d70, http://www.ufcstats.com/fight-details/ced01368259428f5, http://www.ufcstats.com/fight-details/42922bab8a3e1828, http://www.ufcstats.com/fight-details/8b296724a6844865, http://www.ufcstats.com/fight-details/c22de92b9d9030dc, http://www.ufcstats.com/fight-details/c2cdeb207cce5ceb, http://www.ufcstats.com/fight-details/f18d44292036d5de, http://www.ufcstats.com/fight-details/fcc1191761e365f9, http://www.ufcstats.com/fight-details/7b909acede0a26eb",2026-03-30T11:09:08Z,2026-08-08T18:42:26Z
2d878553-1540-5f40-86c1-29ab6cc87190,http://www.ufcstats.com/event-details/e9e1acc96536bb4f,UFC Fight Night: Strickland vs. Magomedov,2023-07-01,completed,"http://www.ufcstats.com/fight-details/f557405652165aa3, http://www.ufcstats.com/fight-details/4dc5a41f357a7d85, http://www.ufcstats.com/fight-details/0548a24a9bf8d7a0, http://www.ufcstats.com/fight-details/ea29714dcfb07ce2, http://www.ufcstats.com/fight-details/cd137988da724076, http://www.ufcstats.com/fight-details/288f7fb936c1523c, http://www.ufcstats.com/fight-details/962e74250884e4c1, http://www.ufcstats.com/fight-details/f5a6acc99bc5c634, http://www.ufcstats.com/fight-details/fe370c518cf7873e, http://www.ufcstats.com/fight-details/454265014520a3f8, http://www.ufcstats.com/fight-details/dffc65202afb881d, http://www.ufcstats.com/fight-details/bd2e14ee959f9b77",2026-03-30T11:09:09Z,2026-08-08T18:42:27Z
113dba0b-aca7-5479-8e9f-7af92c26013a,http://www.ufcstats.com/event-details/6085ceb59087514b,UFC 290: Volkanovski vs. Rodriguez,2023-07-08,completed,"http://www.ufcstats.com/fight-details/4b12a4b48755cd6b, http://www.ufcstats.com/fight-details/0f24f3bc1b39ea45, http://www.ufcstats.com/fight-details/4ec5d9bd1442e6c1, http://www.ufcstats.com/fight-details/b6ea8880cc7af439, http://www.ufcstats.com/fight-details/1ffe6e8df6dbefd2, http://www.ufcstats.com/fight-details/20d8f6b4b7c8bae7, http://www.ufcstats.com/fight-details/d3a9aceeb7e23580, http://www.ufcstats.com/fight-details/ef270d8cf29d071b, http://www.ufcstats.com/fight-details/6ef12db5b099ec81, http://www.ufcstats.com/fight-details/69f67a4a690eb15d, http://www.ufcstats.com/fight-details/dbf8a4b0870a47d1, http://www.ufcstats.com/fight-details/420f7e6530dbc727, http://www.ufcstats.com/fight-details/5b71958ee063a6e8",2026-03-30T11:09:10Z,2026-08-08T18:42:28Z
c1ce7052-a225-511f-a319-85bbf62b6669,http://www.ufcstats.com/event-details/c9885b1b7c7055a0,UFC Fight Night: Holm vs. Bueno Silva,2023-07-15,completed,"http://www.ufcstats.com/fight-details/73370221b3fa3676, http://www.ufcstats.com/fight-details/3352c65f3f6d9b2a, http://www.ufcstats.com/fight-details/b52dccbe69864d2a, http://www.ufcstats.com/fight-details/6adfe44b110c1510, http://www.ufcstats.com/fight-details/81b7a6aa147bd912, http://www.ufcstats.com/fight-details/e4620f3fa451a3a4, http://www.ufcstats.com/fight-details/8362b372adb2f302, http://www.ufcstats.com/fight-details/eb30c9c975e15436, http://www.ufcstats.com/fight-details/b4cc389bb4af3707, http://www.ufcstats.com/fight-details/3624f4ae9c1d703e, http://www.ufcstats.com/fight-details/dae80502466c8726, http://www.ufcstats.com/fight-details/57785c9be5b4526d, http://www.ufcstats.com/fight-details/cae7de0873e03947",2026-03-30T11:09:12Z,2026-08-08T18:42:30Z
dab5a8e0-3816-5116-8781-80c697ae705e,http://www.ufcstats.com/event-details/1174782eacde9b0c,UFC Fight Night: Aspinall vs. Tybura,2023-07-22,completed,"http://www.ufcstats.com/fight-details/90e46589a18064bc, http://www.ufcstats.com/fight-details/743a04674ab72ee0, http://www.ufcstats.com/fight-details/9541cf21e031354c, http://www.ufcstats.com/fight-details/8104fe27bdc46914, http://www.ufcstats.com/fight-details/c4caa8a4f32a0eed, http://www.ufcstats.com/fight-details/3c4305abc2e302d0, http://www.ufcstats.com/fight-details/b4e2037f180c1e0e, http://www.ufcstats.com/fight-details/d54ebd2a3435a357, http://www.ufcstats.com/fight-details/319b96f615a0a154, http://www.ufcstats.com/fight-details/89b96bc5f3e824c5, http://www.ufcstats.com/fight-details/8b341eb556c97c23, http://www.ufcstats.com/fight-details/a0bc695b35f155f1, http://www.ufcstats.com/fight-details/a8a4c9f98ff73839, http://www.ufcstats.com/fight-details/c81d1facf185467d, http://www.ufcstats.com/fight-details/d918da575ee1bc35",2026-03-30T11:09:13Z,2026-08-08T18:42:31Z
d53535d4-681b-5aae-8983-325edae3fc7e,http://www.ufcstats.com/event-details/ccd58ff71e260ed5,UFC 291: Poirier vs. Gaethje 2,2023-07-29,completed,"http://www.ufcstats.com/fight-details/c27e33ee8ef53866, http://www.ufcstats.com/fight-details/800a35b3a7e52308, http://www.ufcstats.com/fight-details/eff6ec2b2f1fb27b, http://www.ufcstats.com/fight-details/f1eca70738ca073e, http://www.ufcstats.com/fight-details/cbf1e76186a0c8b3, http://www.ufcstats.com/fight-details/4327fe98e1b6f222, http://www.ufcstats.com/fight-details/e5ac7343b6d45188, http://www.ufcstats.com/fight-details/5116f9398bfca446, http://www.ufcstats.com/fight-details/7a8f218c07347c88, http://www.ufcstats.com/fight-details/3de326b65aa6245d, http://www.ufcstats.com/fight-details/74fef059e229d217",2026-03-30T11:09:14Z,2026-08-08T18:42:32Z
f7d1b47e-2057-521c-9330-f123a3b7212c,http://www.ufcstats.com/event-details/6f81b6de2557739a,UFC Fight Night: Sandhagen vs. Font,2023-08-05,completed,"http://www.ufcstats.com/fight-details/554163b1c8c05522, http://www.ufcstats.com/fight-details/ec2358459ffbe7de, http://www.ufcstats.com/fight-details/2c54be25b09fce50, http://www.ufcstats.com/fight-details/79bfba62da6242a6, http://www.ufcstats.com/fight-details/2c0496a5f39ab8a4, http://www.ufcstats.com/fight-details/531ce3d8011fa1f6, http://www.ufcstats.com/fight-details/e5cb9dfc1189d77d, http://www.ufcstats.com/fight-details/bda7992779a005fa, http://www.ufcstats.com/fight-details/1b0d5e65fdfc62cf, http://www.ufcstats.com/fight-details/38901948cff43ff9, http://www.ufcstats.com/fight-details/436a1ce6b0c6b4bb, http://www.ufcstats.com/fight-details/6b5c225814a924ed",2026-03-30T11:09:15Z,2026-08-08T18:42:34Z
b1b7fa00-0e66-5638-a6a1-f68afaec9888,http://www.ufcstats.com/event-details/d2fa318f34d0aadc,UFC Fight Night: Luque vs. Dos Anjos,2023-08-12,completed,"http://www.ufcstats.com/fight-details/e346f2b7af63e804, http://www.ufcstats.com/fight-details/1b1fd32485861655, http://www.ufcstats.com/fight-details/c57a4810c932b296, http://www.ufcstats.com/fight-details/c2f730cb33df5221, http://www.ufcstats.com/fight-details/560a971c6ab8b854, http://www.ufcstats.com/fight-details/9a9479663bedf8b4, http://www.ufcstats.com/fight-details/2c160a1d1fdbf0b0, http://www.ufcstats.com/fight-details/9576d9cba5cf5c4e, http://www.ufcstats.com/fight-details/9479ba3cdcb1e513, http://www.ufcstats.com/fight-details/d5929b7fbc801ce4, http://www.ufcstats.com/fight-details/ca2aa660bea0cb60, http://www.ufcstats.com/fight-details/91a5480f48bfaa71, http://www.ufcstats.com/fight-details/e3573545220ca4ea",2026-03-30T11:09:17Z,2026-08-08T18:42:35Z
dc66b2b5-4604-5f6e-8af5-378aba044cf4,http://www.ufcstats.com/event-details/2719f300b0439039,UFC 292: Sterling vs. O'Malley,2023-08-19,completed,"http://www.ufcstats.com/fight-details/ee796ecb4ee8680b, http://www.ufcstats.com/fight-details/845e38dfbfea6e53, http://www.ufcstats.com/fight-details/78d2c01dc963f204, http://www.ufcstats.com/fight-details/fd4d30036a3f3efb, http://www.ufcstats.com/fight-details/621e6f0929a3dbfc, http://www.ufcstats.com/fight-details/1a95cc401f68f4c8, http://www.ufcstats.com/fight-details/f995ed679ef8bdf4, http://www.ufcstats.com/fight-details/62d53ad8f8769666, http://www.ufcstats.com/fight-details/e9754f597ec50f6f, http://www.ufcstats.com/fight-details/9f7c28381b6913c8, http://www.ufcstats.com/fight-details/8c7b5b21b3532027, http://www.ufcstats.com/fight-details/f329bd89e375d6df",2026-03-30T11:09:18Z,2026-08-08T18:42:36Z
8c13b102-4e48-5057-891b-f0e274c31c14,http://www.ufcstats.com/event-details/89a407032911e27e,UFC Fight Night: Holloway vs. The Korean Zombie,2023-08-26,completed,"http://www.ufcstats.com/fight-details/96704d7ba3a452d9, http://www.ufcstats.com/fight-details/c53b0f678fe2f16a, http://www.ufcstats.com/fight-details/dd617f6ab4916ec4, http://www.ufcstats.com/fight-details/de89bea7b0dcd2d3, http://www.ufcstats.com/fight-details/5531317352862978, http://www.ufcstats.com/fight-details/f7bc845ce74f5fe7, http://www.ufcstats.com/fight-details/bfc9989751bd0d04, http://www.ufcstats.com/fight-details/48231fbd1af53674, http://www.ufcstats.com/fight-details/293c5f4c9aca5c54, http://www.ufcstats.com/fight-details/da6b863cf684e0ae, http://www.ufcstats.com/fight-details/977250a28d3b8a3f, http://www.ufcstats.com/fight-details/23865dfc8361ac62, http://www.ufcstats.com/fight-details/b65b37c0e00074d9",2026-03-30T11:09:19Z,2026-08-08T18:42:37Z
c2aede74-bbd9-5a9a-b914-7d6bd1653a41,http://www.ufcstats.com/event-details/ef61d9f5176b3200,UFC Fight Night: Gane vs. Spivac,2023-09-02,completed,"http://www.ufcstats.com/fight-details/ea006bae605e2a6b, http://www.ufcstats.com/fight-details/4eaf54ad3c82b6fa, http://www.ufcstats.com/fight-details/dfa8fd0b82b37fa1, http://www.ufcstats.com/fight-details/5098d052525da54f, http://www.ufcstats.com/fight-details/1c29c53ff032c5c1, http://www.ufcstats.com/fight-details/0d41a3fa5efef91b, http://www.ufcstats.com/fight-details/1b9a127f9dadaad9, http://www.ufcstats.com/fight-details/1be27d95bba03f17, http://www.ufcstats.com/fight-details/e3a5a7ede88a2555, http://www.ufcstats.com/fight-details/ac73c6888ee9322c, http://www.ufcstats.com/fight-details/2a48d0a98c21e736",2026-03-30T11:09:20Z,2026-08-08T18:42:39Z
8e663417-aef3-5c7a-8fb0-9e1b5ea5d4ce,http://www.ufcstats.com/event-details/ece280745f8727b8,UFC 293: Adesanya vs. Strickland,2023-09-09,completed,"http://www.ufcstats.com/fight-details/7f16e7725245bb2d, http://www.ufcstats.com/fight-details/e4ed294e16e16d81, http://www.ufcstats.com/fight-details/222bb2c67a87d312, http://www.ufcstats.com/fight-details/f9d2137f380e66bf, http://www.ufcstats.com/fight-details/3e1c27f17433f9e4, http://www.ufcstats.com/fight-details/a3d75cc363a6544b, http://www.ufcstats.com/fight-details/09a7f0979a58e6ea, http://www.ufcstats.com/fight-details/0aae15358d8606b9, http://www.ufcstats.com/fight-details/bfff5a3777841344, http://www.ufcstats.com/fight-details/56809feb4fe7ea61, http://www.ufcstats.com/fight-details/5d481ff494bf40da, http://www.ufcstats.com/fight-details/65c89e0c92e51bb8",2026-03-30T11:09:21Z,2026-08-08T18:42:40Z
4f9359b3-e2ff-555f-9224-ec0c87e52af5,http://www.ufcstats.com/event-details/8fa2b06572365321,Noche UFC: Grasso vs. Shevchenko 2,2023-09-16,completed,"http://www.ufcstats.com/fight-details/b395c89e19a3fec4, http://www.ufcstats.com/fight-details/697efaf0d162e877, http://www.ufcstats.com/fight-details/c0ca4c201d086ea8, http://www.ufcstats.com/fight-details/2e1435c160bfe8b2, http://www.ufcstats.com/fight-details/a5d76e93a5052e3f, http://www.ufcstats.com/fight-details/79f03eca3fe5cdb3, http://www.ufcstats.com/fight-details/7a0813ec0fadc84e, http://www.ufcstats.com/fight-details/5d3e046b6bcd49f5, http://www.ufcstats.com/fight-details/bcec26b425194e40, http://www.ufcstats.com/fight-details/58b2fdad7af9be02, http://www.ufcstats.com/fight-details/11318a7807cee8ca",2026-03-30T11:09:22Z,2026-08-08T18:42:41Z
8ecfa402-07eb-5458-a595-b8952763b6cb,http://www.ufcstats.com/event-details/c945adc22c2bfe8f,UFC Fight Night: Fiziev vs. Gamrot,2023-09-23,completed,"http://www.ufcstats.com/fight-details/23a604f460289271, http://www.ufcstats.com/fight-details/da1b37edb8ccd3e6, http://www.ufcstats.com/fight-details/d8335b728604b222, http://www.ufcstats.com/fight-details/bf647be41de365e4, http://www.ufcstats.com/fight-details/6e1bf1b163b3aeab, http://www.ufcstats.com/fight-details/b78545b32a97ac44, http://www.ufcstats.com/fight-details/b3c7a5a97978d156, http://www.ufcstats.com/fight-details/1496969c1497dc85, http://www.ufcstats.com/fight-details/49ede01b061cfae3, http://www.ufcstats.com/fight-details/adb411b0f418ce33, http://www.ufcstats.com/fight-details/0732e6b6eb0a607d",2026-03-30T11:09:24Z,2026-08-08T18:42:43Z
21f5f88f-bd08-5f32-a09c-cadbe1059ccb,http://www.ufcstats.com/event-details/c8a49ff2acb6f3c5,UFC Fight Night: Dawson vs. Green,2023-10-07,completed,"http://www.ufcstats.com/fight-details/1aa4c2fa5ffaff00, http://www.ufcstats.com/fight-details/e966de63c8e6b1d5, http://www.ufcstats.com/fight-details/eb76a5b76a68e4c4, http://www.ufcstats.com/fight-details/68095e551ff6bbfd, http://www.ufcstats.com/fight-details/b638646fb297228d, http://www.ufcstats.com/fight-details/b6a6ba08898f3b6a, http://www.ufcstats.com/fight-details/eb7b0a6f06dbdb4f, http://www.ufcstats.com/fight-details/5ee83e03aaff5fa1, http://www.ufcstats.com/fight-details/df146b0592259e5d, http://www.ufcstats.com/fight-details/cc4fcfede19bc196",2026-03-30T11:09:25Z,2026-08-08T18:42:44Z
4144d02f-59ef-57d1-a015-88fdc8b41f20,http://www.ufcstats.com/event-details/f3a078277b3b8ff4,UFC Fight Night: Yusuff vs. Barboza,2023-10-14,completed,"http://www.ufcstats.com/fight-details/824859c7580eb35b, http://www.ufcstats.com/fight-details/751cf3d52fce1d1f, http://www.ufcstats.com/fight-details/0d6d212fcdf47f2e, http://www.ufcstats.com/fight-details/6acd1c591170f597, http://www.ufcstats.com/fight-details/0197a61472fc351d, http://www.ufcstats.com/fight-details/3a8af8ee23444b72, http://www.ufcstats.com/fight-details/5b7b5b01f4dcbd9c, http://www.ufcstats.com/fight-details/7f7d2abc21f171ca, http://www.ufcstats.com/fight-details/1ba282da76ca82ad, http://www.ufcstats.com/fight-details/a74a8c1e0a49070d, http://www.ufcstats.com/fight-details/85a130a4b655c8f5",2026-03-30T11:09:26Z,2026-08-08T18:42:45Z
d9aa2f89-e04a-50bf-b0be-132f424ca5cd,http://www.ufcstats.com/event-details/79ff6545b0abc685,UFC Fight Night: Ribas vs. Namajunas,2024-03-23,completed,"http://www.ufcstats.com/fight-details/faf19712bd7ea41e, http://www.ufcstats.com/fight-details/cd6452a463ec8a28, http://www.ufcstats.com/fight-details/d564e3a6c77d0c85, http://www.ufcstats.com/fight-details/127be512f86618b2, http://www.ufcstats.com/fight-details/72f123ddb4cc9d1c, http://www.ufcstats.com/fight-details/a1294453a28beda3, http://www.ufcstats.com/fight-details/de7cb625bdec0f91, http://www.ufcstats.com/fight-details/8c8337ce8437fe2e, http://www.ufcstats.com/fight-details/48ff3f1bcefbf965, http://www.ufcstats.com/fight-details/0e6782b758451063, http://www.ufcstats.com/fight-details/f1c3abce15ef053e, http://www.ufcstats.com/fight-details/f4ea27d942a390a5, http://www.ufcstats.com/fight-details/3223b7e196a07224",2026-03-30T11:09:30Z,2026-08-08T18:43:06Z
0fe66c7e-725c-551e-8668-9d28534ec4e4,http://www.ufcstats.com/event-details/dba230fe33011201,UFC Fight Night: Blanchfield vs. Fiorot,2024-03-30,completed,"http://www.ufcstats.com/fight-details/e6d4fdad2b3422d1, http://www.ufcstats.com/fight-details/de12349f334c964e, http://www.ufcstats.com/fight-details/77992b8727382373, http://www.ufcstats.com/fight-details/e30250daa73005a8, http://www.ufcstats.com/fight-details/91aa08e910fb4412, http://www.ufcstats.com/fight-details/eb9f9f61507497a5, http://www.ufcstats.com/fight-details/636b01ee49925e49, http://www.ufcstats.com/fight-details/99dc6d45cbdfa322, http://www.ufcstats.com/fight-details/976abc27a4e5e26a, http://www.ufcstats.com/fight-details/f59cefe16905d62c, http://www.ufcstats.com/fight-details/697e38075fd41819, http://www.ufcstats.com/fight-details/ce33085fc5205bab, http://www.ufcstats.com/fight-details/17e8ab0065e9085f",2026-03-30T11:09:31Z,2026-08-08T18:28:49Z
ebbbbddf-2476-5606-a93c-d0a00c798d34,http://www.ufcstats.com/event-details/899eaba48fa864a6,UFC Fight Night: Allen vs. Curtis 2,2024-04-06,completed,"http://www.ufcstats.com/fight-details/3ce96bb0c69b39be, http://www.ufcstats.com/fight-details/9c22ddb8d8fc1838, http://www.ufcstats.com/fight-details/32375b4435fea5e6, http://www.ufcstats.com/fight-details/6ff21ea2c75c48ed, http://www.ufcstats.com/fight-details/47f8812a335b6ce9, http://www.ufcstats.com/fight-details/0b9cd718d7e329e8, http://www.ufcstats.com/fight-details/ff5a8078ea85bbc7, http://www.ufcstats.com/fight-details/188e6416157e5a1f, http://www.ufcstats.com/fight-details/5c3b8819dbe98114, http://www.ufcstats.com/fight-details/1f7566c90343a680, http://www.ufcstats.com/fight-details/3cf5e0ebb5f8322c, http://www.ufcstats.com/fight-details/1685eecc7ef37fb5",2026-03-30T11:09:32Z,2026-08-08T18:28:50Z
8755b194-b578-5d78-8211-39da8e5d23e5,http://www.ufcstats.com/event-details/6750e338922a099d,UFC 300: Pereira vs. Hill,2024-04-13,completed,"http://www.ufcstats.com/fight-details/e4931f3ab3bf4141, http://www.ufcstats.com/fight-details/66eddbe35056c06d, http://www.ufcstats.com/fight-details/cf5e8f98159c3971, http://www.ufcstats.com/fight-details/01f7c28804746979, http://www.ufcstats.com/fight-details/0c2e3988793b418c, http://www.ufcstats.com/fight-details/eda1e8c285a0a788, http://www.ufcstats.com/fight-details/d95f21817a56eb05, http://www.ufcstats.com/fight-details/b1ac165326d8f29e, http://www.ufcstats.com/fight-details/538ca98010ed00ec, http://www.ufcstats.com/fight-details/18824fa5c15c212f, http://www.ufcstats.com/fight-details/603afedc31d95999, http://www.ufcstats.com/fight-details/efdad54c8550e6e0, http://www.ufcstats.com/fight-details/3ab0d8b344d2ebea",2026-03-30T11:09:33Z,2026-08-08T18:28:51Z
6f004c19-0cd2-5c14-b790-05e0b0d97033,http://www.ufcstats.com/event-details/a16ce18149021139,UFC Fight Night: Nicolau vs. Perez,2024-04-27,completed,"http://www.ufcstats.com/fight-details/a0cae57eae875820, http://www.ufcstats.com/fight-details/f41e83de703acf85, http://www.ufcstats.com/fight-details/45de6d0b9cf5451c, http://www.ufcstats.com/fight-details/dae70ccdf9e7475e, http://www.ufcstats.com/fight-details/7ca5604d99220e88, http://www.ufcstats.com/fight-details/6ea77cb62aa2f276, http://www.ufcstats.com/fight-details/55231cc4112334b4, http://www.ufcstats.com/fight-details/681cd3cc6299d652, http://www.ufcstats.com/fight-details/417049c7a3d65ccc, http://www.ufcstats.com/fight-details/4915c8a588513c22, http://www.ufcstats.com/fight-details/0a85b3ad328205ff, http://www.ufcstats.com/fight-details/1631f70535ae5dcc, http://www.ufcstats.com/fight-details/0976778a6e6cf8a8",2026-03-30T11:09:34Z,2026-08-08T18:28:52Z
b121f2e2-fe6e-5b46-9510-9b4d755fbf26,http://www.ufcstats.com/event-details/981ab7a0576f76a0,UFC 301: Pantoja vs. Erceg,2024-05-04,completed,"http://www.ufcstats.com/fight-details/3f419fce8ba8aa0e, http://www.ufcstats.com/fight-details/b3d88eaea611a4a8, http://www.ufcstats.com/fight-details/a8718a3419a11e15, http://www.ufcstats.com/fight-details/3e74caa9fff4a5eb, http://www.ufcstats.com/fight-details/2db0998b24c11ea0, http://www.ufcstats.com/fight-details/c456b1950208e0b2, http://www.ufcstats.com/fight-details/c84a29f426f1aab7, http://www.ufcstats.com/fight-details/8a121f9c48f3773c, http://www.ufcstats.com/fight-details/2faf5b8d708f8e94, http://www.ufcstats.com/fight-details/b9de363e6b406853, http://www.ufcstats.com/fight-details/4661e9ca9354021e, http://www.ufcstats.com/fight-details/89db7aca37b87711, http://www.ufcstats.com/fight-details/fe0f1b418e6d3ecb",2026-03-30T11:09:35Z,2026-08-08T18:28:54Z
d5f64aad-1b29-5dee-bd8e-8a26ceb50197,http://www.ufcstats.com/event-details/5dfe71ade71f3a4b,UFC Fight Night: Lewis vs. Nascimento,2024-05-11,completed,"http://www.ufcstats.com/fight-details/6f0f84075fa1a4b0, http://www.ufcstats.com/fight-details/b78a222fb448aed4, http://www.ufcstats.com/fight-details/a049c12f43914449, http://www.ufcstats.com/fight-details/6c67aa7063717a0c, http://www.ufcstats.com/fight-details/8aa07b6cc40f0cb2, http://www.ufcstats.com/fight-details/e98eb6de29c62c9c, http://www.ufcstats.com/fight-details/420a5e3b4010ebef, http://www.ufcstats.com/fight-details/8d9bcbb48888a5a3, http://www.ufcstats.com/fight-details/13d8d5cd83e5b57e, http://www.ufcstats.com/fight-details/ec5d705232983b87, http://www.ufcstats.com/fight-details/4b45f190122a1ce1, http://www.ufcstats.com/fight-details/ccf3b6eda4c2a564",2026-03-30T11:09:36Z,2026-08-08T18:28:55Z
49419e7e-bf50-5453-a8f1-370c5441099d,http://www.ufcstats.com/event-details/46baf0f57edfa4df,UFC Fight Night: Barboza vs. Murphy,2024-05-18,completed,"http://www.ufcstats.com/fight-details/17aa636aa98678d3, http://www.ufcstats.com/fight-details/85ddb65429a9d517, http://www.ufcstats.com/fight-details/20220ace492af368, http://www.ufcstats.com/fight-details/5dcade01fc840da6, http://www.ufcstats.com/fight-details/2a43df4cc047a28b, http://www.ufcstats.com/fight-details/b5df5a0a0bda9256, http://www.ufcstats.com/fight-details/68ee31dd0853cdc9, http://www.ufcstats.com/fight-details/3aea9c60d25fc93b, http://www.ufcstats.com/fight-details/fc2bdd67c1a056a4, http://www.ufcstats.com/fight-details/28c6de749d0d0e9d, http://www.ufcstats.com/fight-details/63605e9f3e71d738, http://www.ufcstats.com/fight-details/069df63733dcf697",2026-03-30T11:09:38Z,2026-08-08T18:28:56Z
125769f1-f2a5-599e-adcb-42679db29711,http://www.ufcstats.com/event-details/6e4acc2c115215b5,UFC 302: Makhachev vs. Poirier,2024-06-01,completed,"http://www.ufcstats.com/fight-details/1a0031e2072f21b6, http://www.ufcstats.com/fight-details/9e7538a788e6d789, http://www.ufcstats.com/fight-details/605c16fa5a803b15, http://www.ufcstats.com/fight-details/b5d5b8e06ccb70a3, http://www.ufcstats.com/fight-details/fd2d814a8a23798f, http://www.ufcstats.com/fight-details/ee24be90a01f552e, http://www.ufcstats.com/fight-details/c0af8cf5befb2dcf, http://www.ufcstats.com/fight-details/cf306c4714530f31, http://www.ufcstats.com/fight-details/b7575b0ec9f81741, http://www.ufcstats.com/fight-details/7d9bb6fda0ea1ee0, http://www.ufcstats.com/fight-details/2554b31a07f34e1a, http://www.ufcstats.com/fight-details/f1d3eec12662d8d7",2026-03-30T11:09:39Z,2026-08-08T18:28:57Z
3444aa6f-9d66-5b22-b77a-db643b5f8728,http://www.ufcstats.com/event-details/cba3a2dfbc06ce79,UFC Fight Night: Cannonier vs. Imavov,2024-06-08,completed,"http://www.ufcstats.com/fight-details/052f53e006b28132, http://www.ufcstats.com/fight-details/2d12ae4683bbf433, http://www.ufcstats.com/fight-details/b34abcfe4c2e8a57, http://www.ufcstats.com/fight-details/dcc0c53100fa1dd2, http://www.ufcstats.com/fight-details/3b12094dd48c2dc5, http://www.ufcstats.com/fight-details/393f9bc7b51791a6, http://www.ufcstats.com/fight-details/251983e1bdae20fe, http://www.ufcstats.com/fight-details/8afe89f5c451b372, http://www.ufcstats.com/fight-details/4c0adccb34c1d995, http://www.ufcstats.com/fight-details/a91fdb21a7ff52e5, http://www.ufcstats.com/fight-details/e976815e397c40e1, http://www.ufcstats.com/fight-details/790a8cd528233e50, http://www.ufcstats.com/fight-details/753735b48b1c20b9, http://www.ufcstats.com/fight-details/b20640f9b2634de1",2026-03-30T11:09:39Z,2026-08-08T18:28:58Z
760a764f-b47c-54b5-b652-9dc02a0182f1,http://www.ufcstats.com/event-details/9c5828c6fd9dc948,UFC Fight Night: Perez vs. Taira,2024-06-15,completed,"http://www.ufcstats.com/fight-details/7f14be4e45bca6bd, http://www.ufcstats.com/fight-details/6bdb93f9b4581bf6, http://www.ufcstats.com/fight-details/78a7bf038e56881d, http://www.ufcstats.com/fight-details/fea3a0643218e16b, http://www.ufcstats.com/fight-details/3b1438e9ec64990e, http://www.ufcstats.com/fight-details/ab7bc93bdf4132c4, http://www.ufcstats.com/fight-details/6f31285305881fe3, http://www.ufcstats.com/fight-details/19ef5890b20f903a, http://www.ufcstats.com/fight-details/e47523ac32bfa24c, http://www.ufcstats.com/fight-details/94f5b35b2b6c72b1, http://www.ufcstats.com/fight-details/06713afc60301c0c",2026-03-30T11:09:41Z,2026-08-08T18:29:00Z
586af985-329e-57f0-8ff3-28381751b7f9,http://www.ufcstats.com/event-details/b12a1d19ee383b7c,UFC Fight Night: Whittaker vs. Aliskerov,2024-06-22,completed,"http://www.ufcstats.com/fight-details/eba46dbf9cdd83c0, http://www.ufcstats.com/fight-details/cd3bb8a2824fbf22, http://www.ufcstats.com/fight-details/8ddd53a7ed3754d5, http://www.ufcstats.com/fight-details/fbbf5391ea25521b, http://www.ufcstats.com/fight-details/9d5f562e0572058c, http://www.ufcstats.com/fight-details/774fb0c0c1c2bc6a, http://www.ufcstats.com/fight-details/8bd5f20f49434c65, http://www.ufcstats.com/fight-details/de1acb6803ab3f14, http://www.ufcstats.com/fight-details/8db5cf5df713a7e9, http://www.ufcstats.com/fight-details/0ac2da3dbaf2fce2, http://www.ufcstats.com/fight-details/c0d6feef69ccb330",2026-03-30T11:09:42Z,2026-08-08T18:29:01Z
6c74eca8-719e-59cb-937a-3fc42c31c749,http://www.ufcstats.com/event-details/f3743d8ef5dde970,UFC 303: Pereira vs. Prochazka 2,2024-06-29,completed,"http://www.ufcstats.com/fight-details/bca5d01f8775f852, http://www.ufcstats.com/fight-details/fc8ad0c7fc70dde7, http://www.ufcstats.com/fight-details/bf878c083a6b30ad, http://www.ufcstats.com/fight-details/a571c622ab89b3d9, http://www.ufcstats.com/fight-details/fbf77262d8da342b, http://www.ufcstats.com/fight-details/daa6b47be304ec86, http://www.ufcstats.com/fight-details/08489fdfb56ee19c, http://www.ufcstats.com/fight-details/2b7883b304b3df1c, http://www.ufcstats.com/fight-details/5f8a92f10e5451ce, http://www.ufcstats.com/fight-details/2517029ff9c1a1a2, http://www.ufcstats.com/fight-details/3bbc222130d9dac7, http://www.ufcstats.com/fight-details/7856621db043423d, http://www.ufcstats.com/fight-details/bbe3d8a37a276511",2026-03-30T11:09:43Z,2026-08-08T18:29:02Z
a160b374-ded3-5979-9072-6532579d8d98,http://www.ufcstats.com/event-details/66e0a70352fef46a,UFC Fight Night: Namajunas vs. Cortez,2024-07-13,completed,"http://www.ufcstats.com/fight-details/1394ce1832ddefe0, http://www.ufcstats.com/fight-details/dff8e4ef87d69516, http://www.ufcstats.com/fight-details/54de03e04f571735, http://www.ufcstats.com/fight-details/dad759ec50508147, http://www.ufcstats.com/fight-details/a63bb85cc39389c7, http://www.ufcstats.com/fight-details/46fa8e79fe8a9539, http://www.ufcstats.com/fight-details/80108a70c4afa6c2, http://www.ufcstats.com/fight-details/582afc25875911d1, http://www.ufcstats.com/fight-details/5eebde8fb4d67259, http://www.ufcstats.com/fight-details/e06bfd0100eccbad, http://www.ufcstats.com/fight-details/d8e8d41282fc90dc, http://www.ufcstats.com/fight-details/25747d81ae5c6564",2026-03-30T11:09:45Z,2026-08-08T18:29:04Z
176aa6db-fb2d-5158-99f1-72aefdcd6df3,http://www.ufcstats.com/event-details/c11036da9162cb5f,UFC Fight Night: Lemos vs. Jandiroba,2024-07-20,completed,"http://www.ufcstats.com/fight-details/4a00db8aeff200a2, http://www.ufcstats.com/fight-details/120ec60ad18cf6c5, http://www.ufcstats.com/fight-details/9eaa33f874bbb999, http://www.ufcstats.com/fight-details/94541dd979e0b4bd, http://www.ufcstats.com/fight-details/ec8bc554a0646638, http://www.ufcstats.com/fight-details/6e6567a98ea78891, http://www.ufcstats.com/fight-details/40c18c6d64463809, http://www.ufcstats.com/fight-details/e655774643881e6c, http://www.ufcstats.com/fight-details/b3f1253d0a991791, http://www.ufcstats.com/fight-details/c3ef9edf73626521, http://www.ufcstats.com/fight-details/836e9bc5c1f6acd3",2026-03-30T11:09:46Z,2026-08-08T18:29:05Z
af9ebac8-688b-50e9-af8e-730bcc343a62,http://www.ufcstats.com/event-details/026b4f7049085842,UFC 304: Edwards vs. Muhammad 2,2024-07-27,completed,"http://www.ufcstats.com/fight-details/ec5163539a133f17, http://www.ufcstats.com/fight-details/ec434314c5438fc7, http://www.ufcstats.com/fight-details/3e2bde19e752f64b, http://www.ufcstats.com/fight-details/f02fed4e98048471, http://www.ufcstats.com/fight-details/8a2e28da18ba6a25, http://www.ufcstats.com/fight-details/45e6a9b56ee3a9d1, http://www.ufcstats.com/fight-details/678eda89a096dde8, http://www.ufcstats.com/fight-details/9d8c32c60df0e287, http://www.ufcstats.com/fight-details/d6e240c47ba6034d, http://www.ufcstats.com/fight-details/16b0a16ab2e20fdb, http://www.ufcstats.com/fight-details/026bb9fd1b3f239d, http://www.ufcstats.com/fight-details/3183dfe66fcdd25f, http://www.ufcstats.com/fight-details/a5558e8fec59a687, http://www.ufcstats.com/fight-details/dff2ef8fdde8c502",2026-03-30T11:09:47Z,2026-08-08T18:43:07Z
c02ccaf0-769f-58f7-b41b-078395815907,http://www.ufcstats.com/event-details/fe435e440b5de0ff,UFC Fight Night: Sandhagen vs. Nurmagomedov,2024-08-03,completed,"http://www.ufcstats.com/fight-details/33655fd07cfbe034, http://www.ufcstats.com/fight-details/b38450d9aa0f52b8, http://www.ufcstats.com/fight-details/bb85e207eba236bc, http://www.ufcstats.com/fight-details/2d39c26876246223, http://www.ufcstats.com/fight-details/d0d74672150ddea3, http://www.ufcstats.com/fight-details/de767dd5216bcad9, http://www.ufcstats.com/fight-details/fbbb703581440496, http://www.ufcstats.com/fight-details/1cd63899011c4bf6, http://www.ufcstats.com/fight-details/637f792270a0c746, http://www.ufcstats.com/fight-details/77df662671ce11c5, http://www.ufcstats.com/fight-details/f80143e1f3c3d319, http://www.ufcstats.com/fight-details/d038ff5ac21094f3, http://www.ufcstats.com/fight-details/e6851877e33d343f",2026-03-30T11:09:49Z,2026-08-08T18:43:08Z
1387f3f2-b81d-5eb9-8fef-03a1dc24deda,http://www.ufcstats.com/event-details/2c733e059462c1dc,UFC Fight Night: Tybura vs. Spivac 2,2024-08-10,completed,"http://www.ufcstats.com/fight-details/84973bbdffaf0d0e, http://www.ufcstats.com/fight-details/e72a2130e7387637, http://www.ufcstats.com/fight-details/7b4284bd3033a319, http://www.ufcstats.com/fight-details/6aa89b7b5350b8e2, http://www.ufcstats.com/fight-details/e0b14afd93af5638, http://www.ufcstats.com/fight-details/1332c1037c955d82, http://www.ufcstats.com/fight-details/a7ac1dfcdc083694, http://www.ufcstats.com/fight-details/6bcaa0de4003cc41, http://www.ufcstats.com/fight-details/cd9851b8eadb53a9, http://www.ufcstats.com/fight-details/1b5d5af1bc0a34c7",2026-03-30T11:09:50Z,2026-08-08T18:43:10Z
2c16bc8a-a84c-5629-8622-5f2cf2d5b27a,http://www.ufcstats.com/event-details/32ba186f4b0e3267,UFC 305: Du Plessis vs. Adesanya,2024-08-17,completed,"http://www.ufcstats.com/fight-details/6c44af21414e4143, http://www.ufcstats.com/fight-details/bf8c5effd23f69c4, http://www.ufcstats.com/fight-details/059f5cf0e9e37627, http://www.ufcstats.com/fight-details/dd3d8f7066c145b7, http://www.ufcstats.com/fight-details/3c319d4659e6c8fd, http://www.ufcstats.com/fight-details/ea4ff1d77928b029, http://www.ufcstats.com/fight-details/43ebfc8914a39061, http://www.ufcstats.com/fight-details/b9d5c77ae7a8109b, http://www.ufcstats.com/fight-details/bfff6cf22c1c569c, http://www.ufcstats.com/fight-details/ce75f5ecbc0d3dfd, http://www.ufcstats.com/fight-details/ea824ac4b8ed8a35, http://www.ufcstats.com/fight-details/075a102456080ab2",2026-03-30T11:09:51Z,2026-08-08T18:43:10Z
aa1d3e23-b562-5728-bebe-59de1963fa56,http://www.ufcstats.com/event-details/be8ad887e4d674b0,UFC Fight Night: Cannonier vs. Borralho,2024-08-24,completed,"http://www.ufcstats.com/fight-details/15805ae1eea3343e, http://www.ufcstats.com/fight-details/70afe9e0d2422252, http://www.ufcstats.com/fight-details/5c5523a6bf83e44f, http://www.ufcstats.com/fight-details/bad06a5380d762b8, http://www.ufcstats.com/fight-details/ae50a1a655b1a8f6, http://www.ufcstats.com/fight-details/2cbd53e43d3f606b, http://www.ufcstats.com/fight-details/560f1e26c2a6690a, http://www.ufcstats.com/fight-details/d2caa1ddb9de7481, http://www.ufcstats.com/fight-details/ba8eda6993922ba0, http://www.ufcstats.com/fight-details/903d588b30a471e8, http://www.ufcstats.com/fight-details/d4127baf74b0e791",2026-03-30T11:09:52Z,2026-08-08T18:43:12Z
fe6f00cb-2b58-53ae-8e53-3363d67cec7c,http://www.ufcstats.com/event-details/ee0b69e307c857e5,UFC Fight Night: Burns vs. Brady,2024-09-07,completed,"http://www.ufcstats.com/fight-details/ee9ade72b44dfa06, http://www.ufcstats.com/fight-details/bcfaf1dd78f12f97, http://www.ufcstats.com/fight-details/453e6f2665c85fd7, http://www.ufcstats.com/fight-details/fe59646ebad8b6e4, http://www.ufcstats.com/fight-details/75fa9c0bb31caaa3, http://www.ufcstats.com/fight-details/b80c6eba11c54778, http://www.ufcstats.com/fight-details/abfd5ac6cf186d8a, http://www.ufcstats.com/fight-details/69bde5bae0d6ec4f, http://www.ufcstats.com/fight-details/6e9876d2be2bbd02, http://www.ufcstats.com/fight-details/f1613b372748c8bb, http://www.ufcstats.com/fight-details/f734b497add754af, http://www.ufcstats.com/fight-details/0c418b9cdfd525c9",2026-03-30T11:09:54Z,2026-08-08T18:43:13Z
6b588df6-5734-55d7-bdd4-0c82aeb738f8,http://www.ufcstats.com/event-details/0c01568b1ac77bff,UFC 306: Riyadh Season Noche UFC,2024-09-14,completed,"http://www.ufcstats.com/fight-details/3146e5a47a922976, http://www.ufcstats.com/fight-details/6f83cfae0c800ef8, http://www.ufcstats.com/fight-details/2335e75ce63805b6, http://www.ufcstats.com/fight-details/27d98a8ee6608e27, http://www.ufcstats.com/fight-details/78b506e5092a27fd, http://www.ufcstats.com/fight-details/2397e2a92710705a, http://www.ufcstats.com/fight-details/3733d100f7bd5590, http://www.ufcstats.com/fight-details/c60a317c7767abb7, http://www.ufcstats.com/fight-details/dae8ad2e03aa4a9a, http://www.ufcstats.com/fight-details/3cdc6fea724be133",2026-03-30T11:09:55Z,2026-08-08T18:43:14Z
f1379df1-30aa-567d-a32f-2d0bc6ee6a63,http://www.ufcstats.com/event-details/079488710f012779,UFC Fight Night: Moicano vs. Saint Denis,2024-09-28,completed,"http://www.ufcstats.com/fight-details/7ca4c91bab696b89, http://www.ufcstats.com/fight-details/62ff1e5deb124ff5, http://www.ufcstats.com/fight-details/19706d8ba0edf9cd, http://www.ufcstats.com/fight-details/45f00a42a17f8e2a, http://www.ufcstats.com/fight-details/f114929ed709606e, http://www.ufcstats.com/fight-details/d806aacf5b6ba7f6, http://www.ufcstats.com/fight-details/89b772f864acb637, http://www.ufcstats.com/fight-details/3599e9de4ae0e171, http://www.ufcstats.com/fight-details/e01019fbfe0e9528, http://www.ufcstats.com/fight-details/d063d46208c560b1, http://www.ufcstats.com/fight-details/7ba432e218edc17d, http://www.ufcstats.com/fight-details/47d978a984a163aa, http://www.ufcstats.com/fight-details/a187670c5ee1ec5f, http://www.ufcstats.com/fight-details/eedc7fccf7037949",2026-03-30T11:09:57Z,2026-08-08T18:43:15Z
d0256027-bf24-5940-b8dd-a6e90a12c644,http://www.ufcstats.com/event-details/eee8efec7b951d84,UFC 307: Pereira vs. Rountree Jr.,2024-10-05,completed,"http://www.ufcstats.com/fight-details/8c5e06c71f392f33, http://www.ufcstats.com/fight-details/1d68bb733de24b06, http://www.ufcstats.com/fight-details/3d7d82fff71e395a, http://www.ufcstats.com/fight-details/5931cd9cf5da5f75, http://www.ufcstats.com/fight-details/9ea124a13d071186, http://www.ufcstats.com/fight-details/69bca5091b2a31f6, http://www.ufcstats.com/fight-details/eb73b63bbd7b88a7, http://www.ufcstats.com/fight-details/e8aad69aace1d31f, http://www.ufcstats.com/fight-details/ed5b6681ab4e83e5, http://www.ufcstats.com/fight-details/58dec0a39cdefa3f, http://www.ufcstats.com/fight-details/58e5fc1914c4e641, http://www.ufcstats.com/fight-details/84b3577229880760",2026-03-30T11:09:58Z,2026-08-08T18:43:16Z
46a225f9-ec16-57a5-8ede-67d877592d48,http://www.ufcstats.com/event-details/5bdcbd8dd681a257,UFC Fight Night: Royval vs. Taira,2024-10-12,completed,"http://www.ufcstats.com/fight-details/998bde5639c61adb, http://www.ufcstats.com/fight-details/6fa2dae90bda4742, http://www.ufcstats.com/fight-details/ee5c0b8a757992af, http://www.ufcstats.com/fight-details/98c29ba02cee5ba3, http://www.ufcstats.com/fight-details/f690949d90ff1dee, http://www.ufcstats.com/fight-details/f1cc9169813c4a3e, http://www.ufcstats.com/fight-details/69a5895fde58432c, http://www.ufcstats.com/fight-details/57415110bd494c79, http://www.ufcstats.com/fight-details/85854504ce1aa97a, http://www.ufcstats.com/fight-details/48dd2c9cb39bd2d4, http://www.ufcstats.com/fight-details/b23554da35a84fbc, http://www.ufcstats.com/fight-details/de484433eef22e1d",2026-03-30T11:09:59Z,2026-08-08T18:43:17Z
9a937059-cad0-5af7-b448-22bfdf9dcdaf,http://www.ufcstats.com/event-details/6a0047ac8c99fece,UFC Fight Night: Hernandez vs. Pereira,2024-10-19,completed,"http://www.ufcstats.com/fight-details/a2f2c64f9fb3fb1c, http://www.ufcstats.com/fight-details/f01b97e864cb4b8b, http://www.ufcstats.com/fight-details/503d7342cc08109f, http://www.ufcstats.com/fight-details/a2f46e94aa6b0c64, http://www.ufcstats.com/fight-details/0599f35e6679de02, http://www.ufcstats.com/fight-details/c61923255389e67c, http://www.ufcstats.com/fight-details/308f6cb830019ea9, http://www.ufcstats.com/fight-details/fc73ecbd83b7f159, http://www.ufcstats.com/fight-details/53f7f1b4834387a8, http://www.ufcstats.com/fight-details/4277b02a4dadac40, http://www.ufcstats.com/fight-details/32b8c6c4b735d712",2026-03-30T11:10:01Z,2026-08-08T18:43:19Z
446f8b40-72d0-5564-82b8-216f6e16d594,http://www.ufcstats.com/event-details/221b2a3070c7ce3e,UFC 308: Topuria vs. Holloway,2024-10-26,completed,"http://www.ufcstats.com/fight-details/ebf7cea27b83c432, http://www.ufcstats.com/fight-details/b8bf186f884678ea, http://www.ufcstats.com/fight-details/b09f54654b0f95f5, http://www.ufcstats.com/fight-details/cc11a0762f246fa4, http://www.ufcstats.com/fight-details/108434acbbd75d26, http://www.ufcstats.com/fight-details/781a2ea50f5ae68f, http://www.ufcstats.com/fight-details/1d65c141776949d6, http://www.ufcstats.com/fight-details/919e3c5cc6999cb3, http://www.ufcstats.com/fight-details/af6eeea1cfe33240, http://www.ufcstats.com/fight-details/df7928de73fc2fe8, http://www.ufcstats.com/fight-details/5c783cd188425783, http://www.ufcstats.com/fight-details/bde635a4f345bc3e, http://www.ufcstats.com/fight-details/6114076c689e8457",2026-03-30T11:10:04Z,2026-08-08T18:43:20Z
d667fb2a-c031-53ed-bedc-28624e7cf7ce,http://www.ufcstats.com/event-details/3ab0df1ddd5f1dc2,UFC Fight Night: Moreno vs. Albazi,2024-11-02,completed,"http://www.ufcstats.com/fight-details/799acf3ae8a5df0a, http://www.ufcstats.com/fight-details/18729b11614406bf, http://www.ufcstats.com/fight-details/7edf2fe3a8776a44, http://www.ufcstats.com/fight-details/eaa885cf7ae31e0b, http://www.ufcstats.com/fight-details/6ad594777cce2d7d, http://www.ufcstats.com/fight-details/d29a82322bb083d9, http://www.ufcstats.com/fight-details/b989d4d7e220b3c1, http://www.ufcstats.com/fight-details/24581e2b39fe3319, http://www.ufcstats.com/fight-details/5256ba94641a4284, http://www.ufcstats.com/fight-details/de084f0d65421cfa, http://www.ufcstats.com/fight-details/f93b074dfd47b4b4, http://www.ufcstats.com/fight-details/c9cef59a5de32219, http://www.ufcstats.com/fight-details/f0723cda67db3954",2026-03-30T11:10:05Z,2026-08-08T18:43:21Z
dbf397b1-10ad-5eb2-b7a5-854478f9b4f3,http://www.ufcstats.com/event-details/585f9ffdb0cd0466,UFC Fight Night: Magny vs. Prates,2024-11-09,completed,"http://www.ufcstats.com/fight-details/73f451d894a1d4ca, http://www.ufcstats.com/fight-details/154138c8fc89c315, http://www.ufcstats.com/fight-details/e6685759ed2af90d, http://www.ufcstats.com/fight-details/c31d9cac7534d879, http://www.ufcstats.com/fight-details/ea6427379a83bd01, http://www.ufcstats.com/fight-details/e62033cb1e79aa81, http://www.ufcstats.com/fight-details/c9d2a718f39274c0, http://www.ufcstats.com/fight-details/6b9ed3867dd42b3b, http://www.ufcstats.com/fight-details/6fd1edb58d271f7c, http://www.ufcstats.com/fight-details/582846744e379178, http://www.ufcstats.com/fight-details/32f2965b4f4c4ebf",2026-03-30T11:10:09Z,2026-08-08T18:43:22Z
de8e3de2-2d08-526d-9459-dc3dfc553234,http://www.ufcstats.com/event-details/daff32bc96d1eabf,UFC 309: Jones vs. Miocic,2024-11-16,completed,"http://www.ufcstats.com/fight-details/b35e47f2f58ef026, http://www.ufcstats.com/fight-details/4f4189009a190e35, http://www.ufcstats.com/fight-details/cfd3e62c638fbd1f, http://www.ufcstats.com/fight-details/8545a2495db16538, http://www.ufcstats.com/fight-details/55eebc2ee92bf00a, http://www.ufcstats.com/fight-details/2a930e2d7e1f87a9, http://www.ufcstats.com/fight-details/35c8223cc967fe0a, http://www.ufcstats.com/fight-details/c565e2baa27cc7e5, http://www.ufcstats.com/fight-details/6c1faa6284428e5d, http://www.ufcstats.com/fight-details/00414fc5519233b4, http://www.ufcstats.com/fight-details/9676a4e9362e4bfd, http://www.ufcstats.com/fight-details/40e2a7b65794ac05",2026-03-30T11:10:10Z,2026-08-08T18:43:23Z
ff9bca17-c5de-5b01-afcf-eb9bbdd063f8,http://www.ufcstats.com/event-details/e955046551f8c7dd,UFC Fight Night: Yan vs. Figueiredo,2024-11-23,completed,"http://www.ufcstats.com/fight-details/f53573316a4f349f, http://www.ufcstats.com/fight-details/f0c4aff7dd1ec4e9, http://www.ufcstats.com/fight-details/bec57d7cce0e6257, http://www.ufcstats.com/fight-details/64d6d51219e0664c, http://www.ufcstats.com/fight-details/02ec66f311dce539, http://www.ufcstats.com/fight-details/56d2c00dfd391fcf, http://www.ufcstats.com/fight-details/9c207acb12c17a67, http://www.ufcstats.com/fight-details/828de4f5585c908c, http://www.ufcstats.com/fight-details/baee9b2491c986e2, http://www.ufcstats.com/fight-details/5dab54e34c2cfe01, http://www.ufcstats.com/fight-details/38f1c83c19e99fa2, http://www.ufcstats.com/fight-details/f5f28a8b472b8012, http://www.ufcstats.com/fight-details/86a2f07e0bf20297",2026-03-30T11:10:12Z,2026-08-08T18:43:25Z
d8dc9c6d-5391-50fc-ace8-3e62622d791e,http://www.ufcstats.com/event-details/ad23903ef3af7406,UFC 310: Pantoja vs. Asakura,2024-12-07,completed,"http://www.ufcstats.com/fight-details/e761c5009c09b295, http://www.ufcstats.com/fight-details/1569186ee820ea87, http://www.ufcstats.com/fight-details/f706508c52f337a6, http://www.ufcstats.com/fight-details/0292b9c31c0089ac, http://www.ufcstats.com/fight-details/089388c9f00ce9c6, http://www.ufcstats.com/fight-details/97caf8fca9d9603b, http://www.ufcstats.com/fight-details/4914f7bd073c6359, http://www.ufcstats.com/fight-details/df30514e0674d598, http://www.ufcstats.com/fight-details/7c0d0a28a8fba102, http://www.ufcstats.com/fight-details/0f16d83859d608c7, http://www.ufcstats.com/fight-details/d38029cf47e54cf7, http://www.ufcstats.com/fight-details/a5c57b0f49e9f61c, http://www.ufcstats.com/fight-details/72b12a837290b327, http://www.ufcstats.com/fight-details/eb94412f15c62650",2026-03-30T11:10:13Z,2026-08-08T18:43:26Z
18807986-228e-5ec2-95da-6e17e06989a1,http://www.ufcstats.com/event-details/72c9c2eadfc3277e,UFC Fight Night: Covington vs. Buckley,2024-12-14,completed,"http://www.ufcstats.com/fight-details/00c6a2ef07ca51da, http://www.ufcstats.com/fight-details/7521015554088962, http://www.ufcstats.com/fight-details/1a635a5e4551e7d5, http://www.ufcstats.com/fight-details/7b1bc4ff776f12c1, http://www.ufcstats.com/fight-details/5238f6470d0557fb, http://www.ufcstats.com/fight-details/2b6a75175bbca4e9, http://www.ufcstats.com/fight-details/9c24c03131d5b49a, http://www.ufcstats.com/fight-details/b0be38110c2d8b84, http://www.ufcstats.com/fight-details/ebeeed2595266bbc, http://www.ufcstats.com/fight-details/cf258c17234d649e, http://www.ufcstats.com/fight-details/e5f9d59d00fe3c73, http://www.ufcstats.com/fight-details/b40e4deb48658851, http://www.ufcstats.com/fight-details/edf7ce89ad672e85",2026-03-30T11:10:14Z,2026-08-08T18:43:27Z
05b0b458-343f-5e94-a1dd-c182f02a5afa,http://www.ufcstats.com/event-details/81ddc98fceb30086,UFC Fight Night: Dern vs. Ribas 2,2025-01-11,completed,"http://www.ufcstats.com/fight-details/f46308108eb9261a, http://www.ufcstats.com/fight-details/ce4fc800a7456d18, http://www.ufcstats.com/fight-details/a2a5809ed8a01b45, http://www.ufcstats.com/fight-details/aa38e39397dbea72, http://www.ufcstats.com/fight-details/03c1865919daeaa4, http://www.ufcstats.com/fight-details/32cc31b76b32ade1, http://www.ufcstats.com/fight-details/8a3281b0d7c168af, http://www.ufcstats.com/fight-details/8d68863242695224, http://www.ufcstats.com/fight-details/54fa6e32330a8cca, http://www.ufcstats.com/fight-details/58eda5a58a89f739, http://www.ufcstats.com/fight-details/b33e3a6d15700bb1, http://www.ufcstats.com/fight-details/817cd15077a9419e, http://www.ufcstats.com/fight-details/f01851055b8309e0, http://www.ufcstats.com/fight-details/192619174bd1ad77",2026-03-30T11:10:15Z,2026-08-08T18:43:29Z
4aef5072-806b-5300-a047-e402009709f7,http://www.ufcstats.com/event-details/39f68882def7a507,UFC 311: Makhachev vs. Moicano,2025-01-18,completed,"http://www.ufcstats.com/fight-details/daef1691c7d6b1e4, http://www.ufcstats.com/fight-details/f39941b3743bf18c, http://www.ufcstats.com/fight-details/959fea398ffa5778, http://www.ufcstats.com/fight-details/54d48b33e7240452, http://www.ufcstats.com/fight-details/69d63c057aebffaf, http://www.ufcstats.com/fight-details/d14f98b24691d082, http://www.ufcstats.com/fight-details/938081fae11dcbbf, http://www.ufcstats.com/fight-details/a6db8eb1fb3eebf2, http://www.ufcstats.com/fight-details/aa3fca085d476636, http://www.ufcstats.com/fight-details/340fcdcabc49f142, http://www.ufcstats.com/fight-details/e5e3d396a9b1c5ae, http://www.ufcstats.com/fight-details/95ba27bea09cd84e, http://www.ufcstats.com/fight-details/e294a1e5723011db",2026-03-30T11:10:16Z,2026-08-08T18:43:30Z
11a788b9-c25f-5edf-bcdd-71f9bd633313,http://www.ufcstats.com/event-details/80dbeb1dd5b53e64,UFC Fight Night: Adesanya vs. Imavov,2025-02-01,completed,"http://www.ufcstats.com/fight-details/85e79748b75eb30e, http://www.ufcstats.com/fight-details/426e7a3de68117b0, http://www.ufcstats.com/fight-details/3c00f34f20c8a189, http://www.ufcstats.com/fight-details/70b8dca3addcf4de, http://www.ufcstats.com/fight-details/775788423f5eeb99, http://www.ufcstats.com/fight-details/940f586104bf8bc8, http://www.ufcstats.com/fight-details/43bbaf06603b0f0c, http://www.ufcstats.com/fight-details/e97e71a593e4c28d, http://www.ufcstats.com/fight-details/91bf33ada75d6061, http://www.ufcstats.com/fight-details/750257171ad29a2c, http://www.ufcstats.com/fight-details/984ce1062186f3ce",2026-03-30T11:10:18Z,2026-08-08T18:43:31Z
237bbde2-4c22-5e35-842d-f0b2e30f09a1,http://www.ufcstats.com/event-details/e6015889f50075d2,UFC 312: Du Plessis vs. Strickland 2,2025-02-08,completed,"http://www.ufcstats.com/fight-details/d13849f49f99bf01, http://www.ufcstats.com/fight-details/03c2a836d033be8f, http://www.ufcstats.com/fight-details/8435f90fbd50c7a5, http://www.ufcstats.com/fight-details/de85ef2fd4769070, http://www.ufcstats.com/fight-details/4ce53d8a26693f06, http://www.ufcstats.com/fight-details/c35a53be30bfd066, http://www.ufcstats.com/fight-details/64641156360b1b81, http://www.ufcstats.com/fight-details/946cae1beed2baec, http://www.ufcstats.com/fight-details/c7fadbdfdc14c282, http://www.ufcstats.com/fight-details/1f70a4516a70abf2, http://www.ufcstats.com/fight-details/8bc8bb0021337de7, http://www.ufcstats.com/fight-details/4218d1d1ce6d322c",2026-03-30T11:10:19Z,2026-08-08T18:43:33Z
5b2233c4-4f65-5c79-9425-426cd5f73624,http://www.ufcstats.com/event-details/ce7871949b0ed2bf,UFC Fight Night: Cannonier vs. Rodrigues,2025-02-15,completed,"http://www.ufcstats.com/fight-details/365e2d891b98b86d, http://www.ufcstats.com/fight-details/68913a422f548ccc, http://www.ufcstats.com/fight-details/f5386c98fea7f5d4, http://www.ufcstats.com/fight-details/ce1436a9b58902a7, http://www.ufcstats.com/fight-details/875b249ebe45a66b, http://www.ufcstats.com/fight-details/2a493f15e079a7ff, http://www.ufcstats.com/fight-details/f4817d5cbe9be532, http://www.ufcstats.com/fight-details/2ae33fce63a75df9, http://www.ufcstats.com/fight-details/7b9f169016746f81, http://www.ufcstats.com/fight-details/07b357090cc91c2c, http://www.ufcstats.com/fight-details/3b2a24db4eeaeede, http://www.ufcstats.com/fight-details/58668a0736602842",2026-03-30T11:10:20Z,2026-08-08T18:43:34Z
a934b5e8-08fa-5b30-8c5f-63663e0439a1,http://www.ufcstats.com/event-details/c50ea21fe9ef478d,UFC Fight Night: Cejudo vs. Song,2025-02-22,completed,"http://www.ufcstats.com/fight-details/b959e2c1d16ff832, http://www.ufcstats.com/fight-details/0cdca4c22b8d3ab5, http://www.ufcstats.com/fight-details/19c8092496e94b85, http://www.ufcstats.com/fight-details/8ef7723b6a8b45e1, http://www.ufcstats.com/fight-details/c0d8a231d2f1d1af, http://www.ufcstats.com/fight-details/08763e87e10b9709, http://www.ufcstats.com/fight-details/3ded9bfdfb75f39b, http://www.ufcstats.com/fight-details/e011819e721c4a2a, http://www.ufcstats.com/fight-details/bc6d70ab959dce70, http://www.ufcstats.com/fight-details/615f7f894bafad82, http://www.ufcstats.com/fight-details/e9dfc2f009a77a8d, http://www.ufcstats.com/fight-details/b6475543ab6d20c9",2026-03-30T11:10:21Z,2026-08-08T18:43:35Z
735d03d4-b993-5904-98f4-7c7d113dcd83,http://www.ufcstats.com/event-details/9766ed20b68c7c33,UFC Fight Night: Kape vs. Almabayev,2025-03-01,completed,"http://www.ufcstats.com/fight-details/9d8a37f130db13e5, http://www.ufcstats.com/fight-details/6bdf0756fb57aced, http://www.ufcstats.com/fight-details/061990783b9bdb36, http://www.ufcstats.com/fight-details/0dfdc94c1da32e20, http://www.ufcstats.com/fight-details/d6c3b730dc9f21a5, http://www.ufcstats.com/fight-details/a857acedb53ee959, http://www.ufcstats.com/fight-details/dd1df7f5a54fd9fc, http://www.ufcstats.com/fight-details/1de799f17556b501, http://www.ufcstats.com/fight-details/1ada4b9ee5810e0f, http://www.ufcstats.com/fight-details/206b8c14546d71f1",2026-03-30T11:10:22Z,2026-08-08T18:43:36Z
afaf60bc-8896-5d19-a14c-a8927d1b9630,http://www.ufcstats.com/event-details/ca936c67687789e9,UFC 313: Pereira vs. Ankalaev,2025-03-08,completed,"http://www.ufcstats.com/fight-details/9e05fe95a4fc63bc, http://www.ufcstats.com/fight-details/a2f31cf3a28a7730, http://www.ufcstats.com/fight-details/a3cd6a65aaa9f104, http://www.ufcstats.com/fight-details/79f1c9f97d83ec83, http://www.ufcstats.com/fight-details/231968c02cdfe65e, http://www.ufcstats.com/fight-details/af3e43049bc86fe9, http://www.ufcstats.com/fight-details/e61cb905f6152183, http://www.ufcstats.com/fight-details/cab4937435d081d0, http://www.ufcstats.com/fight-details/19fe7177254802d1, http://www.ufcstats.com/fight-details/96c2f85b46e98e91",2026-03-30T11:10:23Z,2026-08-08T18:43:38Z
58263de2-81a8-51a2-b9c4-0cdc8b4f3c1a,http://www.ufcstats.com/event-details/39f62b833e4cf126,UFC Fight Night: Vettori vs. Dolidze 2,2025-03-15,completed,"http://www.ufcstats.com/fight-details/67f7163e536d62e2, http://www.ufcstats.com/fight-details/c83133ee114945ed, http://www.ufcstats.com/fight-details/d8f40b82364b6411, http://www.ufcstats.com/fight-details/ab1aa23060d4e87b, http://www.ufcstats.com/fight-details/e56403718205b494, http://www.ufcstats.com/fight-details/36db86c39ed09997, http://www.ufcstats.com/fight-details/74bc22b367cca118, http://www.ufcstats.com/fight-details/29d9c5a3f2b78903, http://www.ufcstats.com/fight-details/cb3eb07b7152366e, http://www.ufcstats.com/fight-details/5fa6543868367f4b, http://www.ufcstats.com/fight-details/5d8af316413ea2f7, http://www.ufcstats.com/fight-details/1c62a7444808d97f, http://www.ufcstats.com/fight-details/a8f8245096eaf0cd",2026-03-30T11:10:25Z,2026-08-08T18:43:39Z
b7129620-bb5d-5ee4-8187-e92656692483,http://www.ufcstats.com/event-details/cc2ad11b1f9d818b,UFC Fight Night: Edwards vs. Brady,2025-03-22,completed,"http://www.ufcstats.com/fight-details/371ed8497799998e, http://www.ufcstats.com/fight-details/6d9ea9f436ed354d, http://www.ufcstats.com/fight-details/96c6be6b22385967, http://www.ufcstats.com/fight-details/b5b4b69bccb9ff4a, http://www.ufcstats.com/fight-details/8e6640c007ad603d, http://www.ufcstats.com/fight-details/9779eb1aae1d4654, http://www.ufcstats.com/fight-details/2a1071689c3af9df, http://www.ufcstats.com/fight-details/e5a88f5c686173c4, http://www.ufcstats.com/fight-details/dd229687cb62c871, http://www.ufcstats.com/fight-details/8af2b589d5e9c1ae, http://www.ufcstats.com/fight-details/a693622ad8c0d672, http://www.ufcstats.com/fight-details/1b02588149d126bf, http://www.ufcstats.com/fight-details/265dbd9be8caa7de",2026-03-30T11:10:26Z,2026-08-08T18:43:41Z
d814d6ca-7be7-5c2d-aba3-fa03a56ff352,http://www.ufcstats.com/event-details/0f7210aa8d61af8d,UFC Fight Night: Moreno vs. Erceg,2025-03-29,completed,"http://www.ufcstats.com/fight-details/33e301872e2b5680, http://www.ufcstats.com/fight-details/8fc8d66ad0074ab0, http://www.ufcstats.com/fight-details/ab4a91a59c01d6b6, http://www.ufcstats.com/fight-details/0f20c1d7c44fa5fe, http://www.ufcstats.com/fight-details/55376d5c205fa844, http://www.ufcstats.com/fight-details/5ba7dd466e30169f, http://www.ufcstats.com/fight-details/64fe6e61a24dbf39, http://www.ufcstats.com/fight-details/41cdbcc0f3635b8f, http://www.ufcstats.com/fight-details/7efca050bc7be8ac, http://www.ufcstats.com/fight-details/7e3fc760b26b6ae4, http://www.ufcstats.com/fight-details/e2e2537a345367d4, http://www.ufcstats.com/fight-details/9f66d450af690df5",2026-03-30T11:10:26Z,2026-08-08T18:43:42Z
44a1db9f-a6fb-556c-8b3b-3cc466e8b47d,http://www.ufcstats.com/event-details/86b30a86664cb6e4,UFC Fight Night: Emmett vs. Murphy,2025-04-05,completed,"http://www.ufcstats.com/fight-details/86a1be10255eea4e, http://www.ufcstats.com/fight-details/a160e94fdb66de17, http://www.ufcstats.com/fight-details/fc3825dd1b67e39d, http://www.ufcstats.com/fight-details/0c80eef2f4570543, http://www.ufcstats.com/fight-details/de9422207df2de64, http://www.ufcstats.com/fight-details/d1368ca941c1fefc, http://www.ufcstats.com/fight-details/76641669c1607b7a, http://www.ufcstats.com/fight-details/58811a4e36c53b89, http://www.ufcstats.com/fight-details/fd088ce1481315a5, http://www.ufcstats.com/fight-details/4b1aec2395ebca14, http://www.ufcstats.com/fight-details/96cc199d78732d11, http://www.ufcstats.com/fight-details/cca4d763b1c6de0a",2026-03-30T11:10:28Z,2026-08-08T18:43:43Z
04f3163e-2c1b-51da-b77b-ec412b5fd87a,http://www.ufcstats.com/event-details/22f4b6cb6b1bd7fd,UFC 314: Volkanovski vs. Lopes,2025-04-12,completed,"http://www.ufcstats.com/fight-details/e733f148060bef2a, http://www.ufcstats.com/fight-details/d05cb4c4135ce402, http://www.ufcstats.com/fight-details/d3be5a4e0ec273e2, http://www.ufcstats.com/fight-details/8c540eb4afe8c43e, http://www.ufcstats.com/fight-details/b2d731415bd367df, http://www.ufcstats.com/fight-details/fc43d60cbd6b0e6a, http://www.ufcstats.com/fight-details/0eccebee160137b1, http://www.ufcstats.com/fight-details/11eb27a1ac74d225, http://www.ufcstats.com/fight-details/08e7a39eb7482ebf, http://www.ufcstats.com/fight-details/4bbda6c1f6cf9d4e, http://www.ufcstats.com/fight-details/fd98843926965cbd, http://www.ufcstats.com/fight-details/b87d6f71d901355b, http://www.ufcstats.com/fight-details/0e71e69359db4d1e",2026-03-30T11:10:29Z,2026-08-08T18:43:44Z
07f4d6a6-d36d-52e3-9f05-e069b0bfd53b,http://www.ufcstats.com/event-details/b2e3aca4cd363477,UFC Fight Night: Machado Garry vs. Prates,2025-04-26,completed,"http://www.ufcstats.com/fight-details/633f4b5ec767769d, http://www.ufcstats.com/fight-details/a526a72ade275f46, http://www.ufcstats.com/fight-details/4072abf0b0c179f2, http://www.ufcstats.com/fight-details/9bbd45774fb4a6eb, http://www.ufcstats.com/fight-details/fbf83609dc96f32e, http://www.ufcstats.com/fight-details/62fbdd4f0bcd3c2a, http://www.ufcstats.com/fight-details/d8d22dcc1f6912e7, http://www.ufcstats.com/fight-details/97770b38df67b276, http://www.ufcstats.com/fight-details/6f3cb7ce84185dd3, http://www.ufcstats.com/fight-details/7d51649373d42571, http://www.ufcstats.com/fight-details/c2c20a04a78d9143, http://www.ufcstats.com/fight-details/e7b3ca036835b7c2, http://www.ufcstats.com/fight-details/23201d09a78d446d, http://www.ufcstats.com/fight-details/7fd6770fe2d4f258",2026-03-30T11:10:31Z,2026-08-08T18:43:46Z
5775119c-48c3-594c-afc4-d49e3b3cb4eb,http://www.ufcstats.com/event-details/de20ffb3fc2e7629,UFC Fight Night: Sandhagen vs. Figueiredo,2025-05-03,completed,"http://www.ufcstats.com/fight-details/9b3bade95e1dd484, http://www.ufcstats.com/fight-details/380242601a2c5991, http://www.ufcstats.com/fight-details/191ee545160a4e09, http://www.ufcstats.com/fight-details/5ce29056e0cd2df9, http://www.ufcstats.com/fight-details/6ccd10adc968e1f0, http://www.ufcstats.com/fight-details/9039959b41901412, http://www.ufcstats.com/fight-details/2707dc2245335cc1, http://www.ufcstats.com/fight-details/77ed474dfc5359ea, http://www.ufcstats.com/fight-details/6e26a6293ea6ba62, http://www.ufcstats.com/fight-details/97b32ff27fd457a8, http://www.ufcstats.com/fight-details/c445401709421fa4, http://www.ufcstats.com/fight-details/469f887278324e63",2026-03-30T11:10:32Z,2026-08-08T18:43:46Z
022c935f-32d9-5ace-966a-577253023333,http://www.ufcstats.com/event-details/118463dd8db16e7f,UFC 315: Muhammad vs. Della Maddalena,2025-05-10,completed,"http://www.ufcstats.com/fight-details/b873c116e39c9920, http://www.ufcstats.com/fight-details/9e9d1764a015f313, http://www.ufcstats.com/fight-details/891b2faf1bff38ee, http://www.ufcstats.com/fight-details/0f53eb509d0ffeb9, http://www.ufcstats.com/fight-details/c7190cd03e53fb61, http://www.ufcstats.com/fight-details/2521234a4bf7c615, http://www.ufcstats.com/fight-details/4db2d86ebe8c8abd, http://www.ufcstats.com/fight-details/c812457a810dde39, http://www.ufcstats.com/fight-details/99aa1f28e22bb6dd, http://www.ufcstats.com/fight-details/6ecfa439ef900bcc, http://www.ufcstats.com/fight-details/0e0a4282cd6c86d7, http://www.ufcstats.com/fight-details/c20bd12ae7f04eff",2026-03-30T11:10:33Z,2026-08-08T18:43:48Z
d33071b9-0f03-5e5a-b92d-9764de44b87d,http://www.ufcstats.com/event-details/8ad022dd81224f61,UFC Fight Night: Burns vs. Morales,2025-05-17,completed,"http://www.ufcstats.com/fight-details/a81ad236a2f221f2, http://www.ufcstats.com/fight-details/dcb27eef6441268c, http://www.ufcstats.com/fight-details/b3044bf646306e7f, http://www.ufcstats.com/fight-details/fe2acfdaaaec3dba, http://www.ufcstats.com/fight-details/a9a6cca4bbf7a5db, http://www.ufcstats.com/fight-details/8ba31cf0b3164b72, http://www.ufcstats.com/fight-details/d6e2bc6e6c0cc4fe, http://www.ufcstats.com/fight-details/f75fe8b384b0db11, http://www.ufcstats.com/fight-details/66887532be2de5ee, http://www.ufcstats.com/fight-details/18a7dc86279066f8, http://www.ufcstats.com/fight-details/afdd95ae7b7cdb0c",2026-03-30T11:10:34Z,2026-08-08T18:43:49Z
00fe45d8-7df8-55e5-90b7-426b0f09d7ad,http://www.ufcstats.com/event-details/2a898bf9fb7710b3,UFC Fight Night: Blanchfield vs. Barber,2025-05-31,completed,"http://www.ufcstats.com/fight-details/212527d462690304, http://www.ufcstats.com/fight-details/305d8c85b35a7d4e, http://www.ufcstats.com/fight-details/7aaa810540132a4b, http://www.ufcstats.com/fight-details/106918bfbe24335d, http://www.ufcstats.com/fight-details/ad68450307a21ab1, http://www.ufcstats.com/fight-details/baa2ee0bf7f97079, http://www.ufcstats.com/fight-details/2521fed000747f47, http://www.ufcstats.com/fight-details/ae89ba793121fe0c, http://www.ufcstats.com/fight-details/73240bea13ed5e71",2026-03-30T11:10:35Z,2026-08-08T18:43:50Z
55ff15a7-a221-5ce9-9ac2-e9f3ebea4963,http://www.ufcstats.com/event-details/18c49685296c60e6,UFC 316: Dvalishvili vs. O'Malley 2,2025-06-07,completed,"http://www.ufcstats.com/fight-details/e61d83e4e1f9c4d7, http://www.ufcstats.com/fight-details/81b84b34f0357fa5, http://www.ufcstats.com/fight-details/e28e829800466aca, http://www.ufcstats.com/fight-details/df5dac45fc585fb0, http://www.ufcstats.com/fight-details/2129acab2280bd29, http://www.ufcstats.com/fight-details/b6a87389bdc36a00, http://www.ufcstats.com/fight-details/01100a90b584215d, http://www.ufcstats.com/fight-details/ac977a0389682124, http://www.ufcstats.com/fight-details/f0488a4486a64af0, http://www.ufcstats.com/fight-details/d078e9046aa86307, http://www.ufcstats.com/fight-details/9f4a0de31375ba04, http://www.ufcstats.com/fight-details/2e4064e0e6d4d92e, http://www.ufcstats.com/fight-details/0e8599eca8ccfa32",2026-03-30T11:10:36Z,2026-08-08T18:43:52Z
d8188e31-45ad-52d7-80e3-41902a16195c,http://www.ufcstats.com/event-details/de277a4abcfeea46,UFC Fight Night: Usman vs. Buckley,2025-06-14,completed,"http://www.ufcstats.com/fight-details/d75b3d3c2b209b75, http://www.ufcstats.com/fight-details/79dfbbdd14fbbd11, http://www.ufcstats.com/fight-details/e5bd7e6e2a50a843, http://www.ufcstats.com/fight-details/1714950933f88ab9, http://www.ufcstats.com/fight-details/08c04f18b0f58d71, http://www.ufcstats.com/fight-details/ec2034b134ae71cd, http://www.ufcstats.com/fight-details/13e2ff8b3a122094, http://www.ufcstats.com/fight-details/e861e9cc0118c670, http://www.ufcstats.com/fight-details/f6454f2e508626ec, http://www.ufcstats.com/fight-details/b39b8ff0d7de211a, http://www.ufcstats.com/fight-details/59c4fdb3c0673066, http://www.ufcstats.com/fight-details/2ae7404681deb3b3, http://www.ufcstats.com/fight-details/ab325ea526824723",2026-03-30T11:10:38Z,2026-08-08T18:43:53Z
672b5ad9-0c6f-57f0-afcc-2189969b4e9a,http://www.ufcstats.com/event-details/400c7b43c86d27d3,UFC Fight Night: Hill vs. Rountree Jr.,2025-06-21,completed,"http://www.ufcstats.com/fight-details/03bc32bdb5a33496, http://www.ufcstats.com/fight-details/a1afc16e21d1a807, http://www.ufcstats.com/fight-details/8e5744c664fec3e9, http://www.ufcstats.com/fight-details/36ec204f47e4d613, http://www.ufcstats.com/fight-details/7513a00037094075, http://www.ufcstats.com/fight-details/19764211af05674c, http://www.ufcstats.com/fight-details/e512b80bbaea36c2, http://www.ufcstats.com/fight-details/5fcf18bcd2a020f1, http://www.ufcstats.com/fight-details/fff3218758c513b8, http://www.ufcstats.com/fight-details/2bfc0212f2cae65b, http://www.ufcstats.com/fight-details/8c140756bf43dcc2, http://www.ufcstats.com/fight-details/a12d3a6c8aaf87ca",2026-03-30T11:10:39Z,2026-08-08T18:43:54Z
81d196d9-bf22-552a-9aa6-5ee0680d3572,http://www.ufcstats.com/event-details/66766984842c13dc,UFC 317: Topuria vs. Oliveira,2025-06-28,completed,"http://www.ufcstats.com/fight-details/7a64d63e12618ba7, http://www.ufcstats.com/fight-details/8308464729ea7c40, http://www.ufcstats.com/fight-details/f722b96ae6862843, http://www.ufcstats.com/fight-details/1ea9ad3b6e1cba79, http://www.ufcstats.com/fight-details/f6a3c78f15ff26c7, http://www.ufcstats.com/fight-details/958522de54ccc536, http://www.ufcstats.com/fight-details/2f523b757f7f33a2, http://www.ufcstats.com/fight-details/815ff62ca8e217be, http://www.ufcstats.com/fight-details/d7be78c400e7e0f9, http://www.ufcstats.com/fight-details/9bff9fe298e63357, http://www.ufcstats.com/fight-details/043172689e415438",2026-03-30T11:10:40Z,2026-08-08T18:43:55Z
49500410-b521-5cb2-8037-9f1af5b3f4af,http://www.ufcstats.com/event-details/7b03d9df5910917d,UFC Fight Night: Lewis vs. Teixeira,2025-07-12,completed,"http://www.ufcstats.com/fight-details/0adfc21045c02555, http://www.ufcstats.com/fight-details/2a03bc4c491b4c9a, http://www.ufcstats.com/fight-details/f368475c366c6d85, http://www.ufcstats.com/fight-details/4e5d4a36eaaa3a78, http://www.ufcstats.com/fight-details/4b75d3b7738cb278, http://www.ufcstats.com/fight-details/b19bf99c7eb796bc, http://www.ufcstats.com/fight-details/236f811290163dca, http://www.ufcstats.com/fight-details/d5e3be7a07c48b08, http://www.ufcstats.com/fight-details/46bc1338a50cbeac, http://www.ufcstats.com/fight-details/5c650ae2193ab1bc, http://www.ufcstats.com/fight-details/7f33fbdc35afd721, http://www.ufcstats.com/fight-details/120d66cb0da0f3c3",2026-03-30T11:10:41Z,2026-08-08T18:43:57Z
bac9c6c4-9d10-5ac8-86ad-eae0878db6a2,http://www.ufcstats.com/event-details/b8e2f10efb6eca85,UFC 318: Holloway vs. Poirier 3,2025-07-19,completed,"http://www.ufcstats.com/fight-details/d7507e2741fd4d05, http://www.ufcstats.com/fight-details/23c963be9de38205, http://www.ufcstats.com/fight-details/5dde61734080ac4a, http://www.ufcstats.com/fight-details/acc961fd5cf5c62e, http://www.ufcstats.com/fight-details/a95b03e9b5a91e47, http://www.ufcstats.com/fight-details/d2cb92fdf6a497e9, http://www.ufcstats.com/fight-details/8e1feda9141602f1, http://www.ufcstats.com/fight-details/df2ed8b509fbdbdc, http://www.ufcstats.com/fight-details/72e477b41f44e358, http://www.ufcstats.com/fight-details/37bc72d5d211b189, http://www.ufcstats.com/fight-details/798652dbea086910, http://www.ufcstats.com/fight-details/182ee320edb1b5ed, http://www.ufcstats.com/fight-details/74099d470e8d2765, http://www.ufcstats.com/fight-details/a602c68147b752b2",2026-03-30T11:10:42Z,2026-08-08T18:43:58Z
b6459819-58b9-5d53-91f1-2ca1883495fd,http://www.ufcstats.com/event-details/28d8638ea0a71908,UFC Fight Night: Whittaker vs. De Ridder,2025-07-26,completed,"http://www.ufcstats.com/fight-details/6b8be0ee3e569ad2, http://www.ufcstats.com/fight-details/d4d4ee045b0ca695, http://www.ufcstats.com/fight-details/582d66ce97309e29, http://www.ufcstats.com/fight-details/887c61da1a78a5e1, http://www.ufcstats.com/fight-details/77f960d82cda0b76, http://www.ufcstats.com/fight-details/e72c691b7c68b03a, http://www.ufcstats.com/fight-details/7c075e3383198e14, http://www.ufcstats.com/fight-details/017a825c7820d12e, http://www.ufcstats.com/fight-details/3e6067763978d862, http://www.ufcstats.com/fight-details/f9dac7702609669f, http://www.ufcstats.com/fight-details/23ddf51ce630028d, http://www.ufcstats.com/fight-details/0a598768f5c8d540",2026-03-30T11:10:44Z,2026-08-08T18:43:59Z
df0362cd-acb4-52f7-958f-3d3a42fd4620,http://www.ufcstats.com/event-details/f2c934689243fe4e,UFC Fight Night: Taira vs. Park,2025-08-02,completed,"http://www.ufcstats.com/fight-details/282c8c6c1ed82bfb, http://www.ufcstats.com/fight-details/426a69e343822ab3, http://www.ufcstats.com/fight-details/878941394f9e3538, http://www.ufcstats.com/fight-details/c62ed8a6002b5360, http://www.ufcstats.com/fight-details/ac57250e3de89d5d, http://www.ufcstats.com/fight-details/111e66eb922449e4, http://www.ufcstats.com/fight-details/eeeffa7f514e0c0e, http://www.ufcstats.com/fight-details/45781930d64da456, http://www.ufcstats.com/fight-details/b3c695728e177fd4, http://www.ufcstats.com/fight-details/07c2af68b6dbc4ec, http://www.ufcstats.com/fight-details/b47db03affb279c3, http://www.ufcstats.com/fight-details/d98d6b2c13557a87",2026-03-30T11:10:45Z,2026-08-08T18:44:01Z
58c3f7f4-2198-5177-9eee-0e396c9632d1,http://www.ufcstats.com/event-details/6cd3dfc54f01287f,UFC Fight Night: Dolidze vs. Hernandez,2025-08-09,completed,"http://www.ufcstats.com/fight-details/68fe62bac7fd8bb0, http://www.ufcstats.com/fight-details/37d58369782cb86b, http://www.ufcstats.com/fight-details/646c79a7ecd12e5f, http://www.ufcstats.com/fight-details/98d6771af9b0ebe5, http://www.ufcstats.com/fight-details/ed5383b50ffcdded, http://www.ufcstats.com/fight-details/75a84211f50c53f5, http://www.ufcstats.com/fight-details/3d6571790c21527c, http://www.ufcstats.com/fight-details/ae7a8f19743e8154, http://www.ufcstats.com/fight-details/aef44145740741b3, http://www.ufcstats.com/fight-details/7d923267c44dd93b, http://www.ufcstats.com/fight-details/6ef50ed03b116b60, http://www.ufcstats.com/fight-details/857e8facd8ff7c36",2026-03-30T11:10:46Z,2026-08-08T18:44:02Z
937c8e75-8b83-57d3-801a-23af528cbbb5,http://www.ufcstats.com/event-details/421ccfc6ddb17958,UFC 319: Du Plessis vs. Chimaev,2025-08-16,completed,"http://www.ufcstats.com/fight-details/12cedec11b37ddc0, http://www.ufcstats.com/fight-details/9fa6a029f7f8241c, http://www.ufcstats.com/fight-details/42585ce706c086de, http://www.ufcstats.com/fight-details/9939d7073462e07e, http://www.ufcstats.com/fight-details/82338ba457fbe87f, http://www.ufcstats.com/fight-details/5efd13a12be06706, http://www.ufcstats.com/fight-details/5b880d10b0ed7acc, http://www.ufcstats.com/fight-details/a2eafd9e1d5031b1, http://www.ufcstats.com/fight-details/1d8dc0fb5d47357f, http://www.ufcstats.com/fight-details/bc63f1b2e52f603e, http://www.ufcstats.com/fight-details/88020d22cf905792, http://www.ufcstats.com/fight-details/68c423c7119004f3",2026-03-30T11:10:48Z,2026-08-08T18:44:03Z
31862e98-4765-5146-9701-fd3d3a828e5e,http://www.ufcstats.com/event-details/8fbcd82bf7f352bf,UFC - Road to UFC 4.6,2025-08-22,completed,"http://www.ufcstats.com/fight-details/abf5f4d6f777cf7b, http://www.ufcstats.com/fight-details/16523b1bec3cd7b0",2026-03-30T11:10:48Z,2026-06-01T00:03:05Z
6ba052bf-9acb-545a-8d0a-b3d6c2ec399f,http://www.ufcstats.com/event-details/754968e325d6f60d,UFC Fight Night: Walker vs. Zhang,2025-08-23,completed,"http://www.ufcstats.com/fight-details/2eecf0c36192e40c, http://www.ufcstats.com/fight-details/58080e8989927500, http://www.ufcstats.com/fight-details/5538d15c4eeac3b3, http://www.ufcstats.com/fight-details/ce6bd165bef82bd7, http://www.ufcstats.com/fight-details/1452c20d964c0a63, http://www.ufcstats.com/fight-details/0b1460c666e66d39, http://www.ufcstats.com/fight-details/1ab1ed99a4bc5494, http://www.ufcstats.com/fight-details/f55749e32ce5c6f3, http://www.ufcstats.com/fight-details/130e622d4d2aee3e, http://www.ufcstats.com/fight-details/f0b7caa90faf47e5, http://www.ufcstats.com/fight-details/2f6065fe0804d1d8, http://www.ufcstats.com/fight-details/7fc5f1dc2df84ac7",2026-03-30T11:10:50Z,2026-08-08T18:44:04Z
8b1e18fc-6fbd-5144-86bb-16e6d7dfd342,http://www.ufcstats.com/event-details/6e380a4d73ab4f0e,UFC Fight Night: Imavov vs. Borralho,2025-09-06,completed,"http://www.ufcstats.com/fight-details/5bcd8abf6da01dae, http://www.ufcstats.com/fight-details/d14fea43712707f0, http://www.ufcstats.com/fight-details/0149e875b31e57f8, http://www.ufcstats.com/fight-details/69b31593175f77ec, http://www.ufcstats.com/fight-details/a47123ae6e048f11, http://www.ufcstats.com/fight-details/b53031bf4bd0a330, http://www.ufcstats.com/fight-details/4080b4310d82b42d, http://www.ufcstats.com/fight-details/23dbe713c4294c66, http://www.ufcstats.com/fight-details/5cd2dd6075fadcce, http://www.ufcstats.com/fight-details/420211200a35c1d1, http://www.ufcstats.com/fight-details/b3253e2c2d111030, http://www.ufcstats.com/fight-details/d56a59a4c79cf515, http://www.ufcstats.com/fight-details/a38010639e61885c",2026-03-30T11:10:51Z,2026-08-08T18:44:05Z
191a3c16-fdf4-587d-988c-d47b78bf933a,http://www.ufcstats.com/event-details/5efaaf313b652dd7,Noche UFC: Lopes vs. Silva,2025-09-13,completed,"http://www.ufcstats.com/fight-details/de1a3734be60e6a1, http://www.ufcstats.com/fight-details/944b929130b23c2a, http://www.ufcstats.com/fight-details/7cbfeba85f86d1bf, http://www.ufcstats.com/fight-details/114d2f6fcd3f6f00, http://www.ufcstats.com/fight-details/202c47db69768356, http://www.ufcstats.com/fight-details/8a884a7930d75ca9, http://www.ufcstats.com/fight-details/07a378b257aad5a9, http://www.ufcstats.com/fight-details/352839a03b428e74, http://www.ufcstats.com/fight-details/9474f64347aade7a, http://www.ufcstats.com/fight-details/3dc1a6335d890650, http://www.ufcstats.com/fight-details/d822ebc7dbc6c259, http://www.ufcstats.com/fight-details/a1e193425e716b42, http://www.ufcstats.com/fight-details/c4a6174b0698652e, http://www.ufcstats.com/fight-details/3dd2fde7bff79c51",2026-03-30T11:10:53Z,2026-08-08T18:44:07Z
0a41cba6-d414-5e02-801e-bf88c7464aa3,http://www.ufcstats.com/event-details/ed220e87bef0cc64,UFC Fight Night: Ulberg vs. Reyes,2025-09-27,completed,"http://www.ufcstats.com/fight-details/a3ee907c77544cde, http://www.ufcstats.com/fight-details/f5fb8b182020c59d, http://www.ufcstats.com/fight-details/38248c5d13f273e6, http://www.ufcstats.com/fight-details/1ff24d5f760e0491, http://www.ufcstats.com/fight-details/8abad36b4c5e4070, http://www.ufcstats.com/fight-details/dc31d3260dea7dcf, http://www.ufcstats.com/fight-details/93a0a19c2c1cfe66, http://www.ufcstats.com/fight-details/e2dc4fb7b5c0ce76, http://www.ufcstats.com/fight-details/81127436605d3c88, http://www.ufcstats.com/fight-details/44cd8c9f622e155f, http://www.ufcstats.com/fight-details/140937779a2466a7, http://www.ufcstats.com/fight-details/e35f7504d83b8b07",2026-03-30T11:10:54Z,2026-08-08T18:44:08Z
0d3d1244-c717-584e-828e-919ec8d2303b,http://www.ufcstats.com/event-details/8944a0f9b2f0ce6d,UFC 320: Ankalaev vs. Pereira 2,2025-10-04,completed,"http://www.ufcstats.com/fight-details/0de1ef0b9f3a79c0, http://www.ufcstats.com/fight-details/a8511df8285f5c91, http://www.ufcstats.com/fight-details/2560ea97b2cce4ef, http://www.ufcstats.com/fight-details/84ebd144d5e79c88, http://www.ufcstats.com/fight-details/d006dd2513bd376d, http://www.ufcstats.com/fight-details/9418ebb3db2a4bae, http://www.ufcstats.com/fight-details/7b34aa1eb09b8301, http://www.ufcstats.com/fight-details/b09ecdc8ef0f0d20, http://www.ufcstats.com/fight-details/1c7cc3a22ab7d907, http://www.ufcstats.com/fight-details/a951090fb402fd20, http://www.ufcstats.com/fight-details/8353b491afa7bc32, http://www.ufcstats.com/fight-details/e53fd165a3bc1f8e, http://www.ufcstats.com/fight-details/b98bc1ecb94ef4a5, http://www.ufcstats.com/fight-details/98883348ddb3be33",2026-03-30T11:10:56Z,2026-08-08T18:44:09Z
75ee042d-0247-598e-9a13-082674c2e21f,http://www.ufcstats.com/event-details/9336e86cfd4ceaa1,UFC Fight Night: Oliveira vs. Gamrot,2025-10-11,completed,"http://www.ufcstats.com/fight-details/79865287be90e4be, http://www.ufcstats.com/fight-details/f295eb2a7b0ba4b7, http://www.ufcstats.com/fight-details/6188b7fb3f8daacc, http://www.ufcstats.com/fight-details/03377f7bf8a2d5ff, http://www.ufcstats.com/fight-details/2aef1a91d26dde42, http://www.ufcstats.com/fight-details/cff0abc02974fb4a, http://www.ufcstats.com/fight-details/766b0b26c40525de, http://www.ufcstats.com/fight-details/a815dafc89adf33b, http://www.ufcstats.com/fight-details/546f971f9d8e0a33, http://www.ufcstats.com/fight-details/434abaea90ccd299, http://www.ufcstats.com/fight-details/c547b3e95bcc5f24, http://www.ufcstats.com/fight-details/0f9e7d0d04e24b74",2026-03-30T11:10:57Z,2026-08-08T18:44:11Z
051af1fc-666c-537a-84e5-b7b8bb415cf9,http://www.ufcstats.com/event-details/38e5d9dcb0fddc42,UFC Fight Night: De Ridder vs. Allen,2025-10-18,completed,"http://www.ufcstats.com/fight-details/d61373d9fdf01a12, http://www.ufcstats.com/fight-details/cdd565a16975c711, http://www.ufcstats.com/fight-details/857d274e47aa8c4e, http://www.ufcstats.com/fight-details/c82acd7b17915591, http://www.ufcstats.com/fight-details/a18edcb638ba7e39, http://www.ufcstats.com/fight-details/3af1bdc5a510bba9, http://www.ufcstats.com/fight-details/ecdbb3a5216b815e, http://www.ufcstats.com/fight-details/970f083af8368f57, http://www.ufcstats.com/fight-details/668a44403a130043, http://www.ufcstats.com/fight-details/096e00355c8c84ac, http://www.ufcstats.com/fight-details/8d9458121f0c4b95, http://www.ufcstats.com/fight-details/87ac0e5face106b4, http://www.ufcstats.com/fight-details/dec301fd5e99ca46",2026-03-30T11:10:58Z,2026-08-08T18:44:12Z
102e660c-caa2-5212-8aee-8112fe77c643,http://www.ufcstats.com/event-details/7956f026e2672c47,UFC 321: Aspinall vs. Gane,2025-10-25,completed,"http://www.ufcstats.com/fight-details/6390c8e74630473e, http://www.ufcstats.com/fight-details/7d3da3c4153717de, http://www.ufcstats.com/fight-details/e69f9b4b9cae12a4, http://www.ufcstats.com/fight-details/b42a3386a7dccb3d, http://www.ufcstats.com/fight-details/ef12d2aaaadaf6d0, http://www.ufcstats.com/fight-details/cb902d73389ed34b, http://www.ufcstats.com/fight-details/0230a9dd2739add4, http://www.ufcstats.com/fight-details/e9c034cec33b3479, http://www.ufcstats.com/fight-details/f2c2a49fed32bd75, http://www.ufcstats.com/fight-details/bd7394f07247d9ca, http://www.ufcstats.com/fight-details/3fdb4c4b39218cf4, http://www.ufcstats.com/fight-details/22dd728012944f0a, http://www.ufcstats.com/fight-details/ef1519c8c1d20977",2026-03-30T11:10:58Z,2026-08-08T18:44:14Z
37960e4d-8a08-50e8-810f-a2e90763957c,http://www.ufcstats.com/event-details/0e2c2daf11b5d8f2,UFC Fight Night: Garcia vs. Onama,2025-11-01,completed,"http://www.ufcstats.com/fight-details/747d922b329b7f30, http://www.ufcstats.com/fight-details/9d9390b550d77e06, http://www.ufcstats.com/fight-details/b0f68344e01884ff, http://www.ufcstats.com/fight-details/767b78b67c7da17c, http://www.ufcstats.com/fight-details/71c8ca7442bcb757, http://www.ufcstats.com/fight-details/f41c2c82d5117230, http://www.ufcstats.com/fight-details/f063bcccbbb9edc5, http://www.ufcstats.com/fight-details/58f6248da3cdf3ce, http://www.ufcstats.com/fight-details/c245be6698c1e378, http://www.ufcstats.com/fight-details/760150e9951e65fa, http://www.ufcstats.com/fight-details/32927d50acedb507, http://www.ufcstats.com/fight-details/e6031b5937294176, http://www.ufcstats.com/fight-details/7add5901fac6ab82",2026-03-30T11:11:00Z,2026-08-08T18:44:15Z
cbf4d392-7af6-530b-a737-aa25e023c4b4,http://www.ufcstats.com/event-details/6436029b50a9c255,UFC Fight Night: Bonfim vs. Brown,2025-11-08,completed,"http://www.ufcstats.com/fight-details/4e224ebb6394611d, http://www.ufcstats.com/fight-details/f7e9bd2d6f81aeae, http://www.ufcstats.com/fight-details/b23fa678cc65cf5b, http://www.ufcstats.com/fight-details/20971ed9a842b0cb, http://www.ufcstats.com/fight-details/ac4343150638b635, http://www.ufcstats.com/fight-details/e3d657dd88864ba7, http://www.ufcstats.com/fight-details/c6d56aad93f98249, http://www.ufcstats.com/fight-details/80eae31bc0a94a65, http://www.ufcstats.com/fight-details/87dcb3eab20f6ac1, http://www.ufcstats.com/fight-details/9126633d921afb57, http://www.ufcstats.com/fight-details/238c274c90587e21, http://www.ufcstats.com/fight-details/84b66bf7fba2d59d",2026-03-30T11:11:01Z,2026-08-08T18:44:16Z
a4dae78f-7f94-57ff-9135-4a9d0a507eff,http://www.ufcstats.com/event-details/8db1b36dde268ef6,UFC 322: Della Maddalena vs. Makhachev,2025-11-15,completed,"http://www.ufcstats.com/fight-details/856f6ee049373843, http://www.ufcstats.com/fight-details/7606f6b6c19f2d73, http://www.ufcstats.com/fight-details/477af74ea3cbba8b, http://www.ufcstats.com/fight-details/3c60884853766487, http://www.ufcstats.com/fight-details/9b5f190cd3f5ce16, http://www.ufcstats.com/fight-details/292b83afa418635f, http://www.ufcstats.com/fight-details/ebb012c5f3fd0cbb, http://www.ufcstats.com/fight-details/909cd8633507a0c8, http://www.ufcstats.com/fight-details/e313286b307334a7, http://www.ufcstats.com/fight-details/9bbdc2a2ab334541, http://www.ufcstats.com/fight-details/e3cbd663732f4a98, http://www.ufcstats.com/fight-details/6c2c6a6e3f4d04db, http://www.ufcstats.com/fight-details/c037cf1f7b429d5e, http://www.ufcstats.com/fight-details/1a5378e32e8519ef",2026-03-30T11:11:03Z,2026-08-08T18:44:17Z
c94c1077-7478-52b2-810d-4f8148470c6e,http://www.ufcstats.com/event-details/92c96df8bdab5fea,UFC Fight Night: Tsarukyan vs. Hooker,2025-11-22,completed,"http://www.ufcstats.com/fight-details/5f5b626e67529056, http://www.ufcstats.com/fight-details/b2218930b982d9b6, http://www.ufcstats.com/fight-details/870d374f8d9af65a, http://www.ufcstats.com/fight-details/8ed609d80e135d94, http://www.ufcstats.com/fight-details/e8307c7686c42d8c, http://www.ufcstats.com/fight-details/00ee51bba08b7a08, http://www.ufcstats.com/fight-details/5e6a74db89f5410c, http://www.ufcstats.com/fight-details/c49485cedb878cf0, http://www.ufcstats.com/fight-details/443f30a4a856584a, http://www.ufcstats.com/fight-details/f5564a9eeebd4ea0, http://www.ufcstats.com/fight-details/6f0231915cc28507, http://www.ufcstats.com/fight-details/335064c3380e2f10, http://www.ufcstats.com/fight-details/46f81d5ecd974c1c, http://www.ufcstats.com/fight-details/9027e156c6f1988a",2026-03-30T11:11:03Z,2026-08-08T18:44:19Z
1108ee47-097f-5c8d-952b-fa7c2accabb1,http://www.ufcstats.com/event-details/bd92cf5da5413d2a,UFC 323: Dvalishvili vs. Yan 2,2025-12-06,completed,"http://www.ufcstats.com/fight-details/4a0db214d9721d6e, http://www.ufcstats.com/fight-details/dfa692db6d39330c, http://www.ufcstats.com/fight-details/fbbb9e72900b71f5, http://www.ufcstats.com/fight-details/1dc29f4c6fcdd356, http://www.ufcstats.com/fight-details/6d6ab10cbaa45e8c, http://www.ufcstats.com/fight-details/c797b58d85c840a4, http://www.ufcstats.com/fight-details/b3d2ac2244e4f791, http://www.ufcstats.com/fight-details/2417cc7bc1eea75b, http://www.ufcstats.com/fight-details/10a57b983e59f727, http://www.ufcstats.com/fight-details/3c683da1924b6c44, http://www.ufcstats.com/fight-details/7af407397532f7cf, http://www.ufcstats.com/fight-details/ea660db65bfa998f, http://www.ufcstats.com/fight-details/964ea1777695851b, http://www.ufcstats.com/fight-details/40fa4f8b4b93884e",2026-03-30T11:11:04Z,2026-08-08T18:44:20Z
1750c654-0d85-562a-b706-acc8657cb3e6,http://www.ufcstats.com/event-details/bc0f994de0521926,UFC Fight Night: Royval vs. Kape,2025-12-13,completed,"http://www.ufcstats.com/fight-details/a5a81a39ccf9b680, http://www.ufcstats.com/fight-details/24bb03f0a3415fbe, http://www.ufcstats.com/fight-details/d000cb692343cdcd, http://www.ufcstats.com/fight-details/93ca562453f65b8d, http://www.ufcstats.com/fight-details/47149f3187661509, http://www.ufcstats.com/fight-details/fc4ab243d21b795d, http://www.ufcstats.com/fight-details/0fca825e14429c1f, http://www.ufcstats.com/fight-details/225e93ebed9b71b8, http://www.ufcstats.com/fight-details/a2523a8565fe4361, http://www.ufcstats.com/fight-details/ceb5b0f1f6daddf6, http://www.ufcstats.com/fight-details/ac56a1052c4c8f63, http://www.ufcstats.com/fight-details/71170fb7ade3e1f4",2026-03-30T11:11:05Z,2026-08-08T18:44:21Z
9026bc63-0a9b-546c-98c4-a2204b47e54f,http://www.ufcstats.com/event-details/00e11b5c8b7bfeeb,UFC 324: Gaethje vs. Pimblett,2026-01-24,completed,"http://www.ufcstats.com/fight-details/fa4b3f5ce8055921, http://www.ufcstats.com/fight-details/007e8e0d4a39d82c, http://www.ufcstats.com/fight-details/d93ee3860196c4ae, http://www.ufcstats.com/fight-details/d63c9aa4f4873001, http://www.ufcstats.com/fight-details/836a188a90e479a5, http://www.ufcstats.com/fight-details/6c9f4799990c3c33, http://www.ufcstats.com/fight-details/33be2456161c14c3, http://www.ufcstats.com/fight-details/780cab0cd07589e4, http://www.ufcstats.com/fight-details/b5aafe149bec4306, http://www.ufcstats.com/fight-details/abfb3ed6dcb0e1f0, http://www.ufcstats.com/fight-details/210fc45074fba464",2026-03-30T11:11:06Z,2026-08-08T18:44:22Z
24d3cc98-2d22-54c8-ac92-b7d3f8bf6a9b,http://www.ufcstats.com/event-details/30ad2050273d016a,UFC 325: Volkanovski vs. Lopes 2,2026-01-31,completed,"http://www.ufcstats.com/fight-details/b06b43670238c2d8, http://www.ufcstats.com/fight-details/a7ae8f6eb5fc3a79, http://www.ufcstats.com/fight-details/57d7a683b85bb87b, http://www.ufcstats.com/fight-details/67765535bd0b6bdf, http://www.ufcstats.com/fight-details/32e9bc4d0a19a923, http://www.ufcstats.com/fight-details/d94f1b32a81e3fa1, http://www.ufcstats.com/fight-details/47362cae6ba0e077, http://www.ufcstats.com/fight-details/0047f8aadca1936f, http://www.ufcstats.com/fight-details/78912b78aa946375, http://www.ufcstats.com/fight-details/4c1e7e1765a5438a, http://www.ufcstats.com/fight-details/ad14c502c9c5a7e9, http://www.ufcstats.com/fight-details/780bae82bdfc7112, http://www.ufcstats.com/fight-details/5c73e0013b859664",2026-03-30T11:11:08Z,2026-08-08T18:44:23Z
dbb7c126-5bd9-5e64-a734-b819b5a45a20,http://www.ufcstats.com/event-details/c337c3c85b1871e0,UFC Fight Night: Bautista vs. Oliveira,2026-02-07,completed,"http://www.ufcstats.com/fight-details/fb4b1754d510b0d0, http://www.ufcstats.com/fight-details/dbbf8334a2600895, http://www.ufcstats.com/fight-details/a5c5f76cf0a7c784, http://www.ufcstats.com/fight-details/8fea32ab0445859c, http://www.ufcstats.com/fight-details/2a26c0cfa06265b7, http://www.ufcstats.com/fight-details/6cca11f353a2b42d, http://www.ufcstats.com/fight-details/f964d2dda87f25f0, http://www.ufcstats.com/fight-details/abefaf1807941ee4, http://www.ufcstats.com/fight-details/cc5c5a8cff4c1ae9, http://www.ufcstats.com/fight-details/86df0e75f41784d8, http://www.ufcstats.com/fight-details/84e8ccc3c97c2b4c, http://www.ufcstats.com/fight-details/9d30c887e8bd8824, http://www.ufcstats.com/fight-details/2bbfbb234c255249",2026-03-30T11:11:09Z,2026-08-08T18:44:24Z
58184674-5252-5dc2-966c-4f49ab87af33,http://www.ufcstats.com/event-details/79ab17db3b40831a,UFC Fight Night: Strickland vs. Hernandez,2026-02-21,completed,"http://www.ufcstats.com/fight-details/8d740c844353ae0e, http://www.ufcstats.com/fight-details/dd12bf51c5ed7f1e, http://www.ufcstats.com/fight-details/dc6f6c8228390ebb, http://www.ufcstats.com/fight-details/04b7bcc0e8488604, http://www.ufcstats.com/fight-details/54437b8dba3a6110, http://www.ufcstats.com/fight-details/372d1dee0db8dbee, http://www.ufcstats.com/fight-details/202d3277e569ad03, http://www.ufcstats.com/fight-details/7ffdaa44fc8d111b, http://www.ufcstats.com/fight-details/ac39c1f00ae31e58, http://www.ufcstats.com/fight-details/fd56a469e4589ebc, http://www.ufcstats.com/fight-details/8f9896e60047007f, http://www.ufcstats.com/fight-details/508e622130b0a84d, http://www.ufcstats.com/fight-details/5b97f47cdd355cbe, http://www.ufcstats.com/fight-details/6e78d874097a3d22",2026-03-30T11:11:10Z,2026-08-08T18:44:25Z
45033062-9852-5cd4-889d-b90833d19658,http://www.ufcstats.com/event-details/0cfbbfa0ba6d9855,UFC Fight Night: Moreno vs. Kavanagh,2026-02-28,completed,"http://www.ufcstats.com/fight-details/1330b5c21269fe92, http://www.ufcstats.com/fight-details/36d12b31957e94db, http://www.ufcstats.com/fight-details/81f3d28d30d17378, http://www.ufcstats.com/fight-details/7df505d8260ba680, http://www.ufcstats.com/fight-details/15068d7b095ca9bd, http://www.ufcstats.com/fight-details/3b76a00f5d0400eb, http://www.ufcstats.com/fight-details/45ec0c5f19c9adbe, http://www.ufcstats.com/fight-details/c40b934d2666e351, http://www.ufcstats.com/fight-details/25ab195cefbce1d0, http://www.ufcstats.com/fight-details/6154ee95d3f4fc32, http://www.ufcstats.com/fight-details/44d58943ac8e47e1, http://www.ufcstats.com/fight-details/581292ffe5b09344, http://www.ufcstats.com/fight-details/c6a85b67fdd2ef3d",2026-03-30T11:11:12Z,2026-08-08T18:44:26Z
2816ee97-2b58-5e5f-ab02-b466a37a4722,http://www.ufcstats.com/event-details/15ec018d144710db,UFC 326: Holloway vs. Oliveira 2,2026-03-07,completed,"http://www.ufcstats.com/fight-details/f030febede41c661, http://www.ufcstats.com/fight-details/d564db29997e1371, http://www.ufcstats.com/fight-details/bed89a91da9d04c1, http://www.ufcstats.com/fight-details/f02c0adc4ae629c6, http://www.ufcstats.com/fight-details/6a4738656c493ee9, http://www.ufcstats.com/fight-details/ecd16d14a138d7fb, http://www.ufcstats.com/fight-details/9c8d5dbd8905a715, http://www.ufcstats.com/fight-details/6feb49a6b7e8433c, http://www.ufcstats.com/fight-details/f661ef429055f8c1, http://www.ufcstats.com/fight-details/a22fd3735819d858, http://www.ufcstats.com/fight-details/cc03e698c4b7da52, http://www.ufcstats.com/fight-details/a5abdc461cb1538e",2026-03-30T11:11:13Z,2026-08-08T18:44:28Z
036df227-b9c2-5231-a7e1-8e5e68436c3b,http://www.ufcstats.com/event-details/babc6b5745335f18,UFC Fight Night: Emmett vs. Vallejos,2026-03-14,completed,"http://www.ufcstats.com/fight-details/f594fc5c2bc6237e, http://www.ufcstats.com/fight-details/3b7b771b9578383d, http://www.ufcstats.com/fight-details/8bee5192baec71d8, http://www.ufcstats.com/fight-details/e0acd0cf4930671b, http://www.ufcstats.com/fight-details/db7694f4513120d5, http://www.ufcstats.com/fight-details/fc9168fd102e2e66, http://www.ufcstats.com/fight-details/f26c0bdf7689aea2, http://www.ufcstats.com/fight-details/2c330a6f7f1e55f0, http://www.ufcstats.com/fight-details/f44b4e998b6829f6, http://www.ufcstats.com/fight-details/c769dd861357af9f, http://www.ufcstats.com/fight-details/cff81d681a01ae18, http://www.ufcstats.com/fight-details/8cab057e6549afd0, http://www.ufcstats.com/fight-details/32d371462c539bee, http://www.ufcstats.com/fight-details/244285b7fd0ddece",2026-03-30T11:11:14Z,2026-08-08T18:44:29Z
10309540-2964-55de-b02d-ee5e73f8ddf9,http://www.ufcstats.com/event-details/69108cb8b32efe04,UFC Fight Night: Evloev vs. Murphy,2026-03-21,completed,"http://www.ufcstats.com/fight-details/346e3897c2ead99a, http://www.ufcstats.com/fight-details/fa534aaa5b997a69, http://www.ufcstats.com/fight-details/5ee11b727e89e8ad, http://www.ufcstats.com/fight-details/43e26b46cbb51985, http://www.ufcstats.com/fight-details/562d916f55918901, http://www.ufcstats.com/fight-details/4e58bcc0d27042fd, http://www.ufcstats.com/fight-details/3ee578ddd071ad4c, http://www.ufcstats.com/fight-details/3b9f50f07d9a1601, http://www.ufcstats.com/fight-details/90187edeeda7e6d6, http://www.ufcstats.com/fight-details/8817bd21b6d0a989, http://www.ufcstats.com/fight-details/bfd17ed83ec5b598, http://www.ufcstats.com/fight-details/bbe0f3653de9f6a8, http://www.ufcstats.com/fight-details/216bc9b661485017",2026-03-30T11:11:15Z,2026-08-08T18:44:30Z
87595dd9-ee7e-5727-b721-c8e7fdfe9af8,http://www.ufcstats.com/event-details/5c38639f860a5542,UFC Fight Night: Adesanya vs. Pyfer,2026-03-28,completed,"http://www.ufcstats.com/fight-details/85e94a6c071fd9fa, http://www.ufcstats.com/fight-details/9a0ecee6e8ca173f, http://www.ufcstats.com/fight-details/6102e7a6dcbc62f0, http://www.ufcstats.com/fight-details/f9f5071b993a5f4b, http://www.ufcstats.com/fight-details/e32dc26b11d1f81d, http://www.ufcstats.com/fight-details/a76e14495e61cf19, http://www.ufcstats.com/fight-details/fa96d6252579b51e, http://www.ufcstats.com/fight-details/689384b01b40ef5c, http://www.ufcstats.com/fight-details/08d4e3864c44f8a5, http://www.ufcstats.com/fight-details/1c50e43770ba84fc, http://www.ufcstats.com/fight-details/dbf1ee1a1912c735, http://www.ufcstats.com/fight-details/a997593977ba8cad, http://www.ufcstats.com/fight-details/796e1151896195aa",2026-03-30T11:11:16Z,2026-08-08T18:44:31Z
48962122-b1ec-54f5-bbe1-ab316e445778,http://www.ufcstats.com/event-details/b96619b3acd7d9da,UFC 330: Makhachev vs. Machado Garry,2026-08-15,completed,"http://www.ufcstats.com/fight-details/365fd759c03e93cf, http://www.ufcstats.com/fight-details/4700d42c9869674a, http://www.ufcstats.com/fight-details/d4bd456d70965734, http://www.ufcstats.com/fight-details/53902dcb3e213b18, http://www.ufcstats.com/fight-details/8e482cead0c7eb15, http://www.ufcstats.com/fight-details/6e495deac1f57169, http://www.ufcstats.com/fight-details/e7c11d1b22d50ba0, http://www.ufcstats.com/fight-details/9c5da658c76da7c0, http://www.ufcstats.com/fight-details/e79e4d13546d2360, http://www.ufcstats.com/fight-details/360b13f97e7ca703, http://www.ufcstats.com/fight-details/e7077d030d5fc15f, http://www.ufcstats.com/fight-details/d5ebdf462c9b59b3",2026-05-13T20:25:08Z,2026-08-16T18:16:07Z
25be6b85-905a-5d37-9def-590a06062f74,http://www.ufcstats.com/event-details/fccb0fee256b7b4d,UFC 329: McGregor vs. Holloway 2,2026-07-11,completed,"http://www.ufcstats.com/fight-details/989760fa75321d69, http://www.ufcstats.com/fight-details/130b325610c54a64, http://www.ufcstats.com/fight-details/c572daedf2012a49, http://www.ufcstats.com/fight-details/a3ab1979192b647c, http://www.ufcstats.com/fight-details/a26ea74f2e908842, http://www.ufcstats.com/fight-details/7765e5e779dd7dc9, http://www.ufcstats.com/fight-details/118c25bda9392140, http://www.ufcstats.com/fight-details/e9f389ba3a1e33c4, http://www.ufcstats.com/fight-details/930317fde9dbc55e, http://www.ufcstats.com/fight-details/e84c3f1f9a33fa90, http://www.ufcstats.com/fight-details/b223b10ef19f912c, http://www.ufcstats.com/fight-details/9e00ee7644774e18, http://www.ufcstats.com/fight-details/1162a74e3604c488, http://www.ufcstats.com/fight-details/1b6a3b0d27654d3e",2026-05-13T20:25:09Z,2026-08-08T18:44:46Z
ab7ff981-0dc4-5e3f-a18b-4a68933697ac,http://www.ufcstats.com/event-details/31e1ea6fe6b682f8,UFC Fight Night: Fiziev vs. Torres,2026-06-27,completed,"http://www.ufcstats.com/fight-details/c13dc0cccef263f7, http://www.ufcstats.com/fight-details/012c307c9d446c4d, http://www.ufcstats.com/fight-details/809814f03ff3140c, http://www.ufcstats.com/fight-details/81cde317c156723b, http://www.ufcstats.com/fight-details/d83294b031502177, http://www.ufcstats.com/fight-details/35985895d4ef321e, http://www.ufcstats.com/fight-details/6a35ff33b8597904, http://www.ufcstats.com/fight-details/48b1ee7ab45add4c, http://www.ufcstats.com/fight-details/5e7f4ba1210f433d, http://www.ufcstats.com/fight-details/1a7119f3996b5635, http://www.ufcstats.com/fight-details/0e60ab32f3d03929, http://www.ufcstats.com/fight-details/ae0a91c8f92f4758, http://www.ufcstats.com/fight-details/f1cb2e7ef096ec7c",2026-05-13T20:25:10Z,2026-08-08T18:44:44Z
201e5010-4419-5a35-a96a-b24ae2c1c90c,http://www.ufcstats.com/event-details/c8661e204c66f325,UFC Fight Night: Kape vs. Horiguchi,2026-06-20,completed,"http://www.ufcstats.com/fight-details/33afdd7ad43a2756, http://www.ufcstats.com/fight-details/afc021700481ac4e, http://www.ufcstats.com/fight-details/aaec28fa3c0c576d, http://www.ufcstats.com/fight-details/e4849375d1949c74, http://www.ufcstats.com/fight-details/571a3eabff5c7ba7, http://www.ufcstats.com/fight-details/17d31249c9ab18af, http://www.ufcstats.com/fight-details/c0980a613f24accd, http://www.ufcstats.com/fight-details/3b4803afa824fea3, http://www.ufcstats.com/fight-details/8b809ba1880aded0, http://www.ufcstats.com/fight-details/6658fe4531c86674, http://www.ufcstats.com/fight-details/b23a1a5d35eb438a, http://www.ufcstats.com/fight-details/9efa4de316b8bf43",2026-05-13T20:25:11Z,2026-08-08T18:44:44Z
68a758a6-bd6a-5ec7-933e-72251614d52f,http://www.ufcstats.com/event-details/f354c50b8d63d9b3,UFC Fight Night: Du Plessis vs. Usman,2026-07-18,completed,"http://www.ufcstats.com/fight-details/701c97405da76603, http://www.ufcstats.com/fight-details/4eff5a845db17572, http://www.ufcstats.com/fight-details/f2abca7379982d4f, http://www.ufcstats.com/fight-details/52ddf20a10890b41, http://www.ufcstats.com/fight-details/c64c6ba6eb1e1d06, http://www.ufcstats.com/fight-details/3bd159c1bed14700, http://www.ufcstats.com/fight-details/f2eb569176e46edf, http://www.ufcstats.com/fight-details/46d800ce45fdd3e6, http://www.ufcstats.com/fight-details/9e525f939fba3e73, http://www.ufcstats.com/fight-details/410e6b9e01660b35, http://www.ufcstats.com/fight-details/e05155c1b5c2dc74, http://www.ufcstats.com/fight-details/307ea95ad7ebe466",2026-05-20T09:53:40Z,2026-08-08T18:44:47Z
6952ee17-a74d-5432-832f-b9c6d22f8e65,http://www.ufcstats.com/event-details/1a50e734bb54861a,UFC Fight Night: Medic vs. Rodriguez,2026-08-01,completed,"http://www.ufcstats.com/fight-details/68ae50dbf98dc15f, http://www.ufcstats.com/fight-details/0c3c835e681972d3, http://www.ufcstats.com/fight-details/eb8753ed0476b3d1, http://www.ufcstats.com/fight-details/f425b7a527dd53aa, http://www.ufcstats.com/fight-details/7ecb154439aca0f9, http://www.ufcstats.com/fight-details/fec91da886d80200, http://www.ufcstats.com/fight-details/fbd99ae7e1ff993a, http://www.ufcstats.com/fight-details/f1bce0c9a3fa4bcb, http://www.ufcstats.com/fight-details/4350abb4f1933f88, http://www.ufcstats.com/fight-details/13aa6688d0538095, http://www.ufcstats.com/fight-details/5425c577ed4f50b3, http://www.ufcstats.com/fight-details/f78f34ef2ee7b02c, http://www.ufcstats.com/fight-details/94cef172179c9778, http://www.ufcstats.com/fight-details/878a7e6fec3e4573",2026-05-31T22:56:23Z,2026-08-08T18:44:49Z
c9bf87c9-7f2f-52d0-a66f-37e018dc1473,http://www.ufcstats.com/event-details/495add4fbede0a44,UFC Fight Night: Gamrot vs. Salkilld,2026-08-08,completed,"http://www.ufcstats.com/fight-details/a10deecfb8558335, http://www.ufcstats.com/fight-details/d5245f5b96b8afdf, http://www.ufcstats.com/fight-details/06bfde3e3577906f, http://www.ufcstats.com/fight-details/13f31f7a784013a3, http://www.ufcstats.com/fight-details/f44ab9e9e4a89735, http://www.ufcstats.com/fight-details/3050549d19395f6f, http://www.ufcstats.com/fight-details/13380a8d6cdbb381, http://www.ufcstats.com/fight-details/64829a32c78ab656, http://www.ufcstats.com/fight-details/81ae2a465e0dfa4f, http://www.ufcstats.com/fight-details/1168a8e59aacfd72, http://www.ufcstats.com/fight-details/d463229133909215, http://www.ufcstats.com/fight-details/ded584e13276cbcb",2026-08-08T18:28:47Z,2026-08-08T18:28:47Z
712adbed-0219-50de-a4a5-0d73a2883ad5,http://www.ufcstats.com/event-details/55e94a9b525dcf45,UFC Fight Night: Buckley vs. Malott,2026-10-17,upcoming,"http://www.ufcstats.com/fight-details/c20c949ceba035f3, http://www.ufcstats.com/fight-details/49707683a6ebf34c, http://www.ufcstats.com/fight-details/16f8c3c83d56a25a, http://www.ufcstats.com/fight-details/250651ba9f60e12f, http://www.ufcstats.com/fight-details/fd666d5af0ba3082, http://www.ufcstats.com/fight-details/856716a6ee05e0ca, http://www.ufcstats.com/fight-details/f07778a744322922, http://www.ufcstats.com/fight-details/5192be72d199804c",2026-08-08T18:29:07Z,2026-08-16T19:50:42Z
524bea5d-d210-5cca-9809-713e8df7c593,http://www.ufcstats.com/event-details/8a0a35e7c74bebcc,UFC 331: Van vs. Pantoja 2,2026-09-19,upcoming,"http://www.ufcstats.com/fight-details/568ec6af4008355a, http://www.ufcstats.com/fight-details/fe612d20eec7ef35, http://www.ufcstats.com/fight-details/f7810c98786c3dd8, http://www.ufcstats.com/fight-details/e94b96416deaa28f, http://www.ufcstats.com/fight-details/196c64693a2ce308, http://www.ufcstats.com/fight-details/023ce4fa7b7b76f9, http://www.ufcstats.com/fight-details/d0361fe28d05a0b5, http://www.ufcstats.com/fight-details/3f2d637ffb324a51, http://www.ufcstats.com/fight-details/9be47241c960d082, http://www.ufcstats.com/fight-details/2e35163040eb3189, http://www.ufcstats.com/fight-details/73304588cef4f88b, http://www.ufcstats.com/fight-details/51789f77811b1817, http://www.ufcstats.com/fight-details/d89cc2cb92cd8407",2026-08-08T18:29:08Z,2026-08-16T19:50:44Z
01509142-4b12-58ee-a34c-8e5284ace0bf,http://www.ufcstats.com/event-details/638cfec7ec559d6e,Noche UFC: Rodriguez vs. Silva,2026-09-12,upcoming,"http://www.ufcstats.com/fight-details/9bc700bad35f79f9, http://www.ufcstats.com/fight-details/1aa008d8597a73b8, http://www.ufcstats.com/fight-details/d9712b45c094730e, http://www.ufcstats.com/fight-details/606639bf387f60e2, http://www.ufcstats.com/fight-details/51caa91f68873cf5, http://www.ufcstats.com/fight-details/f154037892b9fb94, http://www.ufcstats.com/fight-details/046c22f769fd8300, http://www.ufcstats.com/fight-details/16eb79208c221697, http://www.ufcstats.com/fight-details/64da2e60f1b472fa, http://www.ufcstats.com/fight-details/1fca7dfa9e1e15cb",2026-08-08T18:29:09Z,2026-08-16T19:50:44Z
221c654a-402a-5f1e-b73f-040f81e2d623,http://www.ufcstats.com/event-details/2144954270be834d,UFC Fight Night: Hooker vs. Parnasse,2026-09-05,upcoming,"http://www.ufcstats.com/fight-details/bba8c0ab999b9e6f, http://www.ufcstats.com/fight-details/55f698e5c4ed2c47, http://www.ufcstats.com/fight-details/c23197c7e4f2fd9d, http://www.ufcstats.com/fight-details/ad17c34e0cc7d702, http://www.ufcstats.com/fight-details/b90b099c1f47bb93, http://www.ufcstats.com/fight-details/b1c6ea7d7d413bd5, http://www.ufcstats.com/fight-details/cbf9063d23513661, http://www.ufcstats.com/fight-details/94d411112ebe8fad, http://www.ufcstats.com/fight-details/f6ed88cf830ddebc, http://www.ufcstats.com/fight-details/809ebb0cfdd01ce2, http://www.ufcstats.com/fight-details/e5fd7ef7ccf955b8",2026-08-08T18:29:10Z,2026-08-16T19:50:45Z
8a903865-2e28-542d-850c-eca381684233,http://www.ufcstats.com/event-details/9d61d8cb1c354867,UFC Fight Night: Nurmagomedov vs. Song,2026-08-29,upcoming,"http://www.ufcstats.com/fight-details/228fefc6923c40a5, http://www.ufcstats.com/fight-details/73cb6c4e060c4ee9, http://www.ufcstats.com/fight-details/4af8cb715ac0d459, http://www.ufcstats.com/fight-details/48a5d9c4592d2f2a, http://www.ufcstats.com/fight-details/81efb50e7487a7ea, http://www.ufcstats.com/fight-details/80f7f5405d5ffca0, http://www.ufcstats.com/fight-details/8a980234dab7ae43, http://www.ufcstats.com/fight-details/ec5281a72f09d8ac, http://www.ufcstats.com/fight-details/6206c62fc8f0b71b",2026-08-08T18:29:12Z,2026-08-16T19:50:47Z
c7f3aa1f-f4d4-5ec3-ad1c-d885a1a03f40,http://www.ufcstats.com/event-details/a0a69dc9914ef6e1,UFC Fight Night: Hernandez vs. Rodrigues,2026-08-22,upcoming,"http://www.ufcstats.com/fight-details/fb77b08a90b92d5b, http://www.ufcstats.com/fight-details/a57ccf31c5f6f82b, http://www.ufcstats.com/fight-details/0eba299c9b6760fa, http://www.ufcstats.com/fight-details/bf70d01518c80fba, http://www.ufcstats.com/fight-details/a4b3becc0cc394d7, http://www.ufcstats.com/fight-details/5d2c1c4dd444772f, http://www.ufcstats.com/fight-details/11e4a448ce1ae5e3, http://www.ufcstats.com/fight-details/bbd05484f8c8d739, http://www.ufcstats.com/fight-details/116dc88b63113f61, http://www.ufcstats.com/fight-details/2bbacf9ed3c64184, http://www.ufcstats.com/fight-details/97fb716bc7b8751a, http://www.ufcstats.com/fight-details/7e86f774f19e5e59, http://www.ufcstats.com/fight-details/a6873fd459587d17",2026-08-08T18:29:13Z,2026-08-16T19:50:41Z
5f24d9e2-0bc2-5607-a012-fa37c2478319,http://www.ufcstats.com/event-details/681d07e328798ec0,UFC Fight Night: Ankalaev vs. Guskov,2026-07-25,completed,"http://www.ufcstats.com/fight-details/9009ec7b91f2be14, http://www.ufcstats.com/fight-details/c36cd04f8f560f0a, http://www.ufcstats.com/fight-details/4ace64aa144389c5, http://www.ufcstats.com/fight-details/5ffb251c6ea48b65, http://www.ufcstats.com/fight-details/61280e5644189c61, http://www.ufcstats.com/fight-details/d7070ab1b2144f8d, http://www.ufcstats.com/fight-details/05bc7a042156b6f6, http://www.ufcstats.com/fight-details/f6e6b004f07363e9, http://www.ufcstats.com/fight-details/a122306d0ce5fbfb, http://www.ufcstats.com/fight-details/3ac870d6e7d323b7, http://www.ufcstats.com/fight-details/3859314324918eeb, http://www.ufcstats.com/fight-details/532340708f0500bd",2026-08-08T18:44:48Z,2026-08-08T18:44:48Z
